timestamp,open,high,low,close,volume
2026-09-14T00:00:00-04:00,7622.5,7623.0,7622.25,7622.5,0
2026-09-14T00:01:00-04:00,7622.75,7623.75,7622.75,7623.5,71
2026-09-14T00:02:00-04:00,7623.5,7623.75,7622.75,7623.0,34
2026-09-14T00:03:00-04:00,7623.5,7624.0,7623.5,7624.0,18
2026-09-14T00:04:00-04:00,7624.0,7624.0,7623.5,7624.0,57
2026-09-14T00:05:00-04:00,7624.0,7624.25,7623.25,7623.5,73
2026-09-14T00:06:00-04:00,7623.75,7624.25,7623.5,7623.75,77
2026-09-14T00:07:00-04:00,7624.25,7624.25,7623.75,7623.75,75
2026-09-14T00:08:00-04:00,7623.75,7623.75,7623.0,7623.0,52
2026-09-14T00:09:00-04:00,7622.75,7623.0,7622.5,7623.0,61
2026-09-14T00:10:00-04:00,7623.0,7623.0,7621.25,7621.25,134
2026-09-14T00:11:00-04:00,7621.25,7622.0,7620.75,7622.0,128
2026-09-14T00:12:00-04:00,7622.0,7622.0,7621.25,7621.5,76
2026-09-14T00:13:00-04:00,7621.5,7622.0,7621.25,7621.75,41
2026-09-14T00:14:00-04:00,7621.75,7621.75,7621.0,7621.25,109
2026-09-14T00:15:00-04:00,7621.25,7621.5,7621.0,7621.5,30
2026-09-14T00:16:00-04:00,7621.5,7621.75,7621.0,7621.5,63
2026-09-14T00:17:00-04:00,7621.25,7621.5,7620.75,7621.5,46
2026-09-14T00:18:00-04:00,7621.5,7622.0,7621.25,7621.75,30
2026-09-14T00:19:00-04:00,7622.0,7622.25,7621.75,7622.0,31
2026-09-14T00:20:00-04:00,7622.25,7622.25,7621.25,7621.25,44
2026-09-14T00:21:00-04:00,7621.5,7621.75,7621.5,7621.75,35
2026-09-14T00:22:00-04:00,7621.75,7621.75,7621.25,7621.5,35
2026-09-14T00:23:00-04:00,7621.75,7621.75,7621.5,7621.5,65
2026-09-14T00:24:00-04:00,7621.5,7622.25,7621.5,7622.25,93
2026-09-14T00:25:00-04:00,7622.0,7622.75,7622.0,7622.25,116
2026-09-14T00:26:00-04:00,7622.5,7622.75,7622.5,7622.5,16
2026-09-14T00:27:00-04:00,7622.75,7622.75,7622.25,7622.5,51
2026-09-14T00:28:00-04:00,7622.5,7622.75,7622.0,7622.0,107
2026-09-14T00:29:00-04:00,7622.25,7622.5,7621.75,7622.0,26
2026-09-14T00:30:00-04:00,7622.0,7622.0,7621.5,7621.5,46
2026-09-14T00:31:00-04:00,7621.5,7621.5,7620.0,7620.25,125
2026-09-14T00:32:00-04:00,7620.5,7620.75,7620.25,7620.5,49
2026-09-14T00:33:00-04:00,7620.5,7620.5,7619.5,7620.0,109
2026-09-14T00:34:00-04:00,7619.75,7620.25,7619.25,7619.75,125
2026-09-14T00:35:00-04:00,7619.5,7620.5,7619.5,7620.5,125
2026-09-14T00:36:00-04:00,7620.5,7620.5,7619.75,7619.75,66
2026-09-14T00:37:00-04:00,7619.75,7620.0,7619.25,7619.75,38
2026-09-14T00:38:00-04:00,7619.5,7620.5,7619.25,7620.25,144
2026-09-14T00:39:00-04:00,7620.5,7622.0,7620.5,7622.0,77
2026-09-14T00:40:00-04:00,7622.25,7622.75,7622.0,7622.25,67
2026-09-14T00:41:00-04:00,7622.0,7622.25,7621.75,7622.0,46
2026-09-14T00:42:00-04:00,7622.0,7622.0,7621.5,7621.75,58
2026-09-14T00:43:00-04:00,7621.75,7621.75,7620.5,7620.5,81
2026-09-14T00:44:00-04:00,7620.25,7620.5,7619.5,7620.0,61
2026-09-14T00:45:00-04:00,7620.25,7621.0,7620.25,7621.0,46
2026-09-14T00:46:00-04:00,7620.5,7621.5,7620.5,7621.5,43
2026-09-14T00:47:00-04:00,7621.25,7621.5,7621.0,7621.0,44
2026-09-14T00:48:00-04:00,7620.75,7621.75,7620.75,7621.75,65
2026-09-14T00:49:00-04:00,7622.0,7622.5,7621.75,7622.0,67
2026-09-14T00:50:00-04:00,7622.25,7623.25,7622.0,7623.25,97
2026-09-14T00:51:00-04:00,7623.0,7623.0,7621.5,7621.75,80
2026-09-14T00:52:00-04:00,7622.0,7622.5,7621.5,7621.5,78
2026-09-14T00:53:00-04:00,7621.25,7621.25,7620.5,7620.5,28
2026-09-14T00:54:00-04:00,7620.5,7620.75,7620.25,7620.5,28
2026-09-14T00:55:00-04:00,7620.5,7621.0,7620.5,7621.0,80
2026-09-14T00:56:00-04:00,7620.75,7621.25,7620.75,7620.75,67
2026-09-14T00:57:00-04:00,7620.75,7620.75,7619.5,7619.75,146
2026-09-14T00:58:00-04:00,7620.0,7620.25,7620.0,7620.25,26
2026-09-14T00:59:00-04:00,7620.0,7620.25,7620.0,7620.25,54
2026-09-14T01:00:00-04:00,7620.25,7620.75,7620.0,7620.75,79
2026-09-14T01:01:00-04:00,7620.75,7620.75,7620.25,7620.25,32
2026-09-14T01:02:00-04:00,7620.25,7620.25,7619.75,7619.75,94
2026-09-14T01:03:00-04:00,7619.75,7620.5,7619.5,7620.5,29
2026-09-14T01:04:00-04:00,7620.75,7621.0,7620.5,7620.75,62
2026-09-14T01:05:00-04:00,7620.5,7621.0,7620.25,7620.5,43
2026-09-14T01:06:00-04:00,7620.75,7621.25,7620.0,7620.0,68
2026-09-14T01:07:00-04:00,7620.0,7621.0,7620.0,7621.0,31
2026-09-14T01:08:00-04:00,7621.25,7621.25,7620.75,7620.75,25
2026-09-14T01:09:00-04:00,7620.5,7620.75,7620.25,7620.25,27
2026-09-14T01:10:00-04:00,7620.0,7620.25,7619.5,7619.5,86
2026-09-14T01:11:00-04:00,7619.5,7619.75,7618.75,7619.25,177
2026-09-14T01:12:00-04:00,7619.25,7620.0,7619.0,7619.75,200
2026-09-14T01:13:00-04:00,7619.5,7619.5,7618.5,7619.5,69
2026-09-14T01:14:00-04:00,7619.75,7620.5,7619.75,7620.25,28
2026-09-14T01:15:00-04:00,7620.25,7620.5,7619.75,7620.0,57
2026-09-14T01:16:00-04:00,7620.0,7620.0,7619.0,7619.0,32
2026-09-14T01:17:00-04:00,7618.75,7619.0,7618.75,7619.0,32
2026-09-14T01:18:00-04:00,7618.75,7619.0,7618.5,7618.5,28
2026-09-14T01:19:00-04:00,7618.75,7618.75,7618.5,7618.75,42
2026-09-14T01:20:00-04:00,7618.75,7618.75,7618.25,7618.25,62
2026-09-14T01:21:00-04:00,7618.25,7618.25,7617.25,7617.25,314
2026-09-14T01:22:00-04:00,7617.5,7617.75,7617.25,7617.5,83
2026-09-14T01:23:00-04:00,7617.5,7617.5,7616.5,7616.5,165
2026-09-14T01:24:00-04:00,7616.5,7616.5,7616.0,7616.25,119
2026-09-14T01:25:00-04:00,7616.25,7617.5,7616.25,7617.5,97
2026-09-14T01:26:00-04:00,7617.5,7618.5,7617.25,7618.5,84
2026-09-14T01:27:00-04:00,7618.5,7619.5,7618.5,7619.5,63
2026-09-14T01:28:00-04:00,7619.5,7619.75,7618.75,7618.75,60
2026-09-14T01:29:00-04:00,7618.75,7618.75,7618.25,7618.75,85
2026-09-14T01:30:00-04:00,7618.75,7619.25,7618.5,7618.75,83
2026-09-14T01:31:00-04:00,7618.75,7618.75,7617.75,7618.0,61
2026-09-14T01:32:00-04:00,7618.25,7619.25,7618.25,7619.25,105
2026-09-14T01:33:00-04:00,7619.25,7619.75,7619.0,7619.25,69
2026-09-14T01:34:00-04:00,7619.5,7619.5,7618.5,7619.0,46
2026-09-14T01:35:00-04:00,7618.75,7619.25,7618.25,7619.25,62
2026-09-14T01:36:00-04:00,7619.25,7619.5,7618.0,7618.25,101
2026-09-14T01:37:00-04:00,7618.5,7619.25,7618.5,7619.25,41
2026-09-14T01:38:00-04:00,7619.5,7619.75,7619.0,7619.75,38
2026-09-14T01:39:00-04:00,7619.75,7620.25,7619.0,7619.0,113
2026-09-14T01:40:00-04:00,7619.0,7619.25,7618.0,7618.25,37
2026-09-14T01:41:00-04:00,7618.0,7618.0,7616.75,7616.75,45
2026-09-14T01:42:00-04:00,7617.0,7617.0,7615.5,7615.75,211
2026-09-14T01:43:00-04:00,7615.5,7616.5,7615.25,7616.0,133
2026-09-14T01:44:00-04:00,7616.0,7616.75,7615.75,7616.75,124
2026-09-14T01:45:00-04:00,7616.75,7617.75,7616.75,7616.75,88
2026-09-14T01:46:00-04:00,7616.5,7617.5,7616.5,7616.5,68
2026-09-14T01:47:00-04:00,7616.5,7617.0,7616.25,7616.75,62
2026-09-14T01:48:00-04:00,7616.75,7616.75,7616.25,7616.5,119
2026-09-14T01:49:00-04:00,7616.5,7616.5,7615.5,7616.0,249
2026-09-14T01:50:00-04:00,7615.75,7616.0,7615.75,7615.75,62
2026-09-14T01:51:00-04:00,7615.75,7616.5,7615.5,7616.0,99
2026-09-14T01:52:00-04:00,7616.0,7616.5,7616.0,7616.25,115
2026-09-14T01:53:00-04:00,7616.5,7617.25,7616.0,7617.25,75
2026-09-14T01:54:00-04:00,7617.25,7619.0,7617.0,7619.0,110
2026-09-14T01:55:00-04:00,7619.25,7619.75,7619.0,7619.0,326
2026-09-14T01:56:00-04:00,7618.75,7619.25,7618.75,7618.75,56
2026-09-14T01:57:00-04:00,7618.5,7618.75,7617.75,7618.5,115
2026-09-14T01:58:00-04:00,7618.25,7619.0,7618.25,7619.0,43
2026-09-14T01:59:00-04:00,7619.25,7620.25,7619.0,7620.0,48
2026-09-14T02:00:00-04:00,7620.0,7621.5,7619.75,7619.75,244
2026-09-14T02:01:00-04:00,7619.75,7622.5,7619.75,7622.5,251
2026-09-14T02:02:00-04:00,7622.5,7623.0,7621.75,7622.0,217
2026-09-14T02:03:00-04:00,7622.25,7623.25,7621.5,7621.75,161
2026-09-14T02:04:00-04:00,7622.0,7622.75,7622.0,7622.5,92
2026-09-14T02:05:00-04:00,7622.5,7623.0,7622.0,7622.0,132
2026-09-14T02:06:00-04:00,7622.0,7622.25,7621.5,7621.5,74
2026-09-14T02:07:00-04:00,7621.5,7623.5,7621.5,7623.5,61
2026-09-14T02:08:00-04:00,7623.25,7623.5,7622.75,7623.0,102
2026-09-14T02:09:00-04:00,7622.75,7623.0,7622.25,7622.75,45
2026-09-14T02:10:00-04:00,7622.5,7622.75,7622.0,7622.75,52
2026-09-14T02:11:00-04:00,7622.75,7624.75,7622.75,7623.75,124
2026-09-14T02:12:00-04:00,7623.75,7624.0,7622.75,7622.75,65
2026-09-14T02:13:00-04:00,7622.5,7623.75,7622.5,7623.0,103
2026-09-14T02:14:00-04:00,7623.0,7623.75,7622.5,7623.5,44
2026-09-14T02:15:00-04:00,7623.5,7623.5,7623.0,7623.25,36
2026-09-14T02:16:00-04:00,7623.5,7624.25,7623.25,7624.0,151
2026-09-14T02:17:00-04:00,7624.0,7624.25,7623.5,7623.5,35
2026-09-14T02:18:00-04:00,7623.25,7623.25,7622.75,7623.0,52
2026-09-14T02:19:00-04:00,7623.0,7623.75,7623.0,7623.5,124
2026-09-14T02:20:00-04:00,7623.25,7624.0,7623.25,7623.75,75
2026-09-14T02:21:00-04:00,7623.75,7624.0,7621.75,7622.25,127
2026-09-14T02:22:00-04:00,7622.0,7622.25,7621.25,7621.25,115
2026-09-14T02:23:00-04:00,7621.0,7622.0,7621.0,7622.0,80
2026-09-14T02:24:00-04:00,7622.25,7623.25,7622.25,7623.0,57
2026-09-14T02:25:00-04:00,7623.0,7623.5,7622.5,7622.75,74
2026-09-14T02:26:00-04:00,7622.75,7623.25,7622.5,7623.25,93
2026-09-14T02:27:00-04:00,7623.25,7623.75,7622.0,7622.25,476
2026-09-14T02:28:00-04:00,7622.5,7622.75,7621.75,7621.75,304
2026-09-14T02:29:00-04:00,7622.0,7622.5,7621.0,7621.0,223
2026-09-14T02:30:00-04:00,7621.0,7621.0,7620.25,7620.25,360
2026-09-14T02:31:00-04:00,7620.25,7620.75,7618.25,7618.25,399
2026-09-14T02:32:00-04:00,7618.25,7618.5,7617.5,7617.5,220
2026-09-14T02:33:00-04:00,7617.5,7618.0,7617.0,7617.5,230
2026-09-14T02:34:00-04:00,7617.5,7617.75,7616.25,7617.25,139
2026-09-14T02:35:00-04:00,7617.25,7617.5,7616.25,7616.25,72
2026-09-14T02:36:00-04:00,7616.25,7617.5,7616.0,7617.25,89
2026-09-14T02:37:00-04:00,7617.25,7617.25,7616.25,7616.25,84
2026-09-14T02:38:00-04:00,7616.0,7617.25,7616.0,7617.0,47
2026-09-14T02:39:00-04:00,7617.25,7617.25,7616.75,7616.75,33
2026-09-14T02:40:00-04:00,7616.5,7616.75,7616.0,7616.75,124
2026-09-14T02:41:00-04:00,7617.25,7617.25,7615.75,7616.5,126
2026-09-14T02:42:00-04:00,7616.5,7616.5,7613.0,7613.75,439
2026-09-14T02:43:00-04:00,7613.5,7614.5,7612.25,7612.5,438
2026-09-14T02:44:00-04:00,7612.5,7614.25,7612.25,7614.25,240
2026-09-14T02:45:00-04:00,7614.5,7615.5,7614.25,7614.75,118
2026-09-14T02:46:00-04:00,7614.75,7615.25,7614.25,7615.25,66
2026-09-14T02:47:00-04:00,7615.25,7615.25,7614.75,7614.75,63
2026-09-14T02:48:00-04:00,7614.75,7615.25,7613.25,7613.25,133
2026-09-14T02:49:00-04:00,7613.25,7613.25,7612.0,7612.0,290
2026-09-14T02:50:00-04:00,7612.25,7612.75,7611.75,7611.75,181
2026-09-14T02:51:00-04:00,7611.75,7612.0,7611.5,7612.0,269
2026-09-14T02:52:00-04:00,7611.75,7614.25,7611.75,7613.75,143
2026-09-14T02:53:00-04:00,7613.75,7614.0,7613.0,7613.0,333
2026-09-14T02:54:00-04:00,7613.0,7613.0,7612.25,7613.0,339
2026-09-14T02:55:00-04:00,7613.25,7613.75,7612.75,7612.75,180
2026-09-14T02:56:00-04:00,7612.75,7612.75,7611.75,7611.75,160
2026-09-14T02:57:00-04:00,7611.75,7611.75,7606.25,7608.5,894
2026-09-14T02:58:00-04:00,7608.75,7610.75,7608.75,7610.25,352
2026-09-14T02:59:00-04:00,7610.25,7610.25,7609.0,7609.5,331
2026-09-14T03:00:00-04:00,7609.75,7610.75,7607.25,7608.5,727
2026-09-14T03:01:00-04:00,7608.5,7609.5,7607.25,7608.5,167
2026-09-14T03:02:00-04:00,7608.25,7611.0,7608.0,7610.0,205
2026-09-14T03:03:00-04:00,7610.0,7610.0,7608.5,7608.75,258
2026-09-14T03:04:00-04:00,7608.75,7613.5,7608.5,7613.5,475
2026-09-14T03:05:00-04:00,7613.5,7615.25,7613.0,7614.25,354
2026-09-14T03:06:00-04:00,7614.0,7615.0,7612.5,7612.5,125
2026-09-14T03:07:00-04:00,7612.75,7613.75,7611.5,7612.25,253
2026-09-14T03:08:00-04:00,7612.25,7613.25,7611.5,7613.0,198
2026-09-14T03:09:00-04:00,7613.0,7613.25,7612.0,7613.25,297
2026-09-14T03:10:00-04:00,7613.25,7613.5,7611.25,7612.25,367
2026-09-14T03:11:00-04:00,7612.25,7613.25,7611.75,7613.25,207
2026-09-14T03:12:00-04:00,7613.0,7613.25,7611.75,7612.25,290
2026-09-14T03:13:00-04:00,7612.25,7614.0,7612.0,7613.75,358
2026-09-14T03:14:00-04:00,7613.75,7615.5,7613.5,7614.5,382
2026-09-14T03:15:00-04:00,7614.5,7614.75,7613.5,7613.5,156
2026-09-14T03:16:00-04:00,7614.0,7615.25,7613.5,7614.5,258
2026-09-14T03:17:00-04:00,7614.5,7615.0,7613.75,7614.5,136
2026-09-14T03:18:00-04:00,7614.5,7614.5,7612.25,7614.0,128
2026-09-14T03:19:00-04:00,7614.0,7614.25,7612.0,7612.75,112
2026-09-14T03:20:00-04:00,7612.5,7612.75,7610.75,7612.25,286
2026-09-14T03:21:00-04:00,7612.25,7612.75,7611.75,7612.75,107
2026-09-14T03:22:00-04:00,7612.75,7613.25,7612.5,7613.0,131
2026-09-14T03:23:00-04:00,7613.25,7614.5,7612.75,7614.5,186
2026-09-14T03:24:00-04:00,7614.5,7615.25,7613.75,7614.0,174
2026-09-14T03:25:00-04:00,7614.25,7614.5,7612.0,7612.25,393
2026-09-14T03:26:00-04:00,7612.0,7613.5,7612.0,7613.0,380
2026-09-14T03:27:00-04:00,7613.0,7613.5,7611.0,7612.0,163
2026-09-14T03:28:00-04:00,7612.0,7612.75,7611.5,7612.0,176
2026-09-14T03:29:00-04:00,7611.75,7611.75,7610.75,7611.25,91
2026-09-14T03:30:00-04:00,7611.25,7612.75,7610.75,7612.25,168
2026-09-14T03:31:00-04:00,7612.5,7613.0,7611.75,7612.5,679
2026-09-14T03:32:00-04:00,7612.0,7612.0,7610.5,7611.75,424
2026-09-14T03:33:00-04:00,7611.5,7611.75,7611.0,7611.5,158
2026-09-14T03:34:00-04:00,7611.5,7611.5,7610.5,7611.5,80
2026-09-14T03:35:00-04:00,7611.25,7612.0,7611.0,7611.25,301
2026-09-14T03:36:00-04:00,7611.0,7611.5,7610.0,7611.25,667
2026-09-14T03:37:00-04:00,7611.25,7611.25,7610.5,7610.5,219
2026-09-14T03:38:00-04:00,7610.75,7611.0,7610.25,7610.75,134
2026-09-14T03:39:00-04:00,7611.0,7611.0,7609.5,7610.25,328
2026-09-14T03:40:00-04:00,7610.25,7611.25,7610.0,7610.25,372
2026-09-14T03:41:00-04:00,7610.25,7610.75,7608.75,7609.25,240
2026-09-14T03:42:00-04:00,7609.25,7609.25,7606.75,7607.5,1095
2026-09-14T03:43:00-04:00,7607.75,7608.0,7606.5,7607.0,712
2026-09-14T03:44:00-04:00,7606.75,7606.75,7605.25,7606.0,540
2026-09-14T03:45:00-04:00,7606.25,7607.5,7606.0,7606.0,288
2026-09-14T03:46:00-04:00,7605.75,7606.5,7605.25,7606.25,361
2026-09-14T03:47:00-04:00,7606.25,7606.5,7604.5,7606.25,296
2026-09-14T03:48:00-04:00,7606.25,7608.25,7606.25,7606.75,355
2026-09-14T03:49:00-04:00,7606.75,7608.0,7606.5,7607.75,1283
2026-09-14T03:50:00-04:00,7608.0,7608.25,7606.5,7606.5,124
2026-09-14T03:51:00-04:00,7606.25,7607.0,7605.75,7606.0,263
2026-09-14T03:52:00-04:00,7605.75,7605.75,7604.0,7605.0,327
2026-09-14T03:53:00-04:00,7604.75,7605.25,7604.0,7604.75,294
2026-09-14T03:54:00-04:00,7605.0,7606.0,7604.75,7606.0,129
2026-09-14T03:55:00-04:00,7605.75,7606.5,7605.75,7606.5,679
2026-09-14T03:56:00-04:00,7606.25,7607.5,7606.25,7607.0,208
2026-09-14T03:57:00-04:00,7606.75,7607.75,7606.5,7607.5,184
2026-09-14T03:58:00-04:00,7607.5,7609.0,7606.75,7609.0,276
2026-09-14T03:59:00-04:00,7609.0,7609.0,7608.0,7608.5,343
2026-09-14T04:00:00-04:00,7608.75,7609.75,7607.75,7608.0,349
2026-09-14T04:01:00-04:00,7608.0,7609.25,7607.5,7607.75,273
2026-09-14T04:02:00-04:00,7608.0,7609.25,7607.25,7608.25,427
2026-09-14T04:03:00-04:00,7608.25,7611.25,7608.0,7611.0,295
2026-09-14T04:04:00-04:00,7611.25,7613.25,7610.75,7611.75,1024
2026-09-14T04:05:00-04:00,7611.75,7612.75,7610.0,7612.25,774
2026-09-14T04:06:00-04:00,7612.25,7613.5,7611.5,7612.25,347
2026-09-14T04:07:00-04:00,7612.25,7612.75,7610.5,7611.5,1789
2026-09-14T04:08:00-04:00,7611.25,7612.0,7611.25,7612.0,137
2026-09-14T04:09:00-04:00,7611.75,7613.0,7611.5,7613.0,271
2026-09-14T04:10:00-04:00,7613.25,7613.25,7610.5,7610.75,193
2026-09-14T04:11:00-04:00,7611.0,7611.25,7610.5,7610.75,154
2026-09-14T04:12:00-04:00,7610.75,7610.75,7609.5,7609.75,386
2026-09-14T04:13:00-04:00,7609.5,7610.5,7608.25,7608.25,380
2026-09-14T04:14:00-04:00,7608.25,7610.75,7608.25,7610.25,326
2026-09-14T04:15:00-04:00,7610.25,7610.5,7609.0,7609.0,161
2026-09-14T04:16:00-04:00,7608.75,7609.5,7608.75,7609.25,152
2026-09-14T04:17:00-04:00,7609.25,7609.75,7608.75,7609.25,184
2026-09-14T04:18:00-04:00,7609.0,7609.0,7607.5,7607.75,147
2026-09-14T04:19:00-04:00,7607.75,7608.25,7606.25,7607.5,168
2026-09-14T04:20:00-04:00,7607.25,7608.75,7607.25,7608.0,194
2026-09-14T04:21:00-04:00,7608.25,7609.0,7608.25,7608.5,206
2026-09-14T04:22:00-04:00,7608.5,7608.75,7606.75,7607.5,368
2026-09-14T04:23:00-04:00,7607.5,7608.0,7607.0,7607.25,182
2026-09-14T04:24:00-04:00,7607.5,7607.5,7606.25,7606.5,208
2026-09-14T04:25:00-04:00,7606.75,7607.5,7606.75,7607.0,246
2026-09-14T04:26:00-04:00,7606.75,7607.0,7605.75,7606.75,136
2026-09-14T04:27:00-04:00,7606.75,7606.75,7606.25,7606.5,172
2026-09-14T04:28:00-04:00,7606.5,7606.75,7605.5,7605.75,189
2026-09-14T04:29:00-04:00,7605.5,7605.5,7603.5,7603.75,732
2026-09-14T04:30:00-04:00,7603.75,7605.75,7603.75,7605.75,649
2026-09-14T04:31:00-04:00,7605.5,7606.75,7605.25,7605.75,363
2026-09-14T04:32:00-04:00,7605.5,7606.75,7605.5,7606.25,291
2026-09-14T04:33:00-04:00,7606.25,7606.5,7605.0,7605.5,182
2026-09-14T04:34:00-04:00,7605.75,7606.0,7604.75,7605.75,319
2026-09-14T04:35:00-04:00,7605.75,7608.0,7605.75,7608.0,1074
2026-09-14T04:36:00-04:00,7607.75,7608.5,7606.5,7607.25,162
2026-09-14T04:37:00-04:00,7607.25,7609.25,7607.25,7608.5,188
2026-09-14T04:38:00-04:00,7608.5,7609.0,7608.0,7608.0,114
2026-09-14T04:39:00-04:00,7607.75,7609.0,7607.75,7609.0,174
2026-09-14T04:40:00-04:00,7609.5,7610.75,7607.0,7607.75,1165
2026-09-14T04:41:00-04:00,7608.25,7609.5,7607.5,7609.5,208
2026-09-14T04:42:00-04:00,7609.5,7610.25,7609.0,7609.25,233
2026-09-14T04:43:00-04:00,7609.25,7609.5,7607.75,7608.0,348
2026-09-14T04:44:00-04:00,7608.0,7608.0,7607.25,7607.75,232
2026-09-14T04:45:00-04:00,7607.75,7609.0,7606.5,7607.0,286
2026-09-14T04:46:00-04:00,7606.75,7607.0,7606.0,7606.0,206
2026-09-14T04:47:00-04:00,7605.75,7607.0,7604.75,7605.0,198
2026-09-14T04:48:00-04:00,7605.0,7605.25,7604.25,7604.75,454
2026-09-14T04:49:00-04:00,7604.5,7605.0,7600.0,7604.75,1272
2026-09-14T04:50:00-04:00,7604.75,7605.25,7604.0,7604.75,118
2026-09-14T04:51:00-04:00,7604.5,7605.25,7604.25,7605.0,167
2026-09-14T04:52:00-04:00,7605.25,7606.5,7604.5,7606.25,137
2026-09-14T04:53:00-04:00,7606.0,7606.0,7603.25,7603.5,278
2026-09-14T04:54:00-04:00,7603.5,7603.5,7602.0,7602.25,163
2026-09-14T04:55:00-04:00,7602.5,7604.5,7602.25,7604.0,156
2026-09-14T04:56:00-04:00,7603.75,7604.0,7602.0,7602.5,150
2026-09-14T04:57:00-04:00,7602.5,7603.0,7602.5,7603.0,722
2026-09-14T04:58:00-04:00,7603.25,7605.75,7603.25,7605.5,164
2026-09-14T04:59:00-04:00,7605.5,7608.25,7605.5,7608.25,307
2026-09-14T05:00:00-04:00,7608.0,7609.75,7607.0,7608.5,447
2026-09-14T05:01:00-04:00,7608.5,7609.5,7607.75,7609.25,157
2026-09-14T05:02:00-04:00,7609.25,7609.5,7607.25,7607.5,288
2026-09-14T05:03:00-04:00,7607.5,7608.5,7607.5,7608.0,189
2026-09-14T05:04:00-04:00,7608.0,7608.25,7606.25,7606.75,271
2026-09-14T05:05:00-04:00,7607.0,7607.5,7606.5,7606.5,188
2026-09-14T05:06:00-04:00,7606.5,7607.0,7606.25,7606.5,423
2026-09-14T05:07:00-04:00,7606.25,7606.75,7606.0,7606.25,156
2026-09-14T05:08:00-04:00,7606.25,7607.5,7605.5,7607.0,123
2026-09-14T05:09:00-04:00,7607.0,7607.75,7605.5,7606.25,716
2026-09-14T05:10:00-04:00,7606.25,7607.5,7605.5,7606.5,161
2026-09-14T05:11:00-04:00,7606.5,7606.5,7602.5,7603.0,517
2026-09-14T05:12:00-04:00,7603.0,7603.25,7600.75,7600.75,733
2026-09-14T05:13:00-04:00,7600.75,7601.25,7599.25,7600.5,912
2026-09-14T05:14:00-04:00,7600.5,7601.0,7599.75,7601.0,90
2026-09-14T05:15:00-04:00,7601.0,7601.25,7598.0,7599.25,330
2026-09-14T05:16:00-04:00,7599.5,7600.0,7599.0,7599.25,153
2026-09-14T05:17:00-04:00,7599.0,7599.75,7598.5,7599.75,358
2026-09-14T05:18:00-04:00,7599.5,7600.25,7598.0,7598.5,359
2026-09-14T05:19:00-04:00,7598.25,7598.75,7597.5,7598.25,447
2026-09-14T05:20:00-04:00,7598.25,7599.0,7598.0,7598.5,294
2026-09-14T05:21:00-04:00,7598.5,7598.75,7596.5,7597.25,668
2026-09-14T05:22:00-04:00,7597.25,7597.5,7596.25,7597.0,415
2026-09-14T05:23:00-04:00,7596.75,7597.25,7596.5,7596.5,146
2026-09-14T05:24:00-04:00,7596.5,7597.0,7593.75,7595.0,787
2026-09-14T05:25:00-04:00,7595.0,7596.25,7594.0,7594.75,541
2026-09-14T05:26:00-04:00,7594.75,7596.25,7594.5,7595.75,302
2026-09-14T05:27:00-04:00,7595.75,7597.5,7595.75,7597.5,446
2026-09-14T05:28:00-04:00,7597.5,7598.5,7597.5,7598.25,475
2026-09-14T05:29:00-04:00,7598.25,7600.5,7598.0,7599.25,1246
2026-09-14T05:30:00-04:00,7599.0,7600.75,7599.0,7600.25,1080
2026-09-14T05:31:00-04:00,7600.25,7601.0,7599.0,7599.5,569
2026-09-14T05:32:00-04:00,7599.5,7600.75,7598.5,7598.75,189
2026-09-14T05:33:00-04:00,7598.5,7601.25,7598.5,7600.25,428
2026-09-14T05:34:00-04:00,7600.75,7600.75,7598.75,7599.25,787
2026-09-14T05:35:00-04:00,7599.0,7599.0,7597.25,7597.75,619
2026-09-14T05:36:00-04:00,7597.75,7598.25,7597.5,7598.0,2048
2026-09-14T05:37:00-04:00,7598.0,7598.5,7597.5,7598.25,250
2026-09-14T05:38:00-04:00,7598.25,7598.75,7597.5,7597.5,355
2026-09-14T05:39:00-04:00,7597.5,7597.5,7595.25,7596.0,426
2026-09-14T05:40:00-04:00,7596.0,7599.25,7595.0,7595.0,1625
2026-09-14T05:41:00-04:00,7595.25,7596.5,7595.25,7596.25,399
2026-09-14T05:42:00-04:00,7596.25,7597.75,7595.75,7595.75,642
2026-09-14T05:43:00-04:00,7595.75,7596.25,7595.5,7595.75,711
2026-09-14T05:44:00-04:00,7595.75,7595.75,7594.5,7595.0,335
2026-09-14T05:45:00-04:00,7595.25,7595.75,7594.25,7595.5,376
2026-09-14T05:46:00-04:00,7595.5,7596.0,7594.75,7595.25,450
2026-09-14T05:47:00-04:00,7595.5,7596.0,7595.25,7595.75,437
2026-09-14T05:48:00-04:00,7595.75,7597.75,7595.75,7596.75,379
2026-09-14T05:49:00-04:00,7596.75,7596.75,7595.0,7595.5,630
2026-09-14T05:50:00-04:00,7595.5,7595.75,7594.5,7594.75,320
2026-09-14T05:51:00-04:00,7594.75,7596.25,7594.5,7595.5,492
2026-09-14T05:52:00-04:00,7595.5,7597.5,7595.5,7597.0,461
2026-09-14T05:53:00-04:00,7597.0,7598.0,7597.0,7598.0,293
2026-09-14T05:54:00-04:00,7597.75,7598.5,7597.5,7598.0,223
2026-09-14T05:55:00-04:00,7598.25,7598.75,7596.75,7597.0,537
2026-09-14T05:56:00-04:00,7596.75,7597.0,7595.5,7596.75,540
2026-09-14T05:57:00-04:00,7596.5,7597.5,7596.25,7596.75,388
2026-09-14T05:58:00-04:00,7596.75,7596.75,7595.25,7595.25,500
2026-09-14T05:59:00-04:00,7595.25,7596.5,7594.75,7596.5,269
2026-09-14T06:00:00-04:00,7596.5,7598.0,7596.5,7597.75,278
2026-09-14T06:01:00-04:00,7597.5,7597.75,7596.25,7596.75,418
2026-09-14T06:02:00-04:00,7596.75,7598.75,7596.25,7598.0,555
2026-09-14T06:03:00-04:00,7597.75,7598.0,7596.5,7597.0,267
2026-09-14T06:04:00-04:00,7597.25,7598.0,7597.0,7597.25,274
2026-09-14T06:05:00-04:00,7597.5,7598.5,7597.5,7598.5,256
2026-09-14T06:06:00-04:00,7598.75,7599.25,7597.25,7597.25,204
2026-09-14T06:07:00-04:00,7597.25,7597.75,7597.25,7597.75,278
2026-09-14T06:08:00-04:00,7597.75,7598.0,7597.0,7597.25,137
2026-09-14T06:09:00-04:00,7597.25,7598.5,7597.25,7598.25,361
2026-09-14T06:10:00-04:00,7598.25,7598.5,7597.5,7598.25,185
2026-09-14T06:11:00-04:00,7598.25,7599.0,7597.75,7599.0,385
2026-09-14T06:12:00-04:00,7599.0,7600.75,7599.0,7599.75,261
2026-09-14T06:13:00-04:00,7599.75,7600.5,7599.75,7600.0,240
2026-09-14T06:14:00-04:00,7600.0,7600.0,7598.5,7599.25,453
2026-09-14T06:15:00-04:00,7599.5,7599.75,7598.75,7598.75,183
2026-09-14T06:16:00-04:00,7599.0,7599.0,7596.25,7597.25,349
2026-09-14T06:17:00-04:00,7597.5,7597.5,7596.25,7596.75,331
2026-09-14T06:18:00-04:00,7596.75,7597.5,7596.5,7596.75,479
2026-09-14T06:19:00-04:00,7596.75,7597.75,7596.75,7597.75,1125
2026-09-14T06:20:00-04:00,7598.0,7599.75,7597.75,7599.75,180
2026-09-14T06:21:00-04:00,7599.75,7602.25,7599.25,7601.75,698
2026-09-14T06:22:00-04:00,7601.75,7602.5,7601.5,7601.75,233
2026-09-14T06:23:00-04:00,7601.5,7602.25,7601.25,7601.75,297
2026-09-14T06:24:00-04:00,7601.75,7603.25,7601.75,7602.0,229
2026-09-14T06:25:00-04:00,7602.25,7603.0,7602.0,7603.0,226
2026-09-14T06:26:00-04:00,7603.25,7603.25,7602.5,7602.75,206
2026-09-14T06:27:00-04:00,7602.75,7603.25,7602.5,7602.75,184
2026-09-14T06:28:00-04:00,7603.0,7604.5,7602.75,7604.0,414
2026-09-14T06:29:00-04:00,7603.75,7604.0,7603.5,7604.0,311
2026-09-14T06:30:00-04:00,7604.0,7604.5,7603.5,7603.75,83
2026-09-14T06:31:00-04:00,7603.75,7605.0,7603.25,7604.0,276
2026-09-14T06:32:00-04:00,7604.0,7604.0,7603.25,7603.75,253
2026-09-14T06:33:00-04:00,7603.75,7605.5,7603.75,7605.0,118
2026-09-14T06:34:00-04:00,7604.5,7605.5,7604.5,7605.0,99
2026-09-14T06:35:00-04:00,7605.25,7605.75,7605.25,7605.75,66
2026-09-14T06:36:00-04:00,7605.5,7607.25,7605.5,7606.75,244
2026-09-14T06:37:00-04:00,7606.5,7607.25,7606.25,7606.5,174
2026-09-14T06:38:00-04:00,7606.5,7607.0,7606.0,7606.75,145
2026-09-14T06:39:00-04:00,7606.75,7606.75,7605.25,7605.25,360
2026-09-14T06:40:00-04:00,7605.5,7605.75,7605.25,7605.25,974
2026-09-14T06:41:00-04:00,7605.25,7607.75,7605.25,7607.75,88
2026-09-14T06:42:00-04:00,7608.0,7609.0,7608.0,7608.25,172
2026-09-14T06:43:00-04:00,7608.5,7608.5,7607.5,7607.5,149
2026-09-14T06:44:00-04:00,7607.25,7608.25,7606.75,7607.75,1016
2026-09-14T06:45:00-04:00,7607.75,7608.75,7607.5,7608.25,103
2026-09-14T06:46:00-04:00,7608.5,7608.75,7607.5,7608.0,301
2026-09-14T06:47:00-04:00,7608.0,7608.75,7607.5,7608.75,115
2026-09-14T06:48:00-04:00,7608.75,7609.75,7608.5,7609.25,142
2026-09-14T06:49:00-04:00,7609.5,7609.5,7608.5,7608.75,263
2026-09-14T06:50:00-04:00,7609.0,7609.25,7608.75,7609.0,219
2026-09-14T06:51:00-04:00,7609.0,7609.5,7609.0,7609.25,217
2026-09-14T06:52:00-04:00,7609.0,7609.0,7607.5,7608.0,1573
2026-09-14T06:53:00-04:00,7608.25,7608.75,7607.5,7607.5,139
2026-09-14T06:54:00-04:00,7607.25,7607.25,7606.0,7607.0,475
2026-09-14T06:55:00-04:00,7606.75,7608.25,7606.75,7608.25,141
2026-09-14T06:56:00-04:00,7608.5,7609.75,7608.25,7609.75,145
2026-09-14T06:57:00-04:00,7609.75,7610.25,7608.75,7609.0,113
2026-09-14T06:58:00-04:00,7609.0,7610.0,7609.0,7609.75,484
2026-09-14T06:59:00-04:00,7609.75,7610.75,7609.25,7609.25,819
2026-09-14T07:00:00-04:00,7609.25,7609.25,7607.0,7608.5,915
2026-09-14T07:01:00-04:00,7609.0,7610.0,7608.75,7609.5,132
2026-09-14T07:02:00-04:00,7609.5,7611.25,7609.5,7609.75,393
2026-09-14T07:03:00-04:00,7610.0,7610.0,7608.0,7609.75,319
2026-09-14T07:04:00-04:00,7610.0,7612.25,7609.25,7612.0,818
2026-09-14T07:05:00-04:00,7611.75,7612.75,7611.0,7611.25,2591
2026-09-14T07:06:00-04:00,7611.0,7612.75,7611.0,7612.5,172
2026-09-14T07:07:00-04:00,7612.5,7613.0,7611.0,7612.0,353
2026-09-14T07:08:00-04:00,7612.25,7612.25,7611.5,7612.25,274
2026-09-14T07:09:00-04:00,7612.25,7613.0,7611.75,7612.25,221
2026-09-14T07:10:00-04:00,7612.5,7612.5,7609.75,7610.0,225
2026-09-14T07:11:00-04:00,7610.25,7613.5,7610.0,7613.0,272
2026-09-14T07:12:00-04:00,7612.75,7613.75,7612.75,7613.75,333
2026-09-14T07:13:00-04:00,7613.75,7613.75,7613.0,7613.0,799
2026-09-14T07:14:00-04:00,7613.0,7613.5,7611.75,7611.75,299
2026-09-14T07:15:00-04:00,7612.0,7613.25,7612.0,7612.75,321
2026-09-14T07:16:00-04:00,7612.75,7613.5,7612.5,7612.75,255
2026-09-14T07:17:00-04:00,7612.75,7613.75,7612.75,7613.75,669
2026-09-14T07:18:00-04:00,7613.5,7613.75,7613.25,7613.75,263
2026-09-14T07:19:00-04:00,7613.75,7613.75,7613.0,7613.5,694
2026-09-14T07:20:00-04:00,7613.25,7614.75,7613.25,7614.5,447
2026-09-14T07:21:00-04:00,7614.5,7614.5,7612.5,7613.0,2669
2026-09-14T07:22:00-04:00,7613.0,7613.75,7612.75,7613.0,666
2026-09-14T07:23:00-04:00,7613.0,7615.0,7613.0,7614.25,326
2026-09-14T07:24:00-04:00,7614.5,7615.25,7614.5,7615.0,1427
2026-09-14T07:25:00-04:00,7615.0,7615.25,7614.25,7614.75,1734
2026-09-14T07:26:00-04:00,7614.75,7616.25,7614.75,7615.75,457
2026-09-14T07:27:00-04:00,7615.5,7616.25,7615.0,7615.75,317
2026-09-14T07:28:00-04:00,7615.75,7617.25,7615.75,7617.25,291
2026-09-14T07:29:00-04:00,7617.25,7617.5,7616.5,7616.5,2336
2026-09-14T07:30:00-04:00,7616.75,7617.0,7616.25,7617.0,376
2026-09-14T07:31:00-04:00,7617.0,7617.75,7616.5,7616.5,275
2026-09-14T07:32:00-04:00,7616.5,7617.25,7616.0,7616.0,126
2026-09-14T07:33:00-04:00,7616.25,7616.25,7614.75,7615.5,206
2026-09-14T07:34:00-04:00,7615.25,7615.25,7613.0,7613.5,321
2026-09-14T07:35:00-04:00,7613.5,7614.25,7612.75,7612.75,243
2026-09-14T07:36:00-04:00,7612.75,7613.0,7612.5,7613.0,225
2026-09-14T07:37:00-04:00,7612.75,7612.75,7610.5,7612.5,920
2026-09-14T07:38:00-04:00,7612.75,7614.75,7612.25,7614.75,189
2026-09-14T07:39:00-04:00,7614.5,7614.75,7613.0,7614.0,336
2026-09-14T07:40:00-04:00,7614.25,7615.25,7613.5,7614.75,129
2026-09-14T07:41:00-04:00,7615.0,7615.5,7613.75,7614.0,156
2026-09-14T07:42:00-04:00,7614.0,7615.25,7613.75,7615.25,387
2026-09-14T07:43:00-04:00,7615.25,7617.5,7615.25,7616.25,521
2026-09-14T07:44:00-04:00,7616.25,7616.75,7614.75,7615.0,678
2026-09-14T07:45:00-04:00,7615.0,7617.25,7613.75,7616.25,1299
2026-09-14T07:46:00-04:00,7616.0,7616.5,7615.5,7615.75,318
2026-09-14T07:47:00-04:00,7615.5,7616.25,7615.25,7616.0,90
2026-09-14T07:48:00-04:00,7615.75,7616.0,7613.75,7615.0,291
2026-09-14T07:49:00-04:00,7615.0,7616.75,7615.0,7616.0,281
2026-09-14T07:50:00-04:00,7615.75,7616.0,7613.0,7613.25,499
2026-09-14T07:51:00-04:00,7613.25,7614.75,7612.75,7614.5,216
2026-09-14T07:52:00-04:00,7614.25,7614.25,7611.75,7612.75,692
2026-09-14T07:53:00-04:00,7612.5,7613.0,7612.0,7612.25,249
2026-09-14T07:54:00-04:00,7612.25,7613.5,7612.0,7613.25,217
2026-09-14T07:55:00-04:00,7613.5,7614.5,7612.75,7613.75,1228
2026-09-14T07:56:00-04:00,7613.75,7614.0,7611.25,7612.0,257
2026-09-14T07:57:00-04:00,7612.0,7612.75,7611.75,7612.25,281
2026-09-14T07:58:00-04:00,7612.25,7612.25,7611.25,7612.0,130
2026-09-14T07:59:00-04:00,7612.25,7612.25,7611.5,7611.5,172
2026-09-14T08:00:00-04:00,7611.5,7611.75,7609.5,7609.5,502
2026-09-14T08:01:00-04:00,7609.75,7610.25,7608.75,7609.5,998
2026-09-14T08:02:00-04:00,7609.75,7610.25,7608.5,7608.75,373
2026-09-14T08:03:00-04:00,7608.75,7609.25,7608.5,7608.5,285
2026-09-14T08:04:00-04:00,7608.5,7608.5,7606.75,7608.0,911
2026-09-14T08:05:00-04:00,7608.0,7608.25,7606.75,7607.5,344
2026-09-14T08:06:00-04:00,7607.5,7608.25,7606.75,7607.5,453
2026-09-14T08:07:00-04:00,7607.75,7610.25,7607.75,7609.5,1015
2026-09-14T08:08:00-04:00,7609.25,7610.0,7608.5,7608.75,601
2026-09-14T08:09:00-04:00,7608.75,7610.25,7608.75,7610.0,306
2026-09-14T08:10:00-04:00,7609.75,7612.0,7609.75,7611.5,1498
2026-09-14T08:11:00-04:00,7611.75,7612.0,7611.25,7611.5,543
2026-09-14T08:12:00-04:00,7611.25,7612.0,7610.75,7610.75,813
2026-09-14T08:13:00-04:00,7611.0,7611.5,7608.5,7608.5,423
2026-09-14T08:14:00-04:00,7608.75,7610.25,7608.25,7609.75,1485
2026-09-14T08:15:00-04:00,7610.0,7611.75,7609.75,7611.5,452
2026-09-14T08:16:00-04:00,7611.5,7615.0,7609.75,7613.5,2254
2026-09-14T08:17:00-04:00,7613.0,7615.0,7612.75,7614.25,921
2026-09-14T08:18:00-04:00,7614.25,7614.25,7611.25,7611.5,544
2026-09-14T08:19:00-04:00,7611.5,7613.5,7610.0,7610.75,677
2026-09-14T08:20:00-04:00,7611.0,7612.5,7609.5,7609.75,369
2026-09-14T08:21:00-04:00,7610.25,7610.75,7609.5,7610.0,316
2026-09-14T08:22:00-04:00,7610.0,7611.0,7609.75,7610.25,530
2026-09-14T08:23:00-04:00,7610.0,7611.5,7609.0,7611.25,623
2026-09-14T08:24:00-04:00,7611.25,7611.25,7609.5,7610.5,490
2026-09-14T08:25:00-04:00,7610.25,7610.75,7608.5,7608.75,357
2026-09-14T08:26:00-04:00,7608.75,7608.75,7607.5,7608.75,2132
2026-09-14T08:27:00-04:00,7608.75,7609.25,7608.5,7608.75,158
2026-09-14T08:28:00-04:00,7608.5,7609.25,7608.5,7609.0,237
2026-09-14T08:29:00-04:00,7608.75,7610.75,7608.5,7610.0,2613
2026-09-14T08:30:00-04:00,7610.0,7610.75,7608.25,7609.0,1477
2026-09-14T08:31:00-04:00,7609.0,7612.5,7609.0,7611.75,1654
2026-09-14T08:32:00-04:00,7611.75,7611.75,7608.5,7609.25,715
2026-09-14T08:33:00-04:00,7609.0,7609.5,7606.75,7607.0,1670
2026-09-14T08:34:00-04:00,7607.25,7607.5,7606.0,7607.0,1357
2026-09-14T08:35:00-04:00,7607.0,7607.0,7600.0,7600.75,2376
2026-09-14T08:36:00-04:00,7601.0,7602.75,7599.5,7601.75,1616
2026-09-14T08:37:00-04:00,7601.75,7602.0,7599.25,7599.5,779
2026-09-14T08:38:00-04:00,7599.5,7599.5,7596.5,7597.5,3468
2026-09-14T08:39:00-04:00,7597.5,7602.5,7597.5,7601.25,2576
2026-09-14T08:40:00-04:00,7601.25,7603.5,7599.0,7603.0,3209
2026-09-14T08:41:00-04:00,7603.0,7603.0,7597.0,7601.5,1155
2026-09-14T08:42:00-04:00,7601.75,7603.5,7601.5,7603.0,1338
2026-09-14T08:43:00-04:00,7603.25,7607.25,7603.0,7606.25,1256
2026-09-14T08:44:00-04:00,7606.5,7608.25,7606.5,7607.75,1176
2026-09-14T08:45:00-04:00,7607.75,7609.5,7606.5,7607.0,868
2026-09-14T08:46:00-04:00,7606.5,7606.5,7603.75,7604.5,469
2026-09-14T08:47:00-04:00,7604.5,7606.75,7604.5,7606.25,260
2026-09-14T08:48:00-04:00,7606.25,7606.25,7604.5,7605.0,690
2026-09-14T08:49:00-04:00,7604.5,7606.0,7604.25,7606.0,723
2026-09-14T08:50:00-04:00,7606.0,7606.5,7605.5,7606.25,669
2026-09-14T08:51:00-04:00,7606.25,7607.75,7605.25,7605.5,292
2026-09-14T08:52:00-04:00,7605.5,7605.75,7604.75,7605.75,1001
2026-09-14T08:53:00-04:00,7605.75,7605.75,7604.0,7605.25,614
2026-09-14T08:54:00-04:00,7605.0,7605.25,7603.25,7603.75,582
2026-09-14T08:55:00-04:00,7603.5,7604.25,7602.0,7602.0,433
2026-09-14T08:56:00-04:00,7601.75,7602.75,7601.25,7602.25,985
2026-09-14T08:57:00-04:00,7602.25,7603.5,7602.0,7603.25,1551
2026-09-14T08:58:00-04:00,7603.5,7605.5,7602.75,7605.25,1048
2026-09-14T08:59:00-04:00,7605.0,7607.0,7605.0,7606.5,1090
2026-09-14T09:00:00-04:00,7606.5,7606.75,7603.25,7603.75,1693
2026-09-14T09:01:00-04:00,7603.75,7604.0,7602.0,7602.25,715
2026-09-14T09:02:00-04:00,7602.5,7604.0,7602.0,7602.5,1035
2026-09-14T09:03:00-04:00,7602.5,7602.5,7598.75,7599.25,913
2026-09-14T09:04:00-04:00,7599.25,7599.75,7597.75,7598.75,2803
2026-09-14T09:05:00-04:00,7598.75,7602.0,7598.25,7601.25,1186
2026-09-14T09:06:00-04:00,7601.25,7601.25,7598.75,7599.0,951
2026-09-14T09:07:00-04:00,7599.0,7599.0,7596.75,7597.0,2227
2026-09-14T09:08:00-04:00,7597.0,7598.0,7596.5,7597.5,1519
2026-09-14T09:09:00-04:00,7597.5,7599.0,7597.5,7599.0,1371
2026-09-14T09:10:00-04:00,7599.0,7601.0,7598.5,7601.0,969
2026-09-14T09:11:00-04:00,7601.25,7604.5,7601.25,7604.0,1889
2026-09-14T09:12:00-04:00,7604.0,7604.0,7602.25,7602.5,553
2026-09-14T09:13:00-04:00,7602.75,7604.75,7602.75,7604.75,976
2026-09-14T09:14:00-04:00,7604.5,7607.0,7604.5,7606.0,1754
2026-09-14T09:15:00-04:00,7606.0,7606.5,7604.5,7606.0,1589
2026-09-14T09:16:00-04:00,7606.0,7608.0,7605.25,7606.75,1547
2026-09-14T09:17:00-04:00,7606.75,7608.5,7606.75,7607.75,564
2026-09-14T09:18:00-04:00,7608.0,7608.75,7607.25,7608.75,407
2026-09-14T09:19:00-04:00,7608.5,7608.75,7606.5,7607.75,584
2026-09-14T09:20:00-04:00,7607.5,7608.5,7607.0,7607.75,2019
2026-09-14T09:21:00-04:00,7607.5,7609.25,7607.25,7608.5,2416
2026-09-14T09:22:00-04:00,7608.5,7609.25,7608.0,7608.75,589
2026-09-14T09:23:00-04:00,7608.5,7609.0,7607.75,7608.25,855
2026-09-14T09:24:00-04:00,7608.25,7609.0,7607.75,7607.75,1090
2026-09-14T09:25:00-04:00,7607.75,7608.0,7606.5,7607.25,4436
2026-09-14T09:26:00-04:00,7607.0,7608.5,7607.0,7608.25,3125
2026-09-14T09:27:00-04:00,7608.25,7609.0,7606.0,7607.0,995
2026-09-14T09:28:00-04:00,7606.75,7608.0,7605.75,7607.75,1700
2026-09-14T09:29:00-04:00,7607.5,7608.75,7606.0,7606.25,3372
2026-09-14T09:30:00-04:00,7606.5,7608.5,7603.0,7603.75,12533
2026-09-14T09:31:00-04:00,7603.5,7606.75,7602.25,7604.75,9594
2026-09-14T09:32:00-04:00,7604.5,7607.75,7604.0,7606.5,3490
2026-09-14T09:33:00-04:00,7606.75,7607.0,7604.25,7604.25,3531
2026-09-14T09:34:00-04:00,7604.25,7605.25,7603.0,7603.0,5713
2026-09-14T09:35:00-04:00,7603.25,7605.25,7602.25,7604.0,4688
2026-09-14T09:36:00-04:00,7604.0,7604.25,7601.5,7602.0,4798
2026-09-14T09:37:00-04:00,7602.0,7603.75,7601.25,7602.25,5354
2026-09-14T09:38:00-04:00,7602.25,7603.5,7601.0,7602.25,8194
2026-09-14T09:39:00-04:00,7602.0,7603.0,7601.25,7602.0,5148
2026-09-14T09:40:00-04:00,7602.0,7607.0,7601.0,7606.25,13097
2026-09-14T09:41:00-04:00,7606.25,7607.25,7604.75,7607.0,4738
2026-09-14T09:42:00-04:00,7606.75,7609.5,7606.5,7609.0,4050
2026-09-14T09:43:00-04:00,7608.75,7610.25,7608.25,7608.75,4205
2026-09-14T09:44:00-04:00,7608.75,7611.5,7608.75,7610.5,4676
2026-09-14T09:45:00-04:00,7610.5,7613.5,7610.25,7611.25,4654
2026-09-14T09:46:00-04:00,7611.25,7613.25,7611.25,7612.25,8543
2026-09-14T09:47:00-04:00,7612.0,7615.75,7612.0,7615.75,6672
2026-09-14T09:48:00-04:00,7616.0,7618.0,7614.75,7617.75,7784
2026-09-14T09:49:00-04:00,7617.75,7622.25,7617.75,7619.25,7955
2026-09-14T09:50:00-04:00,7619.25,7622.25,7619.25,7620.0,5261
2026-09-14T09:51:00-04:00,7620.0,7620.0,7617.0,7617.25,7642
2026-09-14T09:52:00-04:00,7617.25,7622.25,7617.0,7619.25,6613
2026-09-14T09:53:00-04:00,7619.25,7621.25,7618.25,7620.75,6071
2026-09-14T09:54:00-04:00,7620.75,7620.75,7617.75,7618.0,4386
2026-09-14T09:55:00-04:00,7617.75,7618.5,7615.25,7616.25,5472
2026-09-14T09:56:00-04:00,7616.25,7616.5,7614.5,7616.5,2937
2026-09-14T09:57:00-04:00,7616.25,7617.0,7614.0,7616.5,3926
2026-09-14T09:58:00-04:00,7616.5,7618.25,7613.5,7616.25,6400
2026-09-14T09:59:00-04:00,7616.25,7617.25,7615.5,7615.75,6770
2026-09-14T10:00:00-04:00,7615.75,7619.75,7615.25,7618.75,8262
2026-09-14T10:01:00-04:00,7618.75,7622.0,7617.75,7621.5,6075
2026-09-14T10:02:00-04:00,7621.25,7621.5,7617.5,7617.5,7035
2026-09-14T10:03:00-04:00,7617.75,7620.0,7617.75,7618.75,3860
2026-09-14T10:04:00-04:00,7618.5,7620.75,7618.5,7620.5,4310
2026-09-14T10:05:00-04:00,7620.25,7621.25,7619.0,7619.5,2121
2026-09-14T10:06:00-04:00,7619.5,7624.5,7619.25,7623.25,6364
2026-09-14T10:07:00-04:00,7623.0,7625.5,7622.75,7625.25,8969
2026-09-14T10:08:00-04:00,7625.25,7627.0,7625.0,7625.75,2843
2026-09-14T10:09:00-04:00,7625.75,7626.25,7624.25,7624.75,3754
2026-09-14T10:10:00-04:00,7624.5,7626.25,7622.5,7623.25,3163
2026-09-14T10:11:00-04:00,7623.0,7625.25,7622.75,7623.0,3899
2026-09-14T10:12:00-04:00,7623.0,7623.25,7620.25,7620.75,2994
2026-09-14T10:13:00-04:00,7620.5,7623.0,7620.0,7622.25,2723
2026-09-14T10:14:00-04:00,7622.25,7623.5,7620.25,7620.25,4759
2026-09-14T10:15:00-04:00,7620.25,7622.75,7620.25,7620.25,6157
2026-09-14T10:16:00-04:00,7620.25,7620.75,7618.25,7619.0,2567
2026-09-14T10:17:00-04:00,7619.0,7619.25,7616.5,7616.75,5756
2026-09-14T10:18:00-04:00,7616.75,7617.25,7614.25,7614.5,10301
2026-09-14T10:19:00-04:00,7614.5,7615.0,7613.75,7614.5,5224
2026-09-14T10:20:00-04:00,7614.5,7614.5,7611.0,7611.5,5376
2026-09-14T10:21:00-04:00,7611.5,7611.75,7608.5,7609.0,6705
2026-09-14T10:22:00-04:00,7609.25,7609.75,7607.5,7608.75,3646
2026-09-14T10:23:00-04:00,7608.75,7609.75,7607.25,7608.25,5469
2026-09-14T10:24:00-04:00,7608.25,7608.25,7603.75,7604.0,4333
2026-09-14T10:25:00-04:00,7604.0,7604.5,7601.5,7601.75,6499
2026-09-14T10:26:00-04:00,7602.0,7602.25,7597.75,7599.5,8532
2026-09-14T10:27:00-04:00,7599.25,7601.5,7599.0,7601.0,11786
2026-09-14T10:28:00-04:00,7601.25,7604.25,7600.75,7602.0,12654
2026-09-14T10:29:00-04:00,7602.0,7604.25,7600.25,7604.0,8869
2026-09-14T10:30:00-04:00,7604.0,7605.25,7602.25,7602.5,7949
2026-09-14T10:31:00-04:00,7602.5,7604.25,7601.0,7603.0,4503
2026-09-14T10:32:00-04:00,7603.0,7604.5,7601.75,7604.0,3122
2026-09-14T10:33:00-04:00,7604.25,7605.0,7603.25,7605.0,7446
2026-09-14T10:34:00-04:00,7605.0,7607.0,7605.0,7606.5,12193
2026-09-14T10:35:00-04:00,7606.5,7606.75,7602.0,7602.5,2975
2026-09-14T10:36:00-04:00,7602.5,7603.75,7599.5,7599.5,4933
2026-09-14T10:37:00-04:00,7599.75,7601.0,7599.25,7600.75,7673
2026-09-14T10:38:00-04:00,7600.75,7601.0,7599.0,7600.25,2806
2026-09-14T10:39:00-04:00,7600.25,7601.0,7598.75,7600.75,6662
2026-09-14T10:40:00-04:00,7600.5,7600.5,7597.25,7598.25,4178
2026-09-14T10:41:00-04:00,7598.25,7598.75,7596.75,7597.75,3683
2026-09-14T10:42:00-04:00,7597.75,7601.0,7597.25,7600.25,7317
2026-09-14T10:43:00-04:00,7600.25,7600.5,7598.0,7598.75,4137
2026-09-14T10:44:00-04:00,7598.5,7602.75,7598.25,7602.5,5572
2026-09-14T10:45:00-04:00,7602.75,7605.0,7601.5,7605.0,4272
2026-09-14T10:46:00-04:00,7605.0,7606.5,7603.0,7603.5,3413
2026-09-14T10:47:00-04:00,7603.5,7603.75,7600.5,7601.75,3436
2026-09-14T10:48:00-04:00,7601.75,7603.75,7601.75,7602.75,3471
2026-09-14T10:49:00-04:00,7602.75,7602.75,7600.75,7602.5,3077
2026-09-14T10:50:00-04:00,7602.25,7602.75,7599.0,7600.0,3463
2026-09-14T10:51:00-04:00,7599.75,7601.5,7599.25,7600.5,2842
2026-09-14T10:52:00-04:00,7600.5,7600.5,7597.75,7598.0,2903
2026-09-14T10:53:00-04:00,7598.25,7598.75,7597.0,7597.25,2477
2026-09-14T10:54:00-04:00,7597.0,7598.75,7596.75,7598.0,3288
2026-09-14T10:55:00-04:00,7598.0,7598.25,7595.25,7597.0,7301
2026-09-14T10:56:00-04:00,7596.75,7596.75,7595.25,7596.25,2422
2026-09-14T10:57:00-04:00,7596.25,7599.25,7595.5,7599.0,3738
2026-09-14T10:58:00-04:00,7599.0,7601.0,7598.0,7600.75,4948
2026-09-14T10:59:00-04:00,7600.75,7601.75,7598.75,7601.5,2397
2026-09-14T11:00:00-04:00,7601.5,7601.75,7599.75,7600.75,3325
2026-09-14T11:01:00-04:00,7601.0,7601.0,7597.75,7600.25,5930
2026-09-14T11:02:00-04:00,7600.25,7602.25,7598.75,7599.0,3089
2026-09-14T11:03:00-04:00,7599.0,7601.5,7598.5,7601.25,4468
2026-09-14T11:04:00-04:00,7601.0,7601.25,7597.5,7597.75,2200
2026-09-14T11:05:00-04:00,7597.75,7612.25,7597.5,7606.75,11186
2026-09-14T11:06:00-04:00,7606.75,7615.0,7606.5,7610.25,7112
2026-09-14T11:07:00-04:00,7610.0,7610.75,7605.5,7608.75,2782
2026-09-14T11:08:00-04:00,7608.5,7608.75,7605.5,7607.75,2439
2026-09-14T11:09:00-04:00,7607.5,7609.5,7606.5,7607.25,2220
2026-09-14T11:10:00-04:00,7607.5,7608.25,7606.0,7607.0,1757
2026-09-14T11:11:00-04:00,7607.0,7607.25,7603.75,7604.0,2065
2026-09-14T11:12:00-04:00,7604.0,7605.25,7603.75,7604.0,1534
2026-09-14T11:13:00-04:00,7604.25,7606.0,7603.75,7605.5,1757
2026-09-14T11:14:00-04:00,7605.5,7606.5,7602.0,7602.25,2391
2026-09-14T11:15:00-04:00,7602.0,7604.25,7601.0,7603.75,5279
2026-09-14T11:16:00-04:00,7603.5,7605.75,7601.25,7605.75,4603
2026-09-14T11:17:00-04:00,7605.75,7608.5,7605.25,7606.5,3040
2026-09-14T11:18:00-04:00,7606.25,7607.0,7605.75,7606.25,1818
2026-09-14T11:19:00-04:00,7606.25,7608.0,7606.0,7606.75,2613
2026-09-14T11:20:00-04:00,7606.75,7608.25,7605.75,7607.0,3312
2026-09-14T11:21:00-04:00,7607.0,7608.25,7606.0,7607.25,3686
2026-09-14T11:22:00-04:00,7607.25,7609.25,7606.75,7607.25,9390
2026-09-14T11:23:00-04:00,7607.25,7610.0,7606.75,7609.25,3056
2026-09-14T11:24:00-04:00,7609.0,7611.75,7608.75,7611.5,2655
2026-09-14T11:25:00-04:00,7611.5,7612.5,7609.0,7610.0,2706
2026-09-14T11:26:00-04:00,7610.0,7613.0,7609.5,7613.0,3065
2026-09-14T11:27:00-04:00,7613.25,7615.0,7612.25,7612.25,5320
2026-09-14T11:28:00-04:00,7612.25,7613.75,7612.0,7613.0,6702
2026-09-14T11:29:00-04:00,7613.25,7613.5,7611.75,7612.0,4183
2026-09-14T11:30:00-04:00,7612.0,7681.25,7611.5,7680.75,32674
2026-09-14T11:31:00-04:00,7680.5,7680.5,7678.0,7678.75,3761
2026-09-14T11:32:00-04:00,7678.5,7687.5,7678.0,7685.75,12850
2026-09-14T11:33:00-04:00,7686.0,7689.5,7682.75,7689.25,8324
2026-09-14T11:34:00-04:00,7689.0,7692.5,7688.5,7691.5,7180
2026-09-14T11:35:00-04:00,7691.5,7694.0,7690.25,7690.25,7306
2026-09-14T11:36:00-04:00,7690.5,7691.25,7688.0,7689.5,8383
2026-09-14T11:37:00-04:00,7689.5,7695.0,7689.5,7695.0,7253
2026-09-14T11:38:00-04:00,7694.75,7695.75,7692.75,7695.25,4228
2026-09-14T11:39:00-04:00,7695.5,7696.25,7694.25,7696.0,5865
2026-09-14T11:40:00-04:00,7696.0,7701.5,7693.75,7696.5,11022
2026-09-14T11:41:00-04:00,7696.25,7700.25,7694.0,7700.0,7495
2026-09-14T11:42:00-04:00,7700.0,7702.25,7698.0,7698.5,6016
2026-09-14T11:43:00-04:00,7698.5,7704.0,7698.25,7704.0,7057
2026-09-14T11:44:00-04:00,7703.75,7706.5,7703.75,7705.0,7650
2026-09-14T11:45:00-04:00,7705.25,7705.5,7702.5,7702.5,4931
2026-09-14T11:46:00-04:00,7702.75,7702.75,7700.0,7701.25,3557
2026-09-14T11:47:00-04:00,7701.25,7701.75,7699.5,7700.5,5561
2026-09-14T11:48:00-04:00,7700.75,7702.25,7698.75,7701.75,4027
2026-09-14T11:49:00-04:00,7701.5,7701.75,7698.5,7698.75,4950
2026-09-14T11:50:00-04:00,7698.5,7699.75,7697.0,7698.25,3070
2026-09-14T11:51:00-04:00,7698.0,7699.75,7697.25,7699.5,3458
2026-09-14T11:52:00-04:00,7699.75,7702.25,7699.5,7700.25,6020
2026-09-14T11:53:00-04:00,7700.0,7702.75,7699.25,7702.25,3128
2026-09-14T11:54:00-04:00,7702.25,7703.0,7700.75,7702.5,2948
2026-09-14T11:55:00-04:00,7702.25,7702.5,7701.0,7701.75,6260
2026-09-14T11:56:00-04:00,7701.75,7702.0,7701.0,7701.75,2892
2026-09-14T11:57:00-04:00,7701.75,7703.25,7701.5,7702.75,2663
2026-09-14T11:58:00-04:00,7702.75,7704.5,7702.75,7702.75,3155
2026-09-14T11:59:00-04:00,7702.75,7703.0,7701.5,7702.0,5671
2026-09-14T12:00:00-04:00,7701.75,7703.5,7700.0,7700.25,5883
2026-09-14T12:01:00-04:00,7700.25,7701.0,7698.5,7698.75,5674
2026-09-14T12:02:00-04:00,7698.75,7699.0,7697.5,7698.0,2080
2026-09-14T12:03:00-04:00,7698.25,7700.0,7697.75,7699.25,2737
2026-09-14T12:04:00-04:00,7699.25,7699.5,7697.25,7697.25,5703
2026-09-14T12:05:00-04:00,7697.25,7697.75,7696.25,7697.5,2980
2026-09-14T12:06:00-04:00,7697.5,7699.0,7697.0,7697.5,1705
2026-09-14T12:07:00-04:00,7697.75,7699.25,7697.25,7698.25,5245
2026-09-14T12:08:00-04:00,7698.25,7698.25,7696.0,7697.25,2385
2026-09-14T12:09:00-04:00,7697.25,7698.5,7696.75,7698.0,1618
2026-09-14T12:10:00-04:00,7698.25,7700.25,7697.75,7698.25,5511
2026-09-14T12:11:00-04:00,7698.25,7700.25,7698.0,7699.25,2377
2026-09-14T12:12:00-04:00,7699.25,7701.0,7699.0,7700.25,2701
2026-09-14T12:13:00-04:00,7700.25,7700.25,7699.25,7699.25,2476
2026-09-14T12:14:00-04:00,7699.25,7699.75,7698.25,7698.75,3353
2026-09-14T12:15:00-04:00,7699.0,7705.75,7698.75,7704.75,7138
2026-09-14T12:16:00-04:00,7704.75,7707.5,7704.5,7705.75,7981
2026-09-14T12:17:00-04:00,7705.75,7707.75,7705.0,7707.5,1995
2026-09-14T12:18:00-04:00,7707.5,7709.0,7706.75,7708.25,2790
2026-09-14T12:19:00-04:00,7708.0,7708.75,7707.5,7708.0,2787
2026-09-14T12:20:00-04:00,7708.0,7708.5,7705.25,7706.5,5672
2026-09-14T12:21:00-04:00,7706.5,7706.75,7704.5,7705.0,3306
2026-09-14T12:22:00-04:00,7705.25,7706.25,7704.75,7705.75,2498
2026-09-14T12:23:00-04:00,7705.5,7708.75,7705.25,7708.75,4000
2026-09-14T12:24:00-04:00,7709.0,7710.5,7708.25,7708.25,4619
2026-09-14T12:25:00-04:00,7708.5,7709.25,7705.75,7706.0,3032
2026-09-14T12:26:00-04:00,7706.0,7706.25,7703.75,7703.75,5500
2026-09-14T12:27:00-04:00,7703.5,7705.0,7703.0,7704.75,2858
2026-09-14T12:28:00-04:00,7704.75,7704.75,7703.0,7703.0,1709
2026-09-14T12:29:00-04:00,7703.25,7704.75,7703.25,7704.25,3841
2026-09-14T12:30:00-04:00,7704.25,7705.5,7703.5,7704.5,3470
2026-09-14T12:31:00-04:00,7704.5,7708.75,7704.25,7705.0,8825
2026-09-14T12:32:00-04:00,7705.0,7707.5,7704.25,7705.5,5237
2026-09-14T12:33:00-04:00,7705.5,7706.75,7705.25,7706.25,2858
2026-09-14T12:34:00-04:00,7706.25,7706.75,7703.75,7703.75,2474
2026-09-14T12:35:00-04:00,7703.5,7703.75,7702.25,7703.0,2666
2026-09-14T12:36:00-04:00,7703.0,7703.75,7702.75,7703.25,2489
2026-09-14T12:37:00-04:00,7703.25,7705.0,7703.0,7704.25,1714
2026-09-14T12:38:00-04:00,7704.25,7705.75,7703.75,7704.5,5360
2026-09-14T12:39:00-04:00,7704.25,7705.0,7703.25,7704.75,1522
2026-09-14T12:40:00-04:00,7704.5,7705.5,7703.25,7705.5,2813
2026-09-14T12:41:00-04:00,7705.25,7705.5,7704.0,7705.5,2493
2026-09-14T12:42:00-04:00,7705.5,7705.5,7703.75,7704.75,3594
2026-09-14T12:43:00-04:00,7704.75,7706.5,7704.25,7706.0,12211
2026-09-14T12:44:00-04:00,7705.75,7707.25,7705.0,7707.25,2827
2026-09-14T12:45:00-04:00,7707.25,7707.25,7704.5,7705.5,2960
2026-09-14T12:46:00-04:00,7705.5,7706.25,7705.0,7705.75,2585
2026-09-14T12:47:00-04:00,7706.0,7713.25,7705.5,7711.0,12498
2026-09-14T12:48:00-04:00,7711.0,7718.75,7710.5,7717.5,10004
2026-09-14T12:49:00-04:00,7717.5,7719.25,7715.75,7717.0,7468
2026-09-14T12:50:00-04:00,7717.0,7717.5,7715.25,7716.25,4573
2026-09-14T12:51:00-04:00,7716.5,7718.25,7715.5,7718.0,4134
2026-09-14T12:52:00-04:00,7718.0,7719.75,7716.75,7719.0,4727
2026-09-14T12:53:00-04:00,7719.0,7719.0,7717.0,7717.0,5477
2026-09-14T12:54:00-04:00,7717.25,7717.25,7714.5,7714.75,3747
2026-09-14T12:55:00-04:00,7715.0,7715.25,7714.0,7714.5,3842
2026-09-14T12:56:00-04:00,7714.25,7714.75,7712.25,7712.5,2911
2026-09-14T12:57:00-04:00,7712.5,7713.0,7710.75,7711.5,3718
2026-09-14T12:58:00-04:00,7711.25,7711.5,7709.5,7710.25,2987
2026-09-14T12:59:00-04:00,7710.0,7713.0,7710.0,7713.0,2125
2026-09-14T13:00:00-04:00,7713.0,7714.75,7711.75,7714.25,2481
2026-09-14T13:01:00-04:00,7714.0,7714.25,7711.25,7711.5,2162
2026-09-14T13:02:00-04:00,7711.5,7712.75,7710.75,7711.0,3054
2026-09-14T13:03:00-04:00,7711.0,7711.5,7709.25,7710.25,1634
2026-09-14T13:04:00-04:00,7710.25,7711.25,7710.0,7710.75,2409
2026-09-14T13:05:00-04:00,7710.75,7711.0,7709.75,7710.5,3512
2026-09-14T13:06:00-04:00,7710.5,7712.25,7710.5,7710.75,1444
2026-09-14T13:07:00-04:00,7710.75,7711.0,7709.0,7709.0,1274
2026-09-14T13:08:00-04:00,7709.25,7709.25,7708.0,7709.0,3661
2026-09-14T13:09:00-04:00,7709.0,7709.25,7707.5,7708.5,1629
2026-09-14T13:10:00-04:00,7708.5,7709.5,7707.75,7708.5,1993
2026-09-14T13:11:00-04:00,7708.5,7711.25,7708.25,7710.0,2526
2026-09-14T13:12:00-04:00,7710.0,7712.5,7709.75,7710.0,8208
2026-09-14T13:13:00-04:00,7709.75,7710.5,7707.25,7707.75,1889
2026-09-14T13:14:00-04:00,7707.5,7708.25,7705.5,7705.5,4458
2026-09-14T13:15:00-04:00,7705.75,7706.0,7704.75,7705.75,2820
2026-09-14T13:16:00-04:00,7705.75,7706.75,7704.75,7705.5,2743
2026-09-14T13:17:00-04:00,7705.5,7706.5,7704.75,7705.0,3170
2026-09-14T13:18:00-04:00,7705.25,7705.25,7703.0,7704.5,1983
2026-09-14T13:19:00-04:00,7704.75,7705.25,7704.0,7704.5,2067
2026-09-14T13:20:00-04:00,7704.5,7707.5,7704.25,7706.75,6379
2026-09-14T13:21:00-04:00,7706.5,7706.5,7704.5,7705.75,1231
2026-09-14T13:22:00-04:00,7705.75,7707.75,7705.5,7707.5,1286
2026-09-14T13:23:00-04:00,7707.5,7708.25,7706.75,7707.0,3828
2026-09-14T13:24:00-04:00,7707.0,7707.75,7706.5,7707.0,1199
2026-09-14T13:25:00-04:00,7707.0,7709.0,7706.25,7706.5,1900
2026-09-14T13:26:00-04:00,7706.5,7707.75,7705.75,7707.75,4132
2026-09-14T13:27:00-04:00,7707.75,7708.0,7706.0,7707.75,1733
2026-09-14T13:28:00-04:00,7708.0,7709.75,7707.0,7709.25,2009
2026-09-14T13:29:00-04:00,7709.25,7711.25,7708.5,7711.25,2071
2026-09-14T13:30:00-04:00,7711.25,7712.25,7709.25,7712.25,2191
2026-09-14T13:31:00-04:00,7712.0,7712.5,7710.5,7710.75,3458
2026-09-14T13:32:00-04:00,7710.75,7712.75,7710.75,7711.5,4212
2026-09-14T13:33:00-04:00,7711.5,7711.75,7709.0,7710.0,2583
2026-09-14T13:34:00-04:00,7710.0,7710.75,7709.5,7710.75,1456
2026-09-14T13:35:00-04:00,7710.75,7711.25,7709.25,7709.5,2194
2026-09-14T13:36:00-04:00,7709.5,7711.0,7709.5,7710.25,4192
2026-09-14T13:37:00-04:00,7710.25,7711.25,7709.75,7711.25,5195
2026-09-14T13:38:00-04:00,7711.25,7712.75,7711.25,7711.75,7672
2026-09-14T13:39:00-04:00,7712.0,7712.5,7711.75,7712.5,2711
2026-09-14T13:40:00-04:00,7712.25,7712.5,7711.0,7712.0,1789
2026-09-14T13:41:00-04:00,7711.75,7711.75,7709.5,7709.75,1922
2026-09-14T13:42:00-04:00,7709.75,7710.75,7709.25,7709.75,1955
2026-09-14T13:43:00-04:00,7709.5,7711.0,7709.25,7711.0,2418
2026-09-14T13:44:00-04:00,7711.0,7711.5,7709.75,7710.25,2434
2026-09-14T13:45:00-04:00,7710.25,7711.5,7709.5,7710.0,1608
2026-09-14T13:46:00-04:00,7710.0,7711.0,7709.75,7710.25,2202
2026-09-14T13:47:00-04:00,7710.25,7711.75,7710.25,7711.5,2633
2026-09-14T13:48:00-04:00,7711.75,7712.5,7711.25,7712.0,1706
2026-09-14T13:49:00-04:00,7712.0,7712.25,7710.75,7710.75,3049
2026-09-14T13:50:00-04:00,7710.75,7711.5,7709.75,7710.0,7543
2026-09-14T13:51:00-04:00,7710.25,7711.25,7710.25,7710.75,1193
2026-09-14T13:52:00-04:00,7710.75,7712.75,7710.75,7712.5,1761
2026-09-14T13:53:00-04:00,7712.25,7712.5,7711.0,7711.25,1511
2026-09-14T13:54:00-04:00,7711.5,7712.5,7711.25,7712.0,2020
2026-09-14T13:55:00-04:00,7712.0,7712.5,7711.0,7711.75,1995
2026-09-14T13:56:00-04:00,7712.0,7712.5,7711.5,7711.75,1942
2026-09-14T13:57:00-04:00,7711.75,7712.0,7710.0,7710.5,2128
2026-09-14T13:58:00-04:00,7710.75,7710.75,7708.5,7708.5,3041
2026-09-14T13:59:00-04:00,7708.75,7708.75,7707.5,7707.5,2358
2026-09-14T14:00:00-04:00,7707.5,7712.25,7707.5,7708.5,4541
2026-09-14T14:01:00-04:00,7708.5,7709.0,7707.75,7709.0,1571
2026-09-14T14:02:00-04:00,7708.75,7709.5,7708.0,7708.25,1815
2026-09-14T14:03:00-04:00,7708.5,7708.5,7706.0,7706.25,2551
2026-09-14T14:04:00-04:00,7706.5,7707.25,7706.0,7706.5,3354
2026-09-14T14:05:00-04:00,7706.5,7707.0,7705.25,7706.75,1658
2026-09-14T14:06:00-04:00,7706.75,7707.5,7706.25,7706.25,1059
2026-09-14T14:07:00-04:00,7706.25,7708.5,7706.25,7708.0,2217
2026-09-14T14:08:00-04:00,7708.0,7710.25,7708.0,7709.5,1524
2026-09-14T14:09:00-04:00,7709.5,7709.75,7708.25,7708.5,1101
2026-09-14T14:10:00-04:00,7708.5,7708.75,7707.5,7708.5,1232
2026-09-14T14:11:00-04:00,7708.25,7708.75,7707.0,7707.0,1877
2026-09-14T14:12:00-04:00,7706.75,7707.0,7706.25,7706.5,3423
2026-09-14T14:13:00-04:00,7706.75,7706.75,7705.75,7706.0,4748
2026-09-14T14:14:00-04:00,7706.0,7707.5,7706.0,7707.5,1344
2026-09-14T14:15:00-04:00,7707.75,7709.0,7707.0,7708.25,1685
2026-09-14T14:16:00-04:00,7708.25,7708.25,7706.75,7707.5,1642
2026-09-14T14:17:00-04:00,7707.5,7707.5,7706.25,7706.75,1760
2026-09-14T14:18:00-04:00,7706.75,7707.0,7706.0,7706.25,1785
2026-09-14T14:19:00-04:00,7706.25,7707.25,7706.25,7706.75,1227
2026-09-14T14:20:00-04:00,7706.75,7707.5,7706.5,7706.75,2144
2026-09-14T14:21:00-04:00,7706.75,7707.25,7705.75,7706.0,4877
2026-09-14T14:22:00-04:00,7706.0,7706.25,7705.5,7706.0,2227
2026-09-14T14:23:00-04:00,7706.25,7706.5,7705.25,7705.5,1016
2026-09-14T14:24:00-04:00,7705.25,7706.25,7705.25,7705.5,1228
2026-09-14T14:25:00-04:00,7705.5,7706.0,7705.0,7705.75,4811
2026-09-14T14:26:00-04:00,7705.75,7706.25,7705.0,7705.5,1928
2026-09-14T14:27:00-04:00,7705.5,7705.75,7704.0,7704.25,1990
2026-09-14T14:28:00-04:00,7704.25,7704.25,7703.25,7703.5,2244
2026-09-14T14:29:00-04:00,7703.5,7704.75,7703.5,7704.5,1956
2026-09-14T14:30:00-04:00,7704.75,7705.75,7704.25,7704.75,2021
2026-09-14T14:31:00-04:00,7704.75,7705.0,7704.0,7704.25,1861
2026-09-14T14:32:00-04:00,7704.25,7705.5,7704.25,7705.0,1067
2026-09-14T14:33:00-04:00,7705.25,7707.5,7705.0,7706.75,1871
2026-09-14T14:34:00-04:00,7707.0,7708.0,7706.5,7706.5,1405
2026-09-14T14:35:00-04:00,7706.5,7707.5,7706.25,7707.25,2909
2026-09-14T14:36:00-04:00,7707.25,7708.5,7707.0,7707.5,1303
2026-09-14T14:37:00-04:00,7707.5,7709.25,7707.5,7708.25,1453
2026-09-14T14:38:00-04:00,7708.25,7708.5,7707.75,7708.25,2553
2026-09-14T14:39:00-04:00,7708.25,7708.25,7707.5,7707.5,964
2026-09-14T14:40:00-04:00,7707.5,7708.25,7706.5,7708.25,1139
2026-09-14T14:41:00-04:00,7708.25,7709.25,7708.0,7708.5,1288
2026-09-14T14:42:00-04:00,7708.5,7709.25,7707.75,7708.75,3615
2026-09-14T14:43:00-04:00,7708.75,7709.5,7708.5,7708.75,1137
2026-09-14T14:44:00-04:00,7708.75,7709.0,7707.75,7707.75,1216
2026-09-14T14:45:00-04:00,7707.75,7708.75,7707.75,7708.25,930
2026-09-14T14:46:00-04:00,7708.0,7708.5,7705.25,7706.25,3143
2026-09-14T14:47:00-04:00,7706.0,7707.5,7705.5,7707.25,3417
2026-09-14T14:48:00-04:00,7707.5,7709.5,7707.0,7709.25,3322
2026-09-14T14:49:00-04:00,7709.25,7709.75,7708.75,7709.5,1095
2026-09-14T14:50:00-04:00,7709.25,7709.75,7708.25,7708.75,1486
2026-09-14T14:51:00-04:00,7709.0,7709.25,7707.5,7708.0,1422
2026-09-14T14:52:00-04:00,7708.0,7709.0,7708.0,7709.0,1220
2026-09-14T14:53:00-04:00,7709.0,7709.0,7707.75,7708.5,1768
2026-09-14T14:54:00-04:00,7708.5,7708.5,7707.25,7707.5,850
2026-09-14T14:55:00-04:00,7707.5,7708.25,7706.75,7708.25,1425
2026-09-14T14:56:00-04:00,7708.0,7709.0,7708.0,7708.75,1920
2026-09-14T14:57:00-04:00,7708.5,7708.75,7707.0,7707.0,2978
2026-09-14T14:58:00-04:00,7707.0,7707.0,7705.25,7705.75,1896
2026-09-14T14:59:00-04:00,7705.75,7706.0,7705.5,7705.5,1911
2026-09-14T15:00:00-04:00,7705.5,7706.5,7704.0,7705.0,2385
2026-09-14T15:01:00-04:00,7705.0,7705.0,7703.5,7704.0,1988
2026-09-14T15:02:00-04:00,7704.0,7704.5,7703.75,7703.75,1726
2026-09-14T15:03:00-04:00,7703.5,7704.75,7703.5,7704.25,1928
2026-09-14T15:04:00-04:00,7704.25,7705.25,7703.0,7703.5,4925
2026-09-14T15:05:00-04:00,7703.75,7704.25,7702.25,7702.5,2381
2026-09-14T15:06:00-04:00,7702.5,7703.25,7701.75,7701.75,2341
2026-09-14T15:07:00-04:00,7701.75,7702.75,7701.75,7702.0,1668
2026-09-14T15:08:00-04:00,7701.75,7702.25,7700.5,7702.25,2208
2026-09-14T15:09:00-04:00,7702.25,7704.25,7702.0,7703.0,2374
2026-09-14T15:10:00-04:00,7702.75,7703.75,7702.75,7703.5,4056
2026-09-14T15:11:00-04:00,7703.5,7703.75,7702.75,7703.25,1892
2026-09-14T15:12:00-04:00,7703.25,7705.0,7703.25,7704.25,6641
2026-09-14T15:13:00-04:00,7704.25,7704.75,7703.75,7703.75,1486
2026-09-14T15:14:00-04:00,7703.75,7705.75,7703.75,7704.75,2556
2026-09-14T15:15:00-04:00,7704.75,7705.0,7702.5,7703.25,1848
2026-09-14T15:16:00-04:00,7703.25,7703.75,7703.0,7703.25,2894
2026-09-14T15:17:00-04:00,7703.0,7703.5,7702.5,7703.5,1092
2026-09-14T15:18:00-04:00,7703.5,7703.75,7703.0,7703.25,1343
2026-09-14T15:19:00-04:00,7703.25,7703.75,7702.25,7703.25,2831
2026-09-14T15:20:00-04:00,7703.25,7704.0,7702.5,7702.5,1754
2026-09-14T15:21:00-04:00,7702.5,7703.25,7701.75,7702.0,2268
2026-09-14T15:22:00-04:00,7702.0,7702.0,7700.75,7701.75,1958
2026-09-14T15:23:00-04:00,7701.5,7701.75,7701.0,7701.5,1675
2026-09-14T15:24:00-04:00,7701.5,7703.0,7701.25,7702.75,2194
2026-09-14T15:25:00-04:00,7702.5,7703.5,7701.5,7701.75,1926
2026-09-14T15:26:00-04:00,7701.5,7702.5,7701.5,7702.25,1412
2026-09-14T15:27:00-04:00,7702.25,7703.0,7701.75,7702.0,2380
2026-09-14T15:28:00-04:00,7701.75,7702.75,7701.75,7702.5,1362
2026-09-14T15:29:00-04:00,7702.25,7703.25,7701.75,7702.0,2418
2026-09-14T15:30:00-04:00,7701.75,7704.0,7701.5,7702.75,2459
2026-09-14T15:31:00-04:00,7702.75,7704.0,7702.75,7703.25,1562
2026-09-14T15:32:00-04:00,7703.25,7704.0,7702.5,7703.0,2688
2026-09-14T15:33:00-04:00,7702.75,7703.25,7702.0,7702.5,2825
2026-09-14T15:34:00-04:00,7702.25,7702.75,7701.25,7702.0,1664
2026-09-14T15:35:00-04:00,7702.0,7702.25,7700.25,7700.75,2280
2026-09-14T15:36:00-04:00,7700.75,7701.0,7700.25,7700.75,4881
2026-09-14T15:37:00-04:00,7700.75,7701.5,7700.25,7700.75,2756
2026-09-14T15:38:00-04:00,7700.75,7701.5,7700.75,7701.25,4608
2026-09-14T15:39:00-04:00,7701.0,7701.25,7700.75,7700.75,2680
2026-09-14T15:40:00-04:00,7700.75,7702.0,7700.5,7701.75,2552
2026-09-14T15:41:00-04:00,7701.5,7701.75,7700.75,7701.0,1660
2026-09-14T15:42:00-04:00,7701.0,7701.25,7700.5,7700.75,2886
2026-09-14T15:43:00-04:00,7700.5,7701.0,7700.25,7700.5,2541
2026-09-14T15:44:00-04:00,7700.25,7701.0,7700.0,7700.5,2560
2026-09-14T15:45:00-04:00,7700.5,7701.75,7700.25,7701.75,4284
2026-09-14T15:46:00-04:00,7701.75,7703.0,7701.75,7702.0,2054
2026-09-14T15:47:00-04:00,7702.0,7702.75,7701.25,7702.0,2110
2026-09-14T15:48:00-04:00,7701.75,7702.0,7701.0,7701.5,1887
2026-09-14T15:49:00-04:00,7701.5,7702.0,7700.5,7702.0,5540
2026-09-14T15:50:00-04:00,7701.75,7703.25,7698.5,7699.0,7686
2026-09-14T15:51:00-04:00,7699.0,7699.0,7698.0,7698.75,3603
2026-09-14T15:52:00-04:00,7698.5,7699.75,7697.0,7697.75,4855
2026-09-14T15:53:00-04:00,7697.5,7697.75,7695.5,7697.0,3778
2026-09-14T15:54:00-04:00,7696.75,7697.75,7696.75,7697.25,4681
2026-09-14T15:55:00-04:00,7697.25,7697.25,7692.5,7694.5,9875
2026-09-14T15:56:00-04:00,7694.25,7695.75,7693.75,7694.5,5997
2026-09-14T15:57:00-04:00,7694.5,7696.75,7693.5,7696.25,6053
2026-09-14T15:58:00-04:00,7696.25,7698.25,7695.25,7696.0,9696
2026-09-14T15:59:00-04:00,7696.0,7696.25,7691.25,7692.5,67490
2026-09-14T16:00:00-04:00,7692.5,7694.75,7691.75,7692.0,14667
2026-09-14T16:01:00-04:00,7691.75,7692.5,7690.75,7691.5,4201
2026-09-14T16:02:00-04:00,7691.5,7691.5,7690.5,7690.75,3461
2026-09-14T16:03:00-04:00,7690.75,7691.5,7690.5,7691.25,792
2026-09-14T16:04:00-04:00,7691.25,7692.5,7691.0,7692.25,1235
2026-09-14T16:05:00-04:00,7692.25,7692.25,7690.75,7691.5,1479
2026-09-14T16:06:00-04:00,7691.25,7691.5,7690.75,7691.25,1041
2026-09-14T16:07:00-04:00,7691.25,7692.5,7691.25,7692.0,636
2026-09-14T16:08:00-04:00,7692.25,7692.25,7691.0,7691.25,743
2026-09-14T16:09:00-04:00,7691.25,7691.75,7691.0,7691.25,760
2026-09-14T16:10:00-04:00,7691.0,7692.0,7690.75,7691.75,638
2026-09-14T16:11:00-04:00,7691.5,7692.0,7691.25,7692.0,697
2026-09-14T16:12:00-04:00,7692.0,7692.5,7691.5,7692.5,1085
2026-09-14T16:13:00-04:00,7692.75,7693.0,7692.0,7692.75,1983
2026-09-14T16:14:00-04:00,7692.75,7693.0,7692.0,7692.25,896
2026-09-14T16:15:00-04:00,7692.25,7692.5,7691.0,7691.0,526
2026-09-14T16:16:00-04:00,7691.0,7691.25,7689.5,7690.0,1679
2026-09-14T16:17:00-04:00,7690.0,7691.0,7689.75,7690.75,596
2026-09-14T16:18:00-04:00,7690.75,7691.5,7690.5,7691.0,651
2026-09-14T16:19:00-04:00,7690.75,7692.0,7690.75,7692.0,468
2026-09-14T16:20:00-04:00,7692.25,7693.25,7692.25,7693.25,368
2026-09-14T16:21:00-04:00,7693.0,7693.75,7693.0,7693.25,251
2026-09-14T16:22:00-04:00,7693.25,7693.75,7693.25,7693.5,622
2026-09-14T16:23:00-04:00,7693.75,7694.0,7693.5,7693.5,144
2026-09-14T16:24:00-04:00,7693.75,7694.75,7693.5,7694.5,150
2026-09-14T16:25:00-04:00,7694.5,7695.0,7694.25,7694.75,209
2026-09-14T16:26:00-04:00,7694.75,7694.75,7694.0,7694.5,243
2026-09-14T16:27:00-04:00,7694.75,7695.0,7694.5,7694.75,138
2026-09-14T16:28:00-04:00,7695.0,7695.25,7694.75,7695.25,247
2026-09-14T16:29:00-04:00,7695.0,7695.75,7695.0,7695.5,183
2026-09-14T16:30:00-04:00,7695.5,7695.75,7695.0,7695.25,461
2026-09-14T16:31:00-04:00,7695.0,7695.25,7694.25,7694.25,210
2026-09-14T16:32:00-04:00,7694.5,7694.5,7694.0,7694.0,177
2026-09-14T16:33:00-04:00,7694.25,7694.75,7694.25,7694.75,273
2026-09-14T16:34:00-04:00,7694.5,7695.0,7694.25,7694.75,414
2026-09-14T16:35:00-04:00,7694.75,7695.25,7694.25,7695.25,385
2026-09-14T16:36:00-04:00,7695.0,7695.0,7694.5,7694.5,235
2026-09-14T16:37:00-04:00,7694.5,7695.0,7694.5,7695.0,140
2026-09-14T16:38:00-04:00,7695.0,7695.25,7694.75,7695.0,172
2026-09-14T16:39:00-04:00,7695.25,7695.75,7695.0,7695.0,180
2026-09-14T16:40:00-04:00,7695.0,7695.75,7695.0,7695.5,466
2026-09-14T16:41:00-04:00,7695.5,7695.75,7695.0,7695.0,258
2026-09-14T16:42:00-04:00,7695.0,7695.0,7694.75,7694.75,151
2026-09-14T16:43:00-04:00,7695.0,7695.25,7694.75,7695.25,657
2026-09-14T16:44:00-04:00,7695.0,7695.25,7695.0,7695.0,233
2026-09-14T16:45:00-04:00,7695.0,7696.0,7695.0,7695.75,296
2026-09-14T16:46:00-04:00,7695.75,7696.0,7695.5,7696.0,205
2026-09-14T16:47:00-04:00,7696.0,7697.0,7696.0,7697.0,157
2026-09-14T16:48:00-04:00,7696.75,7698.0,7696.75,7697.75,334
2026-09-14T16:49:00-04:00,7697.75,7698.0,7697.5,7698.0,320
2026-09-14T16:50:00-04:00,7698.0,7698.5,7697.5,7698.25,691
2026-09-14T16:51:00-04:00,7698.25,7699.25,7698.25,7698.75,218
2026-09-14T16:52:00-04:00,7698.75,7699.0,7698.25,7698.5,183
2026-09-14T16:53:00-04:00,7698.75,7699.0,7698.5,7698.75,598
2026-09-14T16:54:00-04:00,7699.0,7699.0,7698.75,7699.0,432
2026-09-14T16:55:00-04:00,7699.25,7699.25,7698.75,7699.0,459
2026-09-14T16:56:00-04:00,7699.0,7699.25,7698.25,7698.25,195
2026-09-14T16:57:00-04:00,7698.25,7700.0,7698.25,7699.75,295
2026-09-14T16:58:00-04:00,7700.0,7700.0,7699.25,7699.75,333
2026-09-14T16:59:00-04:00,7699.75,7700.25,7699.5,7700.0,335
2026-09-14T18:00:00-04:00,7699.25,7700.25,7696.0,7697.0,0
2026-09-14T18:01:00-04:00,7697.25,7698.0,7696.75,7697.0,99
2026-09-14T18:02:00-04:00,7697.25,7698.0,7697.0,7697.5,71
2026-09-14T18:03:00-04:00,7697.25,7698.0,7696.75,7697.5,55
2026-09-14T18:04:00-04:00,7697.75,7698.0,7696.75,7698.0,112
2026-09-14T18:05:00-04:00,7697.75,7697.75,7695.5,7695.75,142
2026-09-14T18:06:00-04:00,7696.0,7697.5,7695.75,7696.75,105
2026-09-14T18:07:00-04:00,7697.0,7697.0,7696.0,7696.0,82
2026-09-14T18:08:00-04:00,7696.25,7697.0,7696.25,7696.75,56
2026-09-14T18:09:00-04:00,7696.75,7696.75,7695.75,7696.0,118
2026-09-14T18:10:00-04:00,7696.25,7696.75,7696.25,7696.75,55
2026-09-14T18:11:00-04:00,7696.75,7696.75,7696.0,7696.0,118
2026-09-14T18:12:00-04:00,7696.0,7696.75,7696.0,7696.75,56
2026-09-14T18:13:00-04:00,7696.75,7697.0,7696.5,7696.75,38
2026-09-14T18:14:00-04:00,7696.5,7696.75,7696.5,7696.75,33
2026-09-14T18:15:00-04:00,7696.75,7697.5,7696.75,7697.0,121
2026-09-14T18:16:00-04:00,7696.75,7696.75,7696.0,7696.0,72
2026-09-14T18:17:00-04:00,7696.25,7696.25,7695.0,7696.0,233
2026-09-14T18:18:00-04:00,7696.0,7696.5,7695.5,7696.25,79
2026-09-14T18:19:00-04:00,7696.5,7696.75,7696.25,7696.25,40
2026-09-14T18:20:00-04:00,7696.5,7696.75,7696.0,7696.25,114
2026-09-14T18:21:00-04:00,7696.0,7696.5,7696.0,7696.5,13
2026-09-14T18:22:00-04:00,7696.5,7696.5,7696.25,7696.5,14
2026-09-14T18:23:00-04:00,7696.5,7696.5,7696.25,7696.25,59
2026-09-14T18:24:00-04:00,7696.0,7696.25,7696.0,7696.25,41
2026-09-14T18:25:00-04:00,7696.25,7696.25,7695.75,7696.0,13
2026-09-14T18:26:00-04:00,7696.0,7696.0,7695.0,7695.0,42
2026-09-14T18:27:00-04:00,7695.25,7695.75,7695.0,7695.25,61
2026-09-14T18:28:00-04:00,7695.25,7695.5,7695.0,7695.5,33
2026-09-14T18:29:00-04:00,7695.75,7696.5,7695.75,7696.25,43
2026-09-14T18:30:00-04:00,7696.5,7696.75,7696.25,7696.75,68
2026-09-14T18:31:00-04:00,7696.75,7697.0,7696.75,7697.0,88
2026-09-14T18:32:00-04:00,7697.0,7697.25,7696.75,7697.25,53
2026-09-14T18:33:00-04:00,7697.0,7697.25,7696.75,7697.0,84
2026-09-14T18:34:00-04:00,7697.0,7697.25,7697.0,7697.0,12
2026-09-14T18:35:00-04:00,7697.0,7697.0,7697.0,7697.0,14
2026-09-14T18:36:00-04:00,7697.0,7697.0,7696.5,7696.75,63
2026-09-14T18:37:00-04:00,7697.0,7697.25,7696.75,7697.0,72
2026-09-14T18:38:00-04:00,7696.75,7696.75,7696.25,7696.5,16
2026-09-14T18:39:00-04:00,7696.5,7696.5,7696.25,7696.25,10
2026-09-14T18:40:00-04:00,7696.25,7696.25,7695.75,7696.0,30
2026-09-14T18:41:00-04:00,7696.0,7696.0,7695.75,7695.75,10
2026-09-14T18:42:00-04:00,7695.5,7696.25,7695.5,7696.0,34
2026-09-14T18:43:00-04:00,7696.0,7696.0,7696.0,7696.0,8
2026-09-14T18:44:00-04:00,7696.0,7696.0,7695.5,7695.5,31
2026-09-14T18:45:00-04:00,7695.75,7696.5,7695.75,7696.5,36
2026-09-14T18:46:00-04:00,7696.75,7696.75,7696.5,7696.5,11
2026-09-14T18:47:00-04:00,7696.75,7697.25,7696.75,7697.0,39
2026-09-14T18:48:00-04:00,7696.75,7696.75,7696.75,7696.75,10
2026-09-14T18:49:00-04:00,7697.0,7697.5,7697.0,7697.5,25
2026-09-14T18:50:00-04:00,7697.5,7698.0,7697.5,7698.0,31
2026-09-14T18:51:00-04:00,7698.0,7698.5,7698.0,7698.25,77
2026-09-14T18:52:00-04:00,7698.5,7698.5,7698.25,7698.5,42
2026-09-14T18:53:00-04:00,7698.25,7698.25,7697.5,7698.0,93
2026-09-14T18:54:00-04:00,7698.0,7698.25,7697.5,7697.75,39
2026-09-14T18:55:00-04:00,7697.75,7697.75,7697.5,7697.5,33
2026-09-14T18:56:00-04:00,7697.5,7697.75,7697.5,7697.5,18
2026-09-14T18:57:00-04:00,7697.25,7697.5,7697.25,7697.5,20
2026-09-14T18:58:00-04:00,7697.5,7697.5,7696.75,7697.25,42
2026-09-14T18:59:00-04:00,7697.0,7697.25,7696.75,7696.75,61
2026-09-14T19:00:00-04:00,7696.75,7697.0,7695.75,7696.25,120
2026-09-14T19:01:00-04:00,7696.25,7696.25,7695.75,7696.0,34
2026-09-14T19:02:00-04:00,7696.0,7696.25,7694.75,7695.75,132
2026-09-14T19:03:00-04:00,7695.75,7696.25,7695.75,7696.0,35
2026-09-14T19:04:00-04:00,7695.75,7696.0,7695.75,7696.0,9
2026-09-14T19:05:00-04:00,7696.0,7696.0,7695.5,7695.75,19
2026-09-14T19:06:00-04:00,7695.75,7695.75,7695.25,7695.25,13
2026-09-14T19:07:00-04:00,7695.25,7695.75,7695.25,7695.75,13
2026-09-14T19:08:00-04:00,7695.75,7696.25,7695.75,7696.25,17
2026-09-14T19:09:00-04:00,7696.25,7696.25,7696.0,7696.25,17
2026-09-14T19:10:00-04:00,7696.25,7696.25,7696.0,7696.0,26
2026-09-14T19:11:00-04:00,7696.0,7696.5,7696.0,7696.25,31
2026-09-14T19:12:00-04:00,7696.5,7697.0,7696.5,7697.0,22
2026-09-14T19:13:00-04:00,7697.0,7697.5,7697.0,7697.25,46
2026-09-14T19:14:00-04:00,7697.0,7697.25,7697.0,7697.0,72
2026-09-14T19:15:00-04:00,7697.0,7697.25,7697.0,7697.0,35
2026-09-14T19:16:00-04:00,7697.0,7697.0,7696.0,7696.25,58
2026-09-14T19:17:00-04:00,7696.25,7696.5,7695.75,7695.75,66
2026-09-14T19:18:00-04:00,7695.5,7696.25,7695.5,7695.75,84
2026-09-14T19:19:00-04:00,7695.5,7695.5,7694.75,7695.0,66
2026-09-14T19:20:00-04:00,7695.0,7695.0,7694.5,7695.0,62
2026-09-14T19:21:00-04:00,7695.0,7695.5,7695.0,7695.5,67
2026-09-14T19:22:00-04:00,7695.5,7695.75,7695.5,7695.75,125
2026-09-14T19:23:00-04:00,7695.75,7696.5,7695.75,7696.5,66
2026-09-14T19:24:00-04:00,7696.25,7696.25,7696.25,7696.25,50
2026-09-14T19:25:00-04:00,7696.0,7696.0,7696.0,7696.0,44
2026-09-14T19:26:00-04:00,7696.0,7696.75,7696.0,7696.75,29
2026-09-14T19:27:00-04:00,7696.75,7696.75,7696.0,7696.0,16
2026-09-14T19:28:00-04:00,7696.25,7696.25,7696.0,7696.0,25
2026-09-14T19:29:00-04:00,7695.75,7695.75,7695.0,7695.0,201
2026-09-14T19:30:00-04:00,7695.0,7695.5,7694.75,7695.25,86
2026-09-14T19:31:00-04:00,7695.25,7696.0,7695.25,7695.75,252
2026-09-14T19:32:00-04:00,7696.0,7696.25,7695.75,7696.0,56
2026-09-14T19:33:00-04:00,7695.75,7695.75,7695.5,7695.5,13
2026-09-14T19:34:00-04:00,7695.5,7695.5,7694.75,7695.5,70
2026-09-14T19:35:00-04:00,7695.75,7696.0,7695.75,7696.0,41
2026-09-14T19:36:00-04:00,7696.0,7696.0,7695.75,7696.0,36
2026-09-14T19:37:00-04:00,7696.0,7696.0,7695.5,7695.5,59
2026-09-14T19:38:00-04:00,7695.5,7696.5,7695.5,7696.5,43
2026-09-14T19:39:00-04:00,7696.25,7696.75,7696.25,7696.5,39
2026-09-14T19:40:00-04:00,7696.5,7697.0,7696.5,7697.0,43
2026-09-14T19:41:00-04:00,7696.75,7697.0,7696.0,7696.5,54
2026-09-14T19:42:00-04:00,7696.25,7696.75,7696.25,7696.5,22
2026-09-14T19:43:00-04:00,7696.25,7696.25,7695.25,7695.75,58
2026-09-14T19:44:00-04:00,7696.0,7696.0,7695.75,7696.0,27
2026-09-14T19:45:00-04:00,7696.25,7696.25,7694.75,7695.5,163
2026-09-14T19:46:00-04:00,7695.75,7696.75,7695.5,7696.0,132
2026-09-14T19:47:00-04:00,7696.25,7696.25,7695.0,7695.5,73
2026-09-14T19:48:00-04:00,7695.25,7695.5,7695.25,7695.25,48
2026-09-14T19:49:00-04:00,7695.5,7695.75,7695.25,7695.5,20
2026-09-14T19:50:00-04:00,7695.5,7695.5,7695.25,7695.5,82
2026-09-14T19:51:00-04:00,7695.25,7695.5,7695.25,7695.5,34
2026-09-14T19:52:00-04:00,7695.25,7695.25,7694.25,7694.25,118
2026-09-14T19:53:00-04:00,7694.25,7694.5,7694.0,7694.5,211
2026-09-14T19:54:00-04:00,7694.5,7694.75,7694.25,7694.75,53
2026-09-14T19:55:00-04:00,7694.75,7695.25,7694.75,7695.0,65
2026-09-14T19:56:00-04:00,7695.0,7696.25,7695.0,7695.5,152
2026-09-14T19:57:00-04:00,7695.25,7695.25,7694.75,7695.0,81
2026-09-14T19:58:00-04:00,7695.0,7696.5,7695.0,7696.25,246
2026-09-14T19:59:00-04:00,7696.25,7696.25,7695.5,7696.0,113
2026-09-14T20:00:00-04:00,7696.0,7697.5,7695.25,7696.25,913
2026-09-14T20:01:00-04:00,7696.25,7696.25,7694.75,7694.75,160
2026-09-14T20:02:00-04:00,7694.75,7695.25,7693.5,7693.75,139
2026-09-14T20:03:00-04:00,7693.75,7694.0,7693.25,7694.0,143
2026-09-14T20:04:00-04:00,7693.75,7694.75,7693.75,7694.0,85
2026-09-14T20:05:00-04:00,7694.25,7694.5,7692.0,7693.25,182
2026-09-14T20:06:00-04:00,7693.25,7694.0,7692.0,7692.25,229
2026-09-14T20:07:00-04:00,7692.5,7695.0,7692.25,7694.75,122
2026-09-14T20:08:00-04:00,7694.75,7696.5,7694.75,7696.0,136
2026-09-14T20:09:00-04:00,7696.0,7696.75,7695.75,7696.25,179
2026-09-14T20:10:00-04:00,7696.25,7696.25,7695.0,7695.25,90
2026-09-14T20:11:00-04:00,7695.25,7695.5,7694.0,7695.0,165
2026-09-14T20:12:00-04:00,7694.75,7695.75,7694.75,7695.0,94
2026-09-14T20:13:00-04:00,7695.0,7696.5,7695.0,7696.0,53
2026-09-14T20:14:00-04:00,7696.0,7696.5,7695.75,7696.0,62
2026-09-14T20:15:00-04:00,7696.0,7696.0,7694.75,7695.25,90
2026-09-14T20:16:00-04:00,7695.0,7695.25,7693.25,7693.5,163
2026-09-14T20:17:00-04:00,7693.5,7694.0,7692.75,7693.25,159
2026-09-14T20:18:00-04:00,7693.5,7693.5,7692.75,7693.0,126
2026-09-14T20:19:00-04:00,7693.25,7694.5,7693.0,7694.0,124
2026-09-14T20:20:00-04:00,7693.75,7694.5,7692.75,7694.5,163
2026-09-14T20:21:00-04:00,7694.5,7695.25,7694.25,7694.75,76
2026-09-14T20:22:00-04:00,7694.75,7695.25,7694.75,7695.0,51
2026-09-14T20:23:00-04:00,7695.0,7695.5,7694.75,7695.25,100
2026-09-14T20:24:00-04:00,7695.0,7696.25,7694.75,7696.25,83
2026-09-14T20:25:00-04:00,7696.25,7696.5,7695.75,7696.25,239
2026-09-14T20:26:00-04:00,7696.25,7696.5,7695.75,7695.75,195
2026-09-14T20:27:00-04:00,7696.0,7696.25,7694.5,7694.5,70
2026-09-14T20:28:00-04:00,7694.5,7695.0,7694.5,7695.0,42
2026-09-14T20:29:00-04:00,7695.0,7695.5,7694.75,7694.75,71
2026-09-14T20:30:00-04:00,7695.0,7695.25,7694.75,7695.0,52
2026-09-14T20:31:00-04:00,7695.0,7695.75,7695.0,7695.25,77
2026-09-14T20:32:00-04:00,7695.5,7695.5,7694.5,7695.0,70
2026-09-14T20:33:00-04:00,7695.0,7695.25,7694.75,7695.25,60
2026-09-14T20:34:00-04:00,7695.0,7695.0,7694.25,7694.25,115
2026-09-14T20:35:00-04:00,7694.25,7695.0,7694.0,7695.0,80
2026-09-14T20:36:00-04:00,7695.25,7696.75,7695.25,7696.5,115
2026-09-14T20:37:00-04:00,7696.5,7696.5,7695.75,7696.0,65
2026-09-14T20:38:00-04:00,7696.0,7696.5,7696.0,7696.25,43
2026-09-14T20:39:00-04:00,7696.0,7697.5,7696.0,7697.25,131
2026-09-14T20:40:00-04:00,7697.5,7698.75,7697.5,7698.75,150
2026-09-14T20:41:00-04:00,7698.5,7699.0,7698.5,7698.75,91
2026-09-14T20:42:00-04:00,7698.75,7699.75,7698.75,7699.75,178
2026-09-14T20:43:00-04:00,7699.75,7700.25,7699.5,7699.75,129
2026-09-14T20:44:00-04:00,7699.75,7700.0,7698.75,7699.5,160
2026-09-14T20:45:00-04:00,7699.5,7699.5,7698.75,7698.75,71
2026-09-14T20:46:00-04:00,7698.75,7698.75,7697.5,7697.75,166
2026-09-14T20:47:00-04:00,7697.75,7698.0,7697.25,7697.25,71
2026-09-14T20:48:00-04:00,7697.5,7698.0,7697.25,7697.5,58
2026-09-14T20:49:00-04:00,7697.25,7699.0,7697.25,7698.75,104
2026-09-14T20:50:00-04:00,7698.5,7699.75,7698.5,7699.5,142
2026-09-14T20:51:00-04:00,7699.5,7699.5,7698.75,7699.0,106
2026-09-14T20:52:00-04:00,7699.0,7700.5,7699.0,7700.0,114
2026-09-14T20:53:00-04:00,7700.0,7700.25,7699.75,7700.0,154
2026-09-14T20:54:00-04:00,7700.0,7700.0,7699.0,7699.5,93
2026-09-14T20:55:00-04:00,7699.5,7700.0,7699.25,7700.0,81
2026-09-14T20:56:00-04:00,7700.0,7700.0,7699.0,7699.25,95
2026-09-14T20:57:00-04:00,7699.25,7699.25,7698.75,7699.0,135
2026-09-14T20:58:00-04:00,7699.0,7699.0,7697.25,7697.5,125
2026-09-14T20:59:00-04:00,7697.5,7698.0,7697.5,7697.75,46
2026-09-14T21:00:00-04:00,7697.5,7697.75,7696.25,7696.5,181
2026-09-14T21:01:00-04:00,7696.75,7698.25,7696.75,7697.75,178
2026-09-14T21:02:00-04:00,7697.75,7697.75,7696.25,7697.5,89
2026-09-14T21:03:00-04:00,7697.5,7699.5,7697.25,7699.5,144
2026-09-14T21:04:00-04:00,7699.5,7700.75,7699.5,7700.0,137
2026-09-14T21:05:00-04:00,7699.75,7699.75,7698.75,7698.75,116
2026-09-14T21:06:00-04:00,7698.75,7699.25,7697.25,7697.75,90
2026-09-14T21:07:00-04:00,7697.75,7698.5,7697.5,7697.75,66
2026-09-14T21:08:00-04:00,7698.0,7699.25,7698.0,7699.25,122
2026-09-14T21:09:00-04:00,7699.5,7699.75,7698.5,7698.75,122
2026-09-14T21:10:00-04:00,7698.5,7699.0,7698.5,7699.0,50
2026-09-14T21:11:00-04:00,7699.25,7699.75,7699.0,7699.5,53
2026-09-14T21:12:00-04:00,7699.75,7700.5,7699.75,7699.75,76
2026-09-14T21:13:00-04:00,7700.0,7700.0,7699.5,7699.75,48
2026-09-14T21:14:00-04:00,7699.75,7700.5,7699.5,7700.25,113
2026-09-14T21:15:00-04:00,7700.25,7700.5,7700.0,7700.25,51
2026-09-14T21:16:00-04:00,7700.5,7701.0,7700.25,7701.0,299
2026-09-14T21:17:00-04:00,7700.75,7700.75,7700.25,7700.5,131
2026-09-14T21:18:00-04:00,7700.5,7700.75,7699.75,7700.0,105
2026-09-14T21:19:00-04:00,7700.25,7700.5,7700.25,7700.25,53
2026-09-14T21:20:00-04:00,7700.0,7700.5,7699.75,7700.0,97
2026-09-14T21:21:00-04:00,7700.0,7700.0,7699.75,7700.0,48
2026-09-14T21:22:00-04:00,7700.25,7700.25,7699.75,7700.0,37
2026-09-14T21:23:00-04:00,7699.75,7699.75,7699.5,7699.5,147
2026-09-14T21:24:00-04:00,7699.5,7700.0,7699.5,7700.0,41
2026-09-14T21:25:00-04:00,7699.75,7700.0,7699.75,7699.75,114
2026-09-14T21:26:00-04:00,7699.75,7699.75,7699.0,7699.0,62
2026-09-14T21:27:00-04:00,7699.25,7699.25,7698.5,7698.5,211
2026-09-14T21:28:00-04:00,7698.5,7698.75,7698.0,7698.0,65
2026-09-14T21:29:00-04:00,7698.0,7698.0,7697.75,7698.0,94
2026-09-14T21:30:00-04:00,7698.25,7698.25,7697.5,7697.5,175
2026-09-14T21:31:00-04:00,7697.5,7698.25,7697.0,7698.25,190
2026-09-14T21:32:00-04:00,7698.0,7698.0,7697.0,7697.5,83
2026-09-14T21:33:00-04:00,7697.75,7698.25,7697.0,7697.5,106
2026-09-14T21:34:00-04:00,7697.25,7697.25,7695.25,7695.25,223
2026-09-14T21:35:00-04:00,7695.25,7695.5,7694.25,7694.25,355
2026-09-14T21:36:00-04:00,7694.25,7694.75,7693.75,7693.75,130
2026-09-14T21:37:00-04:00,7693.75,7694.0,7693.0,7693.5,164
2026-09-14T21:38:00-04:00,7693.5,7694.75,7693.25,7694.25,146
2026-09-14T21:39:00-04:00,7694.25,7695.0,7693.5,7694.25,113
2026-09-14T21:40:00-04:00,7694.25,7694.25,7690.75,7691.25,639
2026-09-14T21:41:00-04:00,7691.25,7691.25,7690.75,7690.75,140
2026-09-14T21:42:00-04:00,7690.75,7691.5,7690.0,7691.5,375
2026-09-14T21:43:00-04:00,7691.5,7692.25,7691.25,7692.0,74
2026-09-14T21:44:00-04:00,7692.0,7692.5,7691.75,7692.0,155
2026-09-14T21:45:00-04:00,7692.0,7692.25,7690.75,7691.5,103
2026-09-14T21:46:00-04:00,7691.75,7692.0,7691.0,7691.5,65
2026-09-14T21:47:00-04:00,7691.75,7692.25,7691.5,7691.75,131
2026-09-14T21:48:00-04:00,7691.75,7692.25,7691.75,7692.0,80
2026-09-14T21:49:00-04:00,7692.25,7693.5,7691.75,7693.5,149
2026-09-14T21:50:00-04:00,7693.5,7693.5,7691.5,7692.0,223
2026-09-14T21:51:00-04:00,7691.75,7691.75,7690.75,7691.25,105
2026-09-14T21:52:00-04:00,7691.0,7692.5,7690.5,7692.5,82
2026-09-14T21:53:00-04:00,7692.75,7695.0,7692.75,7695.0,170
2026-09-14T21:54:00-04:00,7695.0,7695.0,7693.5,7693.5,156
2026-09-14T21:55:00-04:00,7693.25,7694.75,7693.25,7694.75,203
2026-09-14T21:56:00-04:00,7694.75,7694.75,7693.25,7693.75,104
2026-09-14T21:57:00-04:00,7693.75,7694.0,7693.25,7693.25,66
2026-09-14T21:58:00-04:00,7693.25,7693.5,7692.75,7693.0,174
2026-09-14T21:59:00-04:00,7693.0,7693.5,7692.75,7693.5,62
2026-09-14T22:00:00-04:00,7693.25,7693.75,7692.75,7693.0,127
2026-09-14T22:01:00-04:00,7693.0,7695.0,7693.0,7694.75,103
2026-09-14T22:02:00-04:00,7694.75,7695.25,7694.5,7695.0,238
2026-09-14T22:03:00-04:00,7695.0,7695.0,7693.5,7693.75,145
2026-09-14T22:04:00-04:00,7693.75,7694.5,7693.5,7694.5,50
2026-09-14T22:05:00-04:00,7694.75,7694.75,7693.75,7693.75,102
2026-09-14T22:06:00-04:00,7693.75,7693.75,7692.75,7693.25,116
2026-09-14T22:07:00-04:00,7693.25,7694.0,7693.25,7693.25,272
2026-09-14T22:08:00-04:00,7693.25,7694.0,7693.0,7693.75,96
2026-09-14T22:09:00-04:00,7693.75,7694.25,7693.25,7694.0,37
2026-09-14T22:10:00-04:00,7694.0,7694.25,7693.5,7693.5,32
2026-09-14T22:11:00-04:00,7693.5,7694.0,7693.25,7693.75,54
2026-09-14T22:12:00-04:00,7693.75,7694.5,7693.5,7693.5,72
2026-09-14T22:13:00-04:00,7693.75,7694.0,7693.25,7693.5,81
2026-09-14T22:14:00-04:00,7693.5,7693.75,7693.25,7693.5,63
2026-09-14T22:15:00-04:00,7693.5,7693.5,7692.25,7693.25,76
2026-09-14T22:16:00-04:00,7693.5,7693.5,7693.0,7693.25,39
2026-09-14T22:17:00-04:00,7693.25,7693.25,7692.75,7692.75,23
2026-09-14T22:18:00-04:00,7693.0,7693.0,7692.25,7692.75,41
2026-09-14T22:19:00-04:00,7692.5,7692.75,7692.0,7692.0,54
2026-09-14T22:20:00-04:00,7692.25,7692.75,7692.25,7692.75,40
2026-09-14T22:21:00-04:00,7692.75,7692.75,7691.5,7691.5,129
2026-09-14T22:22:00-04:00,7691.5,7692.0,7691.5,7692.0,72
2026-09-14T22:23:00-04:00,7692.25,7692.5,7692.0,7692.0,54
2026-09-14T22:24:00-04:00,7692.0,7693.0,7692.0,7692.75,90
2026-09-14T22:25:00-04:00,7692.75,7693.25,7692.75,7693.0,45
2026-09-14T22:26:00-04:00,7693.25,7693.5,7692.5,7692.5,53
2026-09-14T22:27:00-04:00,7692.75,7693.0,7692.75,7692.75,40
2026-09-14T22:28:00-04:00,7692.5,7692.75,7692.25,7692.5,29
2026-09-14T22:29:00-04:00,7692.5,7692.75,7692.25,7692.5,52
2026-09-14T22:30:00-04:00,7692.5,7692.5,7692.0,7692.25,143
2026-09-14T22:31:00-04:00,7692.5,7693.5,7692.25,7692.5,125
2026-09-14T22:32:00-04:00,7692.5,7692.5,7691.75,7691.75,72
2026-09-14T22:33:00-04:00,7692.0,7692.0,7691.75,7691.75,75
2026-09-14T22:34:00-04:00,7692.0,7692.75,7692.0,7692.25,89
2026-09-14T22:35:00-04:00,7692.0,7692.75,7691.75,7692.0,100
2026-09-14T22:36:00-04:00,7692.0,7692.75,7691.5,7692.75,126
2026-09-14T22:37:00-04:00,7692.75,7692.75,7690.75,7691.0,134
2026-09-14T22:38:00-04:00,7691.0,7691.5,7690.75,7691.0,114
2026-09-14T22:39:00-04:00,7691.0,7691.5,7690.5,7691.5,713
2026-09-14T22:40:00-04:00,7691.5,7691.75,7691.5,7691.5,737
2026-09-14T22:41:00-04:00,7691.75,7692.0,7691.25,7691.25,37
2026-09-14T22:42:00-04:00,7691.25,7691.5,7690.0,7690.75,99
2026-09-14T22:43:00-04:00,7691.0,7691.75,7690.75,7691.75,72
2026-09-14T22:44:00-04:00,7691.75,7692.0,7690.5,7690.5,230
2026-09-14T22:45:00-04:00,7690.5,7691.25,7690.5,7691.0,81
2026-09-14T22:46:00-04:00,7690.5,7690.75,7690.5,7690.75,82
2026-09-14T22:47:00-04:00,7690.5,7690.75,7690.0,7690.5,59
2026-09-14T22:48:00-04:00,7690.5,7691.25,7690.5,7691.0,78
2026-09-14T22:49:00-04:00,7691.0,7691.75,7691.0,7691.5,451
2026-09-14T22:50:00-04:00,7691.5,7691.75,7690.75,7690.75,77
2026-09-14T22:51:00-04:00,7691.0,7691.25,7689.75,7690.25,197
2026-09-14T22:52:00-04:00,7690.5,7691.5,7690.25,7691.5,44
2026-09-14T22:53:00-04:00,7691.25,7691.5,7691.0,7691.25,29
2026-09-14T22:54:00-04:00,7691.75,7691.75,7690.5,7691.25,127
2026-09-14T22:55:00-04:00,7691.25,7691.5,7691.0,7691.5,65
2026-09-14T22:56:00-04:00,7691.5,7692.0,7691.25,7692.0,114
2026-09-14T22:57:00-04:00,7692.0,7692.0,7691.0,7691.25,70
2026-09-14T22:58:00-04:00,7691.25,7691.25,7690.5,7690.75,88
2026-09-14T22:59:00-04:00,7690.75,7691.0,7690.25,7690.5,103
2026-09-14T23:00:00-04:00,7690.25,7691.75,7690.0,7691.75,422
2026-09-14T23:01:00-04:00,7691.5,7691.5,7691.25,7691.25,83
2026-09-14T23:02:00-04:00,7691.25,7691.5,7690.75,7690.75,108
2026-09-14T23:03:00-04:00,7690.75,7691.0,7690.5,7690.5,47
2026-09-14T23:04:00-04:00,7690.25,7690.5,7689.5,7689.75,161
2026-09-14T23:05:00-04:00,7690.0,7690.0,7689.25,7689.5,166
2026-09-14T23:06:00-04:00,7689.5,7689.5,7688.5,7689.0,282
2026-09-14T23:07:00-04:00,7688.75,7689.0,7688.5,7688.75,212
2026-09-14T23:08:00-04:00,7689.0,7689.0,7688.5,7688.75,121
2026-09-14T23:09:00-04:00,7688.5,7689.0,7688.5,7688.5,37
2026-09-14T23:10:00-04:00,7688.25,7688.5,7688.25,7688.5,131
2026-09-14T23:11:00-04:00,7688.25,7688.5,7687.75,7688.0,180
2026-09-14T23:12:00-04:00,7688.25,7688.5,7688.0,7688.5,107
2026-09-14T23:13:00-04:00,7688.75,7689.0,7688.5,7689.0,59
2026-09-14T23:14:00-04:00,7688.75,7689.25,7688.75,7688.75,77
2026-09-14T23:15:00-04:00,7688.75,7689.25,7688.25,7689.0,117
2026-09-14T23:16:00-04:00,7689.0,7689.0,7688.0,7688.0,99
2026-09-14T23:17:00-04:00,7688.0,7688.25,7688.0,7688.25,36
2026-09-14T23:18:00-04:00,7688.25,7688.75,7688.25,7688.5,112
2026-09-14T23:19:00-04:00,7688.5,7688.75,7688.0,7688.0,48
2026-09-14T23:20:00-04:00,7688.0,7688.25,7687.75,7688.0,55
2026-09-14T23:21:00-04:00,7688.25,7688.5,7688.0,7688.25,215
2026-09-14T23:22:00-04:00,7688.25,7688.5,7688.25,7688.5,42
2026-09-14T23:23:00-04:00,7688.25,7688.25,7687.75,7688.0,65
2026-09-14T23:24:00-04:00,7688.0,7688.0,7688.0,7688.0,19
2026-09-14T23:25:00-04:00,7688.0,7688.0,7687.75,7687.75,61
2026-09-14T23:26:00-04:00,7687.75,7688.0,7687.25,7687.75,110
2026-09-14T23:27:00-04:00,7688.0,7688.25,7687.75,7688.0,153
2026-09-14T23:28:00-04:00,7688.0,7688.0,7687.75,7688.0,105
2026-09-14T23:29:00-04:00,7688.0,7688.25,7687.5,7688.0,91
2026-09-14T23:30:00-04:00,7688.0,7688.0,7687.0,7688.0,172
2026-09-14T23:31:00-04:00,7688.0,7688.0,7687.5,7687.5,56
2026-09-14T23:32:00-04:00,7687.5,7688.5,7687.5,7687.75,262
2026-09-14T23:33:00-04:00,7688.0,7688.5,7688.0,7688.0,56
2026-09-14T23:34:00-04:00,7688.0,7688.0,7687.75,7688.0,50
2026-09-14T23:35:00-04:00,7688.25,7688.75,7688.25,7688.75,42
2026-09-14T23:36:00-04:00,7688.5,7688.75,7687.75,7687.75,71
2026-09-14T23:37:00-04:00,7687.5,7688.0,7687.25,7687.5,53
2026-09-14T23:38:00-04:00,7687.5,7687.75,7687.25,7687.75,46
2026-09-14T23:39:00-04:00,7687.75,7688.0,7687.5,7687.5,35
2026-09-14T23:40:00-04:00,7687.5,7687.75,7687.25,7687.75,33
2026-09-14T23:41:00-04:00,7687.75,7687.75,7687.25,7687.25,37
2026-09-14T23:42:00-04:00,7687.5,7687.75,7687.25,7687.5,85
2026-09-14T23:43:00-04:00,7687.5,7687.5,7687.5,7687.5,29
2026-09-14T23:44:00-04:00,7687.25,7687.75,7687.0,7687.75,72
2026-09-14T23:45:00-04:00,7687.75,7688.5,7687.25,7687.5,122
2026-09-14T23:46:00-04:00,7687.5,7687.5,7686.5,7686.75,88
2026-09-14T23:47:00-04:00,7686.5,7687.25,7686.5,7686.5,283
2026-09-14T23:48:00-04:00,7686.5,7686.5,7685.75,7686.0,312
2026-09-14T23:49:00-04:00,7686.0,7686.5,7685.75,7686.5,165
2026-09-14T23:50:00-04:00,7686.5,7686.5,7685.75,7685.75,238
2026-09-14T23:51:00-04:00,7686.0,7686.25,7685.75,7686.0,276
2026-09-14T23:52:00-04:00,7685.75,7686.25,7685.5,7685.75,236
2026-09-14T23:53:00-04:00,7685.75,7686.25,7685.5,7686.0,152
2026-09-14T23:54:00-04:00,7686.0,7686.0,7683.0,7683.25,997
2026-09-14T23:55:00-04:00,7683.25,7683.5,7682.5,7683.0,292
2026-09-14T23:56:00-04:00,7683.0,7683.25,7682.0,7682.0,109
2026-09-14T23:57:00-04:00,7682.0,7682.25,7681.75,7682.25,79
2026-09-14T23:58:00-04:00,7682.25,7682.25,7681.75,7682.25,41
2026-09-15T00:09:00-04:00,7682.0,7682.0,7681.75,7682.0,22
2026-09-15T00:10:00-04:00,7682.0,7682.75,7682.0,7682.0,53
2026-09-15T00:11:00-04:00,7681.75,7681.75,7681.0,7681.25,49
2026-09-15T00:12:00-04:00,7681.0,7681.5,7680.5,7681.0,118
2026-09-15T00:13:00-04:00,7681.0,7681.5,7680.5,7680.5,80
2026-09-15T00:14:00-04:00,7680.5,7681.0,7680.25,7680.5,79
2026-09-15T00:15:00-04:00,7680.5,7681.0,7679.5,7680.5,179
2026-09-15T00:16:00-04:00,7680.5,7680.5,7680.0,7680.25,154
2026-09-15T00:17:00-04:00,7680.0,7680.5,7679.75,7680.25,70
2026-09-15T00:18:00-04:00,7680.25,7680.5,7679.75,7680.0,80
2026-09-15T00:19:00-04:00,7680.0,7680.25,7679.5,7679.75,175
2026-09-15T00:20:00-04:00,7680.0,7680.25,7679.5,7680.0,187
2026-09-15T00:21:00-04:00,7679.75,7679.75,7678.25,7678.25,392
2026-09-15T00:22:00-04:00,7678.25,7678.5,7677.5,7678.25,226
2026-09-15T00:23:00-04:00,7678.25,7678.25,7677.5,7677.5,168
2026-09-15T00:24:00-04:00,7677.5,7677.5,7676.5,7677.0,129
2026-09-15T00:25:00-04:00,7677.0,7677.25,7676.25,7676.5,193
2026-09-15T00:26:00-04:00,7676.5,7676.5,7675.75,7675.75,162
2026-09-15T00:27:00-04:00,7675.75,7676.0,7675.5,7675.5,156
2026-09-15T00:28:00-04:00,7675.5,7675.75,7675.0,7675.25,355
2026-09-15T00:29:00-04:00,7675.25,7675.75,7674.25,7675.5,482
2026-09-15T00:30:00-04:00,7675.75,7676.5,7675.25,7675.75,274
2026-09-15T00:31:00-04:00,7675.5,7676.75,7675.5,7676.25,160
2026-09-15T00:32:00-04:00,7676.5,7676.5,7675.5,7675.75,95
2026-09-15T00:33:00-04:00,7675.75,7675.75,7674.75,7674.75,108
2026-09-15T00:34:00-04:00,7675.0,7675.5,7675.0,7675.5,167
2026-09-15T00:35:00-04:00,7675.75,7675.75,7675.0,7675.0,89
2026-09-15T00:36:00-04:00,7675.0,7675.0,7673.75,7674.5,300
2026-09-15T00:37:00-04:00,7674.25,7674.25,7671.75,7672.0,320
2026-09-15T00:38:00-04:00,7672.0,7673.25,7672.0,7673.0,143
2026-09-15T00:39:00-04:00,7673.25,7674.0,7673.0,7673.25,205
2026-09-15T00:40:00-04:00,7673.5,7674.0,7673.0,7673.75,156
2026-09-15T00:41:00-04:00,7673.75,7675.75,7673.75,7675.5,347
2026-09-15T00:42:00-04:00,7675.5,7676.75,7675.5,7676.5,299
2026-09-15T00:43:00-04:00,7676.5,7677.0,7676.0,7676.25,171
2026-09-15T00:44:00-04:00,7676.25,7676.25,7675.25,7675.75,110
2026-09-15T00:45:00-04:00,7675.5,7675.75,7674.25,7675.0,123
2026-09-15T00:46:00-04:00,7674.75,7675.0,7674.25,7674.75,74
2026-09-15T00:47:00-04:00,7674.5,7675.5,7674.25,7675.5,82
2026-09-15T00:48:00-04:00,7675.25,7676.75,7675.25,7676.75,83
2026-09-15T00:49:00-04:00,7676.75,7676.75,7674.75,7675.0,301
2026-09-15T00:50:00-04:00,7674.75,7675.0,7672.5,7672.75,198
2026-09-15T00:51:00-04:00,7673.0,7673.25,7672.0,7672.0,171
2026-09-15T00:52:00-04:00,7672.25,7672.25,7671.25,7671.25,132
2026-09-15T00:53:00-04:00,7671.25,7671.5,7670.75,7671.5,516
2026-09-15T00:54:00-04:00,7671.75,7672.75,7671.75,7672.25,405
2026-09-15T00:55:00-04:00,7672.25,7672.25,7671.25,7671.75,183
2026-09-15T00:56:00-04:00,7671.75,7671.75,7670.0,7670.5,234
2026-09-15T00:57:00-04:00,7670.5,7671.0,7670.5,7670.5,168
2026-09-15T00:58:00-04:00,7670.25,7670.75,7670.25,7670.5,58
2026-09-15T00:59:00-04:00,7670.75,7670.75,7668.75,7669.0,153
2026-09-15T01:00:00-04:00,7668.75,7671.25,7668.75,7670.75,255
2026-09-15T01:01:00-04:00,7670.75,7671.0,7670.0,7670.25,94
2026-09-15T01:02:00-04:00,7670.0,7670.5,7669.0,7669.25,253
2026-09-15T01:03:00-04:00,7669.25,7669.75,7668.75,7669.0,114
2026-09-15T01:04:00-04:00,7669.0,7669.5,7668.75,7669.0,54
2026-09-15T01:05:00-04:00,7669.0,7670.0,7669.0,7669.25,174
2026-09-15T01:06:00-04:00,7669.25,7669.5,7668.5,7668.5,126
2026-09-15T01:07:00-04:00,7668.75,7669.25,7667.75,7668.0,417
2026-09-15T01:08:00-04:00,7668.25,7668.25,7666.75,7667.0,215
2026-09-15T01:09:00-04:00,7666.75,7667.5,7666.0,7666.0,249
2026-09-15T01:10:00-04:00,7666.0,7666.25,7665.5,7665.75,161
2026-09-15T01:11:00-04:00,7666.0,7666.75,7665.5,7665.5,182
2026-09-15T01:12:00-04:00,7665.75,7665.75,7664.75,7664.75,257
2026-09-15T01:13:00-04:00,7664.75,7666.5,7664.75,7665.75,336
2026-09-15T01:14:00-04:00,7665.75,7666.0,7665.25,7665.75,154
2026-09-15T01:15:00-04:00,7665.5,7665.5,7664.0,7664.25,273
2026-09-15T01:16:00-04:00,7664.25,7665.0,7663.5,7664.5,208
2026-09-15T01:17:00-04:00,7664.5,7665.0,7663.75,7663.75,128
2026-09-15T01:18:00-04:00,7664.0,7665.5,7664.0,7665.25,161
2026-09-15T01:19:00-04:00,7665.25,7665.25,7663.0,7664.25,134
2026-09-15T01:20:00-04:00,7664.25,7666.0,7664.0,7665.0,119
2026-09-15T01:21:00-04:00,7665.25,7665.5,7663.75,7664.5,86
2026-09-15T01:22:00-04:00,7664.25,7665.25,7663.75,7664.75,215
2026-09-15T01:23:00-04:00,7665.0,7665.0,7664.5,7665.0,95
2026-09-15T01:24:00-04:00,7665.25,7665.75,7664.5,7665.0,185
2026-09-15T01:25:00-04:00,7665.0,7665.25,7664.5,7664.75,138
2026-09-15T01:26:00-04:00,7665.0,7665.75,7664.75,7665.5,50
2026-09-15T01:27:00-04:00,7665.5,7667.0,7665.5,7667.0,79
2026-09-15T01:28:00-04:00,7667.0,7668.0,7666.5,7668.0,153
2026-09-15T01:29:00-04:00,7668.25,7669.0,7668.0,7668.25,157
2026-09-15T01:30:00-04:00,7668.0,7668.5,7667.5,7668.25,191
2026-09-15T01:31:00-04:00,7668.0,7668.25,7667.0,7668.0,90
2026-09-15T01:32:00-04:00,7668.0,7668.5,7667.75,7668.5,146
2026-09-15T01:33:00-04:00,7668.5,7670.0,7668.25,7669.0,470
2026-09-15T01:34:00-04:00,7669.25,7669.25,7668.0,7669.25,118
2026-09-15T01:35:00-04:00,7669.0,7669.25,7667.25,7668.0,216
2026-09-15T01:36:00-04:00,7667.75,7668.5,7667.0,7668.25,126
2026-09-15T01:37:00-04:00,7668.0,7668.5,7667.25,7667.25,87
2026-09-15T01:38:00-04:00,7667.0,7667.25,7665.75,7666.25,126
2026-09-15T01:39:00-04:00,7666.25,7668.75,7666.25,7668.25,268
2026-09-15T01:40:00-04:00,7668.5,7671.5,7668.25,7671.5,352
2026-09-15T01:41:00-04:00,7671.25,7672.75,7671.25,7672.5,235
2026-09-15T01:42:00-04:00,7672.75,7673.5,7672.5,7673.0,210
2026-09-15T01:43:00-04:00,7672.75,7672.75,7672.25,7672.75,159
2026-09-15T01:44:00-04:00,7673.0,7675.0,7673.0,7674.5,372
2026-09-15T01:45:00-04:00,7674.5,7675.75,7674.5,7675.25,309
2026-09-15T01:46:00-04:00,7675.0,7675.0,7673.25,7673.75,243
2026-09-15T01:47:00-04:00,7674.0,7674.5,7673.75,7674.0,146
2026-09-15T01:48:00-04:00,7674.25,7675.75,7674.25,7675.5,108
2026-09-15T01:49:00-04:00,7675.75,7677.0,7674.5,7674.5,374
2026-09-15T01:50:00-04:00,7674.75,7676.0,7673.75,7676.0,168
2026-09-15T01:51:00-04:00,7675.75,7677.75,7675.75,7676.75,349
2026-09-15T01:52:00-04:00,7677.0,7679.25,7676.75,7679.25,338
2026-09-15T01:53:00-04:00,7679.0,7679.0,7678.0,7678.0,119
2026-09-15T01:54:00-04:00,7678.0,7679.25,7678.0,7679.0,102
2026-09-15T01:55:00-04:00,7679.0,7679.0,7677.25,7677.25,103
2026-09-15T01:56:00-04:00,7677.0,7677.25,7674.5,7675.25,194
2026-09-15T01:57:00-04:00,7675.25,7676.0,7675.25,7675.5,76
2026-09-15T01:58:00-04:00,7675.25,7675.25,7674.5,7674.5,61
2026-09-15T01:59:00-04:00,7674.75,7675.0,7674.5,7674.75,107
2026-09-15T02:00:00-04:00,7675.0,7676.75,7674.75,7676.0,240
2026-09-15T02:01:00-04:00,7676.0,7677.0,7675.75,7676.5,195
2026-09-15T02:02:00-04:00,7676.5,7677.5,7676.25,7677.0,298
2026-09-15T02:03:00-04:00,7677.0,7677.75,7675.75,7677.5,239
2026-09-15T02:04:00-04:00,7677.25,7677.75,7676.75,7676.75,147
2026-09-15T02:05:00-04:00,7676.75,7677.0,7675.0,7675.0,132
2026-09-15T02:06:00-04:00,7674.75,7675.5,7673.5,7673.75,323
2026-09-15T02:07:00-04:00,7673.75,7676.0,7673.5,7675.75,169
2026-09-15T02:08:00-04:00,7675.75,7675.75,7674.75,7675.0,96
2026-09-15T02:09:00-04:00,7675.25,7675.75,7674.25,7674.5,173
2026-09-15T02:10:00-04:00,7674.5,7675.0,7673.75,7674.0,655
2026-09-15T02:11:00-04:00,7673.75,7674.0,7673.0,7673.25,259
2026-09-15T02:12:00-04:00,7673.5,7674.25,7673.25,7674.0,217
2026-09-15T02:13:00-04:00,7674.25,7675.75,7674.25,7675.25,203
2026-09-15T02:14:00-04:00,7675.25,7676.0,7674.75,7674.75,79
2026-09-15T02:15:00-04:00,7674.5,7675.0,7673.75,7674.25,194
2026-09-15T02:16:00-04:00,7674.25,7674.5,7673.75,7674.0,53
2026-09-15T02:17:00-04:00,7674.0,7675.25,7674.0,7675.25,192
2026-09-15T02:18:00-04:00,7675.25,7675.25,7674.5,7674.75,145
2026-09-15T02:19:00-04:00,7674.75,7675.0,7674.5,7675.0,137
2026-09-15T02:20:00-04:00,7674.75,7674.75,7674.25,7674.25,187
2026-09-15T02:21:00-04:00,7674.5,7675.0,7673.75,7674.5,137
2026-09-15T02:22:00-04:00,7674.25,7674.75,7673.5,7674.0,122
2026-09-15T02:23:00-04:00,7674.0,7675.75,7674.0,7675.0,116
2026-09-15T02:24:00-04:00,7674.75,7675.0,7672.75,7673.0,116
2026-09-15T02:25:00-04:00,7673.25,7673.5,7672.75,7673.25,125
2026-09-15T02:26:00-04:00,7673.25,7673.5,7672.25,7672.5,89
2026-09-15T02:27:00-04:00,7672.75,7672.75,7672.0,7672.0,247
2026-09-15T02:28:00-04:00,7672.25,7672.75,7672.25,7672.75,70
2026-09-15T02:29:00-04:00,7673.0,7673.0,7671.5,7672.0,494
2026-09-15T02:30:00-04:00,7672.0,7672.25,7670.75,7670.75,1058
2026-09-15T02:31:00-04:00,7670.75,7671.0,7669.75,7670.75,586
2026-09-15T02:32:00-04:00,7670.75,7671.5,7670.5,7670.5,259
2026-09-15T02:33:00-04:00,7670.5,7670.75,7669.75,7669.75,189
2026-09-15T02:34:00-04:00,7669.5,7669.75,7669.5,7669.5,143
2026-09-15T02:35:00-04:00,7669.75,7671.75,7669.5,7669.5,342
2026-09-15T02:36:00-04:00,7669.25,7669.5,7668.0,7669.0,261
2026-09-15T02:37:00-04:00,7668.75,7669.0,7668.25,7668.25,214
2026-09-15T02:38:00-04:00,7668.5,7669.25,7668.25,7669.25,177
2026-09-15T02:39:00-04:00,7669.25,7669.5,7668.25,7669.25,137
2026-09-15T02:40:00-04:00,7669.25,7670.0,7669.25,7669.5,176
2026-09-15T02:41:00-04:00,7669.25,7670.5,7669.25,7670.25,111
2026-09-15T02:42:00-04:00,7670.5,7671.0,7669.75,7670.25,154
2026-09-15T02:43:00-04:00,7670.25,7670.25,7668.5,7668.5,272
2026-09-15T02:44:00-04:00,7668.5,7668.75,7667.5,7668.0,327
2026-09-15T02:45:00-04:00,7668.0,7669.75,7667.5,7669.5,121
2026-09-15T02:46:00-04:00,7669.5,7669.5,7669.25,7669.25,100
2026-09-15T02:47:00-04:00,7669.25,7669.75,7668.75,7668.75,189
2026-09-15T02:48:00-04:00,7668.75,7669.25,7668.5,7668.75,177
2026-09-15T02:49:00-04:00,7669.0,7669.25,7668.25,7668.25,150
2026-09-15T02:50:00-04:00,7668.25,7668.75,7667.5,7668.0,166
2026-09-15T02:51:00-04:00,7668.25,7668.25,7667.5,7668.0,180
2026-09-15T02:52:00-04:00,7668.25,7668.25,7666.5,7666.75,532
2026-09-15T02:53:00-04:00,7666.75,7667.0,7666.25,7666.25,320
2026-09-15T02:54:00-04:00,7666.25,7667.25,7665.75,7666.5,189
2026-09-15T02:55:00-04:00,7666.25,7666.5,7665.5,7666.0,200
2026-09-15T02:56:00-04:00,7666.0,7667.0,7664.75,7667.0,231
2026-09-15T02:57:00-04:00,7667.0,7668.5,7666.75,7668.0,223
2026-09-15T02:58:00-04:00,7668.25,7668.5,7667.75,7668.0,185
2026-09-15T02:59:00-04:00,7668.0,7668.75,7667.5,7667.5,254
2026-09-15T03:00:00-04:00,7667.5,7668.25,7664.75,7668.0,877
2026-09-15T03:01:00-04:00,7667.5,7668.0,7664.75,7665.0,556
2026-09-15T03:02:00-04:00,7665.0,7665.5,7664.25,7664.5,848
2026-09-15T03:03:00-04:00,7664.75,7668.0,7664.5,7667.5,632
2026-09-15T03:04:00-04:00,7667.5,7670.0,7667.0,7668.0,464
2026-09-15T03:05:00-04:00,7668.0,7669.0,7665.75,7666.0,336
2026-09-15T03:06:00-04:00,7666.0,7667.25,7665.25,7666.25,344
2026-09-15T03:07:00-04:00,7666.25,7666.75,7664.0,7665.25,299
2026-09-15T03:08:00-04:00,7665.5,7666.25,7665.25,7665.25,448
2026-09-15T03:09:00-04:00,7665.25,7666.25,7664.25,7666.25,226
2026-09-15T03:10:00-04:00,7666.5,7667.25,7664.75,7664.75,287
2026-09-15T03:11:00-04:00,7665.0,7665.25,7662.5,7663.0,458
2026-09-15T03:12:00-04:00,7663.0,7663.5,7660.5,7662.5,838
2026-09-15T03:13:00-04:00,7662.5,7664.25,7661.75,7662.0,397
2026-09-15T03:14:00-04:00,7662.0,7662.0,7660.25,7660.75,496
2026-09-15T03:15:00-04:00,7660.5,7662.0,7660.5,7661.5,324
2026-09-15T03:16:00-04:00,7661.5,7663.5,7661.5,7662.5,414
2026-09-15T03:17:00-04:00,7662.25,7662.5,7661.0,7661.5,235
2026-09-15T03:18:00-04:00,7661.5,7662.5,7660.75,7662.0,630
2026-09-15T03:19:00-04:00,7662.25,7664.25,7661.75,7664.25,535
2026-09-15T03:20:00-04:00,7664.25,7666.25,7663.75,7665.75,877
2026-09-15T03:21:00-04:00,7665.5,7665.75,7664.25,7664.5,298
2026-09-15T03:22:00-04:00,7664.75,7665.5,7663.25,7664.25,359
2026-09-15T03:23:00-04:00,7664.25,7667.5,7663.5,7667.25,344
2026-09-15T03:24:00-04:00,7667.0,7668.0,7665.75,7668.0,268
2026-09-15T03:25:00-04:00,7668.25,7668.75,7666.25,7666.5,370
2026-09-15T03:26:00-04:00,7666.5,7667.0,7665.0,7665.25,450
2026-09-15T03:27:00-04:00,7665.0,7665.5,7663.5,7664.0,336
2026-09-15T03:28:00-04:00,7664.0,7664.25,7662.75,7663.75,382
2026-09-15T03:29:00-04:00,7663.75,7665.25,7663.25,7665.25,201
2026-09-15T03:30:00-04:00,7665.25,7666.0,7664.0,7664.5,410
2026-09-15T03:31:00-04:00,7664.5,7666.25,7663.75,7666.25,306
2026-09-15T03:32:00-04:00,7666.5,7666.75,7665.0,7665.75,349
2026-09-15T03:33:00-04:00,7665.75,7665.75,7664.75,7665.25,199
2026-09-15T03:34:00-04:00,7665.25,7665.5,7664.5,7665.0,267
2026-09-15T03:35:00-04:00,7664.75,7665.25,7663.0,7664.0,523
2026-09-15T03:36:00-04:00,7664.0,7664.0,7661.5,7661.75,521
2026-09-15T03:37:00-04:00,7661.75,7662.5,7661.25,7661.75,331
2026-09-15T03:38:00-04:00,7662.0,7662.5,7660.75,7660.75,451
2026-09-15T03:39:00-04:00,7660.75,7662.0,7660.25,7660.5,844
2026-09-15T03:40:00-04:00,7660.5,7661.0,7659.5,7660.25,340
2026-09-15T03:41:00-04:00,7660.5,7660.5,7656.75,7657.25,936
2026-09-15T03:42:00-04:00,7657.25,7658.0,7656.25,7658.0,663
2026-09-15T03:43:00-04:00,7658.0,7659.25,7657.5,7657.5,1309
2026-09-15T03:44:00-04:00,7657.75,7657.75,7656.25,7656.5,359
2026-09-15T03:45:00-04:00,7656.25,7657.75,7656.0,7656.75,418
2026-09-15T03:46:00-04:00,7657.0,7658.0,7656.75,7657.5,540
2026-09-15T03:47:00-04:00,7657.75,7659.75,7656.5,7656.75,1028
2026-09-15T03:48:00-04:00,7657.0,7658.25,7656.5,7658.25,243
2026-09-15T03:49:00-04:00,7658.0,7658.0,7656.5,7657.75,358
2026-09-15T03:50:00-04:00,7658.0,7658.75,7657.75,7658.25,375
2026-09-15T03:51:00-04:00,7658.25,7658.25,7655.5,7655.5,465
2026-09-15T03:52:00-04:00,7655.5,7655.75,7653.5,7655.0,981
2026-09-15T03:53:00-04:00,7655.0,7656.5,7654.75,7656.5,461
2026-09-15T03:54:00-04:00,7656.5,7657.75,7656.0,7656.25,233
2026-09-15T03:55:00-04:00,7656.0,7656.0,7654.5,7655.0,403
2026-09-15T03:56:00-04:00,7655.0,7656.25,7654.75,7656.25,199
2026-09-15T03:57:00-04:00,7656.25,7658.5,7656.25,7657.75,391
2026-09-15T03:58:00-04:00,7657.75,7659.0,7656.75,7657.5,838
2026-09-15T03:59:00-04:00,7657.25,7658.75,7657.25,7658.5,841
2026-09-15T04:00:00-04:00,7658.75,7658.75,7654.0,7654.25,1124
2026-09-15T04:01:00-04:00,7654.0,7655.0,7653.0,7654.75,1409
2026-09-15T04:02:00-04:00,7654.75,7655.75,7653.25,7653.5,1063
2026-09-15T04:03:00-04:00,7653.5,7655.0,7653.25,7654.25,1323
2026-09-15T04:04:00-04:00,7654.0,7655.0,7653.25,7654.0,4120
2026-09-15T04:05:00-04:00,7654.0,7654.25,7653.0,7654.0,835
2026-09-15T04:06:00-04:00,7654.0,7654.5,7653.5,7654.5,610
2026-09-15T04:07:00-04:00,7654.25,7654.5,7651.0,7651.25,1564
2026-09-15T04:08:00-04:00,7651.0,7651.0,7647.75,7648.0,1352
2026-09-15T04:09:00-04:00,7648.25,7649.5,7647.25,7647.25,695
2026-09-15T04:10:00-04:00,7647.0,7647.0,7645.5,7645.5,842
2026-09-15T04:11:00-04:00,7645.5,7649.5,7645.0,7649.25,1065
2026-09-15T04:12:00-04:00,7649.0,7650.0,7648.5,7649.5,803
2026-09-15T04:13:00-04:00,7649.25,7651.75,7649.0,7651.25,341
2026-09-15T04:14:00-04:00,7651.25,7653.5,7650.5,7653.25,674
2026-09-15T04:15:00-04:00,7653.25,7655.75,7653.25,7655.75,462
2026-09-15T04:16:00-04:00,7655.75,7656.0,7652.75,7654.25,1118
2026-09-15T04:17:00-04:00,7654.25,7655.5,7654.25,7654.75,1609
2026-09-15T04:18:00-04:00,7654.75,7657.0,7654.75,7657.0,601
2026-09-15T04:19:00-04:00,7657.0,7658.25,7656.75,7658.25,566
2026-09-15T04:20:00-04:00,7658.25,7660.0,7658.25,7658.5,757
2026-09-15T04:21:00-04:00,7658.75,7659.0,7657.5,7658.25,369
2026-09-15T04:22:00-04:00,7658.0,7659.0,7657.5,7658.5,389
2026-09-15T04:23:00-04:00,7658.5,7659.0,7657.0,7657.25,329
2026-09-15T04:24:00-04:00,7657.0,7657.25,7654.75,7655.25,513
2026-09-15T04:25:00-04:00,7655.5,7656.0,7654.75,7655.25,437
2026-09-15T04:26:00-04:00,7655.5,7656.25,7655.0,7655.25,367
2026-09-15T04:27:00-04:00,7655.5,7657.0,7653.5,7653.75,780
2026-09-15T04:28:00-04:00,7653.75,7656.5,7652.0,7653.5,1817
2026-09-15T04:29:00-04:00,7653.5,7655.0,7651.25,7654.0,675
2026-09-15T04:30:00-04:00,7654.0,7655.0,7652.75,7654.0,452
2026-09-15T04:31:00-04:00,7653.75,7654.75,7653.25,7653.75,657
2026-09-15T04:32:00-04:00,7653.75,7654.25,7653.0,7653.5,237
2026-09-15T04:33:00-04:00,7653.25,7654.0,7651.75,7652.75,955
2026-09-15T04:34:00-04:00,7652.75,7653.75,7652.0,7652.25,488
2026-09-15T04:35:00-04:00,7652.25,7653.25,7651.0,7652.75,956
2026-09-15T04:36:00-04:00,7652.75,7654.25,7651.25,7651.75,337
2026-09-15T04:37:00-04:00,7652.0,7652.5,7651.5,7652.5,398
2026-09-15T04:38:00-04:00,7652.5,7654.75,7650.75,7651.25,793
2026-09-15T04:39:00-04:00,7651.75,7652.75,7651.25,7652.5,330
2026-09-15T04:40:00-04:00,7652.5,7652.5,7651.0,7652.0,269
2026-09-15T04:41:00-04:00,7652.0,7652.25,7651.0,7652.0,106
2026-09-15T04:42:00-04:00,7651.75,7652.25,7650.75,7652.25,307
2026-09-15T04:43:00-04:00,7652.25,7652.5,7650.25,7652.0,361
2026-09-15T04:44:00-04:00,7652.25,7652.25,7649.5,7650.0,185
2026-09-15T04:45:00-04:00,7650.25,7650.5,7649.5,7649.75,112
2026-09-15T04:46:00-04:00,7649.5,7650.5,7649.25,7649.75,244
2026-09-15T04:47:00-04:00,7649.5,7650.5,7649.25,7650.25,257
2026-09-15T04:48:00-04:00,7650.25,7650.5,7649.5,7650.25,307
2026-09-15T04:49:00-04:00,7650.5,7650.5,7650.0,7650.5,144
2026-09-15T04:50:00-04:00,7650.0,7651.25,7650.0,7650.5,446
2026-09-15T04:51:00-04:00,7650.5,7651.0,7650.25,7650.75,273
2026-09-15T04:52:00-04:00,7650.75,7651.5,7650.5,7650.5,235
2026-09-15T04:53:00-04:00,7650.5,7652.0,7650.5,7650.75,316
2026-09-15T04:54:00-04:00,7650.75,7651.5,7650.5,7651.0,262
2026-09-15T04:55:00-04:00,7651.0,7651.5,7650.0,7650.75,333
2026-09-15T04:56:00-04:00,7650.75,7651.25,7650.75,7651.0,510
2026-09-15T04:57:00-04:00,7651.0,7653.75,7649.0,7651.25,787
2026-09-15T04:58:00-04:00,7651.25,7651.75,7650.75,7650.75,465
2026-09-15T04:59:00-04:00,7650.75,7652.5,7650.75,7651.0,244
2026-09-15T05:00:00-04:00,7651.25,7651.5,7649.5,7649.5,538
2026-09-15T05:01:00-04:00,7649.75,7651.0,7649.5,7650.5,250
2026-09-15T05:02:00-04:00,7650.25,7650.5,7648.5,7648.5,298
2026-09-15T05:03:00-04:00,7648.5,7651.0,7648.25,7650.0,330
2026-09-15T05:04:00-04:00,7650.0,7650.75,7649.25,7650.75,1115
2026-09-15T05:05:00-04:00,7650.5,7653.0,7650.25,7653.0,851
2026-09-15T05:06:00-04:00,7652.75,7653.25,7651.25,7651.25,482
2026-09-15T05:07:00-04:00,7651.0,7651.75,7649.5,7649.5,575
2026-09-15T05:08:00-04:00,7649.75,7650.75,7649.25,7650.5,669
2026-09-15T05:09:00-04:00,7650.25,7650.5,7649.5,7649.5,518
2026-09-15T05:10:00-04:00,7649.25,7649.75,7648.75,7648.75,400
2026-09-15T05:11:00-04:00,7648.75,7651.75,7648.75,7651.75,787
2026-09-15T05:12:00-04:00,7651.5,7651.5,7649.25,7649.5,475
2026-09-15T05:13:00-04:00,7649.5,7649.75,7648.5,7649.0,635
2026-09-15T05:14:00-04:00,7648.75,7651.25,7648.5,7650.25,1120
2026-09-15T05:15:00-04:00,7650.0,7650.25,7648.25,7650.25,342
2026-09-15T05:16:00-04:00,7650.0,7651.0,7648.5,7649.0,380
2026-09-15T05:17:00-04:00,7649.25,7649.5,7646.75,7647.0,1780
2026-09-15T05:18:00-04:00,7647.0,7647.5,7645.75,7646.5,1230
2026-09-15T05:19:00-04:00,7646.5,7647.5,7646.25,7646.75,1254
2026-09-15T05:20:00-04:00,7647.0,7648.25,7647.0,7647.5,269
2026-09-15T05:21:00-04:00,7647.5,7647.75,7647.0,7647.0,797
2026-09-15T05:22:00-04:00,7647.25,7649.5,7646.5,7648.75,2510
2026-09-15T05:23:00-04:00,7648.75,7652.0,7646.5,7648.75,1711
2026-09-15T05:24:00-04:00,7648.5,7649.0,7647.0,7647.5,612
2026-09-15T05:25:00-04:00,7647.75,7649.25,7646.75,7647.5,373
2026-09-15T05:26:00-04:00,7647.75,7649.75,7647.75,7648.75,317
2026-09-15T05:27:00-04:00,7649.0,7651.25,7648.5,7650.25,517
2026-09-15T05:28:00-04:00,7650.25,7652.25,7650.25,7651.75,414
2026-09-15T05:29:00-04:00,7651.75,7652.25,7651.25,7652.0,631
2026-09-15T05:30:00-04:00,7652.0,7652.75,7651.25,7651.75,393
2026-09-15T05:31:00-04:00,7651.75,7653.75,7651.75,7652.0,383
2026-09-15T05:32:00-04:00,7652.0,7653.0,7651.25,7652.5,314
2026-09-15T05:33:00-04:00,7652.25,7652.25,7650.75,7651.75,393
2026-09-15T05:34:00-04:00,7651.75,7654.25,7651.25,7654.25,599
2026-09-15T05:35:00-04:00,7654.0,7656.25,7653.75,7656.0,662
2026-09-15T05:36:00-04:00,7655.75,7656.75,7655.75,7656.75,448
2026-09-15T05:37:00-04:00,7656.75,7657.75,7656.5,7657.75,729
2026-09-15T05:38:00-04:00,7657.75,7658.25,7657.5,7657.75,472
2026-09-15T05:39:00-04:00,7657.75,7658.75,7657.5,7658.25,240
2026-09-15T05:40:00-04:00,7658.25,7658.5,7657.75,7657.75,259
2026-09-15T05:41:00-04:00,7658.0,7658.0,7657.0,7658.0,448
2026-09-15T05:42:00-04:00,7658.25,7659.0,7657.5,7658.5,223
2026-09-15T05:43:00-04:00,7658.5,7658.75,7658.25,7658.25,484
2026-09-15T05:44:00-04:00,7658.0,7658.0,7657.0,7657.5,151
2026-09-15T05:45:00-04:00,7657.5,7658.25,7657.5,7658.0,304
2026-09-15T05:46:00-04:00,7658.0,7660.0,7658.0,7659.75,536
2026-09-15T05:47:00-04:00,7659.75,7661.25,7659.75,7661.25,593
2026-09-15T05:48:00-04:00,7661.25,7664.0,7661.25,7663.75,672
2026-09-15T05:49:00-04:00,7663.75,7664.0,7663.0,7663.25,798
2026-09-15T05:50:00-04:00,7663.25,7664.25,7663.0,7664.0,238
2026-09-15T05:51:00-04:00,7664.0,7664.75,7664.0,7664.5,706
2026-09-15T05:52:00-04:00,7664.75,7666.25,7663.0,7664.0,793
2026-09-15T05:53:00-04:00,7664.0,7664.0,7663.25,7663.75,1219
2026-09-15T05:54:00-04:00,7664.0,7665.75,7663.75,7665.75,197
2026-09-15T05:55:00-04:00,7666.0,7666.5,7665.5,7666.0,312
2026-09-15T05:56:00-04:00,7666.0,7666.0,7665.75,7665.75,733
2026-09-15T05:57:00-04:00,7666.0,7666.0,7664.75,7665.0,1108
2026-09-15T05:58:00-04:00,7665.0,7665.0,7663.75,7664.25,391
2026-09-15T05:59:00-04:00,7664.25,7666.0,7664.25,7666.0,383
2026-09-15T06:00:00-04:00,7666.25,7667.5,7665.25,7667.5,788
2026-09-15T06:01:00-04:00,7667.5,7667.5,7666.0,7666.25,399
2026-09-15T06:02:00-04:00,7666.25,7667.5,7666.25,7666.75,593
2026-09-15T06:03:00-04:00,7666.75,7667.25,7666.5,7667.25,373
2026-09-15T06:04:00-04:00,7667.0,7667.25,7665.0,7665.5,1682
2026-09-15T06:05:00-04:00,7665.5,7666.0,7664.25,7665.75,404
2026-09-15T06:06:00-04:00,7665.75,7665.75,7665.25,7665.75,236
2026-09-15T06:07:00-04:00,7666.0,7666.5,7665.5,7665.75,366
2026-09-15T06:08:00-04:00,7665.75,7667.0,7665.75,7666.75,244
2026-09-15T06:09:00-04:00,7666.75,7667.0,7666.5,7666.75,334
2026-09-15T06:10:00-04:00,7666.75,7668.0,7666.75,7668.0,1409
2026-09-15T06:11:00-04:00,7668.0,7672.0,7668.0,7668.5,1354
2026-09-15T06:12:00-04:00,7668.5,7669.0,7666.75,7667.0,747
2026-09-15T06:13:00-04:00,7667.25,7667.25,7666.75,7667.25,1112
2026-09-15T06:14:00-04:00,7667.25,7668.0,7667.0,7667.75,599
2026-09-15T06:15:00-04:00,7667.5,7667.5,7665.75,7666.75,575
2026-09-15T06:16:00-04:00,7666.75,7666.75,7665.25,7665.5,425
2026-09-15T06:17:00-04:00,7665.5,7666.25,7665.25,7666.0,434
2026-09-15T06:18:00-04:00,7666.0,7666.5,7665.0,7666.0,392
2026-09-15T06:19:00-04:00,7666.0,7666.25,7665.75,7666.0,454
2026-09-15T06:20:00-04:00,7666.25,7668.25,7666.0,7667.75,865
2026-09-15T06:21:00-04:00,7667.75,7667.75,7666.5,7666.75,619
2026-09-15T06:22:00-04:00,7666.75,7667.0,7666.25,7666.75,178
2026-09-15T06:23:00-04:00,7667.0,7668.5,7667.0,7668.0,372
2026-09-15T06:24:00-04:00,7668.25,7669.0,7668.25,7668.75,618
2026-09-15T06:25:00-04:00,7668.75,7669.25,7668.0,7668.5,342
2026-09-15T06:26:00-04:00,7668.25,7668.5,7668.0,7668.0,259
2026-09-15T06:27:00-04:00,7668.25,7668.25,7667.5,7667.75,249
2026-09-15T06:28:00-04:00,7667.75,7667.75,7667.25,7667.75,454
2026-09-15T06:29:00-04:00,7667.75,7668.5,7667.75,7668.25,369
2026-09-15T06:30:00-04:00,7668.5,7668.5,7667.25,7668.0,349
2026-09-15T06:31:00-04:00,7668.0,7668.0,7667.0,7667.5,224
2026-09-15T06:32:00-04:00,7667.75,7669.0,7667.75,7668.5,356
2026-09-15T06:33:00-04:00,7668.5,7669.75,7668.5,7669.75,317
2026-09-15T06:34:00-04:00,7669.75,7669.75,7669.0,7669.75,535
2026-09-15T06:35:00-04:00,7669.5,7670.0,7669.25,7670.0,333
2026-09-15T06:36:00-04:00,7670.0,7670.75,7670.0,7670.0,299
2026-09-15T06:37:00-04:00,7670.25,7670.25,7668.75,7670.0,327
2026-09-15T06:38:00-04:00,7670.25,7670.75,7669.75,7670.0,246
2026-09-15T06:39:00-04:00,7669.75,7671.5,7669.0,7671.25,610
2026-09-15T06:40:00-04:00,7671.0,7671.75,7671.0,7671.5,161
2026-09-15T06:41:00-04:00,7671.5,7671.75,7670.5,7670.75,439
2026-09-15T06:42:00-04:00,7671.0,7676.25,7671.0,7672.5,1088
2026-09-15T06:43:00-04:00,7672.25,7672.5,7671.25,7671.75,511
2026-09-15T06:44:00-04:00,7671.75,7672.75,7671.25,7672.0,193
2026-09-15T06:45:00-04:00,7672.25,7672.25,7671.75,7672.0,185
2026-09-15T06:46:00-04:00,7671.75,7672.0,7671.25,7671.75,209
2026-09-15T06:47:00-04:00,7671.75,7671.75,7670.25,7670.5,456
2026-09-15T06:48:00-04:00,7670.75,7671.75,7670.75,7671.75,204
2026-09-15T06:49:00-04:00,7671.5,7673.5,7671.25,7673.0,407
2026-09-15T06:50:00-04:00,7673.0,7673.25,7672.75,7673.0,183
2026-09-15T06:51:00-04:00,7673.25,7674.75,7673.25,7674.5,371
2026-09-15T06:52:00-04:00,7674.5,7675.25,7674.0,7675.0,532
2026-09-15T06:53:00-04:00,7675.25,7675.75,7674.75,7675.75,236
2026-09-15T06:54:00-04:00,7675.75,7676.5,7675.25,7676.0,548
2026-09-15T06:55:00-04:00,7676.0,7680.5,7676.0,7678.0,1004
2026-09-15T06:56:00-04:00,7677.75,7677.75,7676.0,7676.5,433
2026-09-15T06:57:00-04:00,7676.25,7676.75,7675.75,7676.0,356
2026-09-15T06:58:00-04:00,7676.0,7676.5,7675.5,7676.0,246
2026-09-15T06:59:00-04:00,7676.25,7676.5,7675.25,7676.25,296
2026-09-15T07:00:00-04:00,7676.0,7678.0,7675.5,7677.25,498
2026-09-15T07:01:00-04:00,7677.25,7677.75,7676.75,7677.5,322
2026-09-15T07:02:00-04:00,7677.75,7678.25,7677.25,7677.5,409
2026-09-15T07:03:00-04:00,7677.25,7677.25,7676.0,7676.25,544
2026-09-15T07:04:00-04:00,7676.25,7677.25,7676.25,7677.25,309
2026-09-15T07:05:00-04:00,7677.25,7677.25,7675.25,7676.5,299
2026-09-15T07:06:00-04:00,7676.5,7677.0,7675.75,7676.0,295
2026-09-15T07:07:00-04:00,7676.0,7677.5,7676.0,7677.5,272
2026-09-15T07:08:00-04:00,7677.5,7677.75,7677.0,7677.75,507
2026-09-15T07:09:00-04:00,7677.75,7680.0,7677.25,7679.75,1062
2026-09-15T07:10:00-04:00,7679.5,7680.25,7679.0,7680.0,530
2026-09-15T07:11:00-04:00,7680.0,7680.25,7679.0,7679.0,334
2026-09-15T07:12:00-04:00,7679.0,7679.5,7678.25,7678.5,387
2026-09-15T07:13:00-04:00,7678.75,7679.25,7678.75,7679.0,142
2026-09-15T07:14:00-04:00,7679.25,7679.25,7678.5,7678.75,310
2026-09-15T07:15:00-04:00,7678.75,7679.25,7678.0,7678.25,217
2026-09-15T07:16:00-04:00,7678.25,7679.0,7678.25,7678.75,220
2026-09-15T07:17:00-04:00,7678.75,7679.5,7678.75,7679.25,220
2026-09-15T07:18:00-04:00,7679.5,7681.0,7679.5,7680.75,1135
2026-09-15T07:19:00-04:00,7680.75,7681.5,7680.0,7680.0,648
2026-09-15T07:20:00-04:00,7680.25,7680.25,7679.5,7680.0,399
2026-09-15T07:21:00-04:00,7680.0,7680.75,7679.5,7679.5,134
2026-09-15T07:22:00-04:00,7679.5,7680.75,7678.75,7680.5,748
2026-09-15T07:23:00-04:00,7680.5,7680.5,7679.25,7679.5,405
2026-09-15T07:24:00-04:00,7679.75,7679.75,7678.25,7679.0,193
2026-09-15T07:25:00-04:00,7679.0,7679.5,7678.5,7678.5,336
2026-09-15T07:26:00-04:00,7678.5,7679.0,7677.75,7678.0,273
2026-09-15T07:27:00-04:00,7678.0,7678.25,7677.25,7678.0,314
2026-09-15T07:28:00-04:00,7678.0,7679.25,7677.75,7679.0,398
2026-09-15T07:29:00-04:00,7678.75,7678.75,7677.5,7678.25,518
2026-09-15T07:30:00-04:00,7678.25,7678.25,7677.0,7677.25,212
2026-09-15T07:31:00-04:00,7677.25,7677.5,7676.5,7676.5,420
2026-09-15T07:32:00-04:00,7676.5,7676.75,7675.5,7676.5,558
2026-09-15T07:33:00-04:00,7676.5,7676.75,7676.0,7676.5,377
2026-09-15T07:34:00-04:00,7676.5,7678.5,7676.25,7678.5,1555
2026-09-15T07:35:00-04:00,7678.5,7680.0,7678.5,7678.75,451
2026-09-15T07:36:00-04:00,7678.75,7679.5,7678.0,7679.25,378
2026-09-15T07:37:00-04:00,7679.25,7679.25,7678.0,7679.25,340
2026-09-15T07:38:00-04:00,7679.25,7679.5,7678.0,7678.25,797
2026-09-15T07:39:00-04:00,7678.25,7678.25,7677.0,7677.25,662
2026-09-15T07:40:00-04:00,7677.25,7678.75,7676.75,7677.5,1340
2026-09-15T07:41:00-04:00,7677.5,7677.75,7676.75,7677.0,1533
2026-09-15T07:42:00-04:00,7677.25,7677.75,7677.0,7677.5,169
2026-09-15T07:43:00-04:00,7677.5,7678.75,7677.5,7678.5,1484
2026-09-15T07:44:00-04:00,7678.5,7679.0,7678.0,7678.0,428
2026-09-15T07:45:00-04:00,7678.0,7678.75,7677.75,7678.75,1110
2026-09-15T07:46:00-04:00,7678.75,7679.0,7678.25,7678.25,444
2026-09-15T07:47:00-04:00,7678.25,7679.75,7677.75,7678.5,691
2026-09-15T07:48:00-04:00,7678.25,7679.0,7677.75,7678.75,848
2026-09-15T07:49:00-04:00,7678.75,7678.75,7677.75,7678.0,314
2026-09-15T07:50:00-04:00,7678.25,7680.75,7678.25,7680.5,1733
2026-09-15T07:51:00-04:00,7680.5,7681.25,7680.5,7680.75,818
2026-09-15T07:52:00-04:00,7680.5,7680.75,7679.0,7679.5,540
2026-09-15T07:53:00-04:00,7679.25,7680.0,7678.25,7678.5,1566
2026-09-15T07:54:00-04:00,7678.5,7679.0,7677.5,7678.75,840
2026-09-15T07:55:00-04:00,7678.5,7678.75,7678.0,7678.25,308
2026-09-15T07:56:00-04:00,7678.25,7680.25,7678.25,7679.5,325
2026-09-15T07:57:00-04:00,7679.75,7681.5,7679.5,7681.25,979
2026-09-15T07:58:00-04:00,7681.25,7681.75,7680.5,7680.5,976
2026-09-15T07:59:00-04:00,7680.5,7682.25,7680.5,7681.75,2159
2026-09-15T08:00:00-04:00,7681.75,7682.75,7681.0,7682.5,2157
2026-09-15T08:01:00-04:00,7682.75,7683.25,7681.75,7682.75,1574
2026-09-15T08:02:00-04:00,7682.75,7682.75,7680.25,7680.5,928
2026-09-15T08:03:00-04:00,7680.25,7680.5,7679.25,7680.25,1113
2026-09-15T08:04:00-04:00,7680.25,7682.0,7679.75,7681.75,1468
2026-09-15T08:05:00-04:00,7682.0,7682.0,7680.25,7680.25,487
2026-09-15T08:06:00-04:00,7680.5,7681.5,7680.0,7680.75,1071
2026-09-15T08:07:00-04:00,7680.75,7682.0,7680.5,7681.75,522
2026-09-15T08:08:00-04:00,7681.5,7681.75,7680.5,7680.75,484
2026-09-15T08:09:00-04:00,7680.5,7681.0,7679.75,7680.75,289
2026-09-15T08:10:00-04:00,7681.0,7682.0,7680.5,7682.0,459
2026-09-15T08:11:00-04:00,7682.0,7684.25,7681.75,7684.25,895
2026-09-15T08:12:00-04:00,7684.0,7684.25,7683.25,7683.25,286
2026-09-15T08:13:00-04:00,7683.5,7683.5,7682.25,7682.75,400
2026-09-15T08:14:00-04:00,7682.75,7684.0,7682.5,7683.75,274
2026-09-15T08:15:00-04:00,7683.75,7683.75,7682.5,7682.5,485
2026-09-15T08:16:00-04:00,7682.5,7682.75,7681.5,7682.75,385
2026-09-15T08:17:00-04:00,7682.75,7684.0,7682.25,7684.0,457
2026-09-15T08:18:00-04:00,7684.0,7685.25,7682.5,7682.75,1665
2026-09-15T08:19:00-04:00,7682.5,7684.0,7681.75,7683.5,847
2026-09-15T08:20:00-04:00,7683.5,7683.75,7681.5,7681.75,795
2026-09-15T08:21:00-04:00,7681.75,7683.0,7681.75,7682.25,991
2026-09-15T08:22:00-04:00,7682.25,7682.75,7681.75,7681.75,981
2026-09-15T08:23:00-04:00,7681.75,7681.75,7679.5,7679.5,1277
2026-09-15T08:24:00-04:00,7679.5,7680.0,7678.5,7679.5,589
2026-09-15T08:25:00-04:00,7679.5,7681.25,7679.5,7681.0,536
2026-09-15T08:26:00-04:00,7680.75,7681.75,7680.25,7681.75,671
2026-09-15T08:27:00-04:00,7681.75,7683.75,7681.25,7683.25,1110
2026-09-15T08:28:00-04:00,7683.5,7683.5,7682.25,7682.25,178
2026-09-15T08:29:00-04:00,7682.25,7683.5,7681.5,7683.0,239
2026-09-15T08:30:00-04:00,7683.0,7683.25,7681.25,7682.0,606
2026-09-15T08:31:00-04:00,7682.25,7682.5,7681.25,7681.25,599
2026-09-15T08:32:00-04:00,7681.5,7681.5,7679.75,7680.25,570
2026-09-15T08:33:00-04:00,7680.5,7680.75,7679.75,7680.5,316
2026-09-15T08:34:00-04:00,7680.75,7685.75,7680.75,7685.75,1170
2026-09-15T08:35:00-04:00,7686.0,7686.0,7683.75,7685.0,732
2026-09-15T08:36:00-04:00,7685.25,7686.25,7684.0,7684.5,551
2026-09-15T08:37:00-04:00,7684.5,7686.0,7684.5,7684.75,378
2026-09-15T08:38:00-04:00,7684.75,7686.25,7684.5,7685.0,625
2026-09-15T08:39:00-04:00,7685.0,7686.0,7685.0,7685.25,1387
2026-09-15T08:40:00-04:00,7685.25,7685.5,7684.25,7685.25,366
2026-09-15T08:41:00-04:00,7685.25,7685.25,7683.25,7683.5,1376
2026-09-15T08:42:00-04:00,7683.25,7683.25,7681.75,7681.75,371
2026-09-15T08:43:00-04:00,7682.0,7684.25,7682.0,7683.75,650
2026-09-15T08:44:00-04:00,7683.75,7685.0,7683.0,7684.0,585
2026-09-15T08:45:00-04:00,7684.0,7686.25,7683.5,7685.75,1322
2026-09-15T08:46:00-04:00,7685.75,7688.5,7685.5,7687.75,1283
2026-09-15T08:47:00-04:00,7687.75,7689.5,7686.75,7688.0,1834
2026-09-15T08:48:00-04:00,7688.25,7695.0,7687.25,7694.5,2917
2026-09-15T08:49:00-04:00,7694.5,7694.5,7692.25,7692.5,2160
2026-09-15T08:50:00-04:00,7692.5,7693.5,7691.25,7692.25,1505
2026-09-15T08:51:00-04:00,7692.25,7693.75,7690.75,7692.5,1343
2026-09-15T08:52:00-04:00,7692.5,7693.0,7691.5,7692.5,733
2026-09-15T08:53:00-04:00,7692.25,7695.0,7692.25,7694.75,758
2026-09-15T08:54:00-04:00,7694.75,7696.25,7694.25,7695.75,1050
2026-09-15T08:55:00-04:00,7696.0,7697.5,7687.75,7693.0,5216
2026-09-15T08:56:00-04:00,7693.0,7694.0,7691.0,7691.25,1468
2026-09-15T08:57:00-04:00,7691.0,7691.25,7689.5,7690.5,762
2026-09-15T08:58:00-04:00,7690.5,7690.5,7688.5,7689.0,2229
2026-09-15T08:59:00-04:00,7689.0,7689.75,7688.5,7689.25,621
2026-09-15T09:00:00-04:00,7689.0,7690.0,7688.0,7689.0,1392
2026-09-15T09:01:00-04:00,7689.25,7690.25,7688.5,7688.5,1005
2026-09-15T09:02:00-04:00,7688.25,7689.25,7688.25,7688.75,1248
2026-09-15T09:03:00-04:00,7689.0,7690.25,7688.25,7690.25,776
2026-09-15T09:04:00-04:00,7690.25,7692.25,7690.0,7692.25,1217
2026-09-15T09:05:00-04:00,7692.25,7692.5,7691.0,7691.25,3358
2026-09-15T09:06:00-04:00,7691.25,7691.5,7690.75,7691.25,1492
2026-09-15T09:07:00-04:00,7691.25,7691.75,7690.25,7691.25,1542
2026-09-15T09:08:00-04:00,7691.25,7691.5,7690.5,7691.5,1032
2026-09-15T09:09:00-04:00,7691.5,7691.75,7689.25,7689.75,876
2026-09-15T09:10:00-04:00,7690.0,7691.25,7689.5,7690.75,2283
2026-09-15T09:11:00-04:00,7691.0,7691.25,7689.75,7690.0,750
2026-09-15T09:12:00-04:00,7690.0,7690.0,7689.0,7689.5,403
2026-09-15T09:13:00-04:00,7689.5,7690.0,7689.0,7689.0,945
2026-09-15T09:14:00-04:00,7689.25,7689.25,7688.0,7688.5,873
2026-09-15T09:15:00-04:00,7688.5,7689.25,7688.0,7688.5,526
2026-09-15T09:16:00-04:00,7688.5,7692.5,7688.25,7689.75,1882
2026-09-15T09:17:00-04:00,7690.0,7691.0,7689.5,7690.5,495
2026-09-15T09:18:00-04:00,7690.75,7690.75,7688.25,7688.25,630
2026-09-15T09:19:00-04:00,7688.25,7689.25,7687.75,7689.25,936
2026-09-15T09:20:00-04:00,7689.0,7690.0,7688.75,7688.75,1706
2026-09-15T09:21:00-04:00,7688.75,7690.25,7688.0,7690.25,1672
2026-09-15T09:22:00-04:00,7690.0,7690.0,7687.5,7688.5,1962
2026-09-15T09:23:00-04:00,7688.25,7690.75,7688.0,7690.25,980
2026-09-15T09:24:00-04:00,7690.0,7690.75,7689.25,7690.25,2261
2026-09-15T09:25:00-04:00,7690.25,7693.5,7689.75,7692.0,2139
2026-09-15T09:26:00-04:00,7691.75,7691.75,7689.5,7690.25,3059
2026-09-15T09:27:00-04:00,7690.0,7690.25,7688.5,7689.0,1809
2026-09-15T09:28:00-04:00,7689.0,7689.0,7686.5,7686.75,1814
2026-09-15T09:29:00-04:00,7686.5,7686.5,7684.25,7684.25,3189
2026-09-15T09:30:00-04:00,7684.25,7687.0,7681.0,7682.0,16931
2026-09-15T09:31:00-04:00,7682.0,7683.25,7674.25,7674.75,10241
2026-09-15T09:32:00-04:00,7674.75,7676.25,7672.5,7675.0,7068
2026-09-15T09:33:00-04:00,7675.0,7676.75,7671.0,7671.25,6276
2026-09-15T09:34:00-04:00,7671.0,7673.0,7670.25,7672.0,6360
2026-09-15T09:35:00-04:00,7672.0,7677.5,7671.75,7676.75,7274
2026-09-15T09:36:00-04:00,7677.0,7679.75,7676.25,7678.25,7674
2026-09-15T09:37:00-04:00,7678.5,7680.0,7677.25,7677.5,9763
2026-09-15T09:38:00-04:00,7677.5,7681.75,7677.5,7681.0,4624
2026-09-15T09:39:00-04:00,7681.0,7681.5,7678.75,7681.0,3845
2026-09-15T09:40:00-04:00,7681.0,7681.5,7678.25,7681.0,5837
2026-09-15T09:41:00-04:00,7680.75,7681.5,7678.0,7679.5,6112
2026-09-15T09:42:00-04:00,7679.5,7680.25,7677.5,7677.5,3891
2026-09-15T09:43:00-04:00,7677.5,7679.75,7677.0,7679.5,2527
2026-09-15T09:44:00-04:00,7679.5,7683.25,7679.5,7682.5,4890
2026-09-15T09:45:00-04:00,7682.5,7684.75,7680.75,7680.75,9443
2026-09-15T09:46:00-04:00,7680.75,7681.5,7679.75,7680.5,3466
2026-09-15T09:47:00-04:00,7680.75,7680.75,7677.25,7678.25,4165
2026-09-15T09:48:00-04:00,7678.25,7678.25,7676.0,7676.25,5112
2026-09-15T09:49:00-04:00,7676.25,7676.75,7675.0,7676.25,4258
2026-09-15T09:50:00-04:00,7676.25,7677.5,7674.75,7675.5,5655
2026-09-15T09:51:00-04:00,7675.5,7678.25,7674.5,7677.75,3417
2026-09-15T09:52:00-04:00,7677.5,7680.25,7677.0,7679.75,4055
2026-09-15T09:53:00-04:00,7679.75,7680.5,7677.75,7680.0,3337
2026-09-15T09:54:00-04:00,7680.0,7680.5,7677.5,7679.5,3942
2026-09-15T09:55:00-04:00,7679.5,7680.0,7678.0,7678.5,3400
2026-09-15T09:56:00-04:00,7678.75,7679.25,7676.75,7677.75,3659
2026-09-15T09:57:00-04:00,7677.5,7678.75,7677.25,7678.25,2684
2026-09-15T09:58:00-04:00,7678.5,7679.0,7677.0,7678.25,4003
2026-09-15T09:59:00-04:00,7678.25,7679.0,7676.5,7678.25,3757
2026-09-15T10:00:00-04:00,7678.5,7678.5,7674.75,7675.0,4348
2026-09-15T10:01:00-04:00,7675.0,7675.5,7673.25,7674.75,4217
2026-09-15T10:02:00-04:00,7674.75,7675.0,7673.0,7673.25,3125
2026-09-15T10:03:00-04:00,7673.5,7674.0,7672.0,7672.0,2822
2026-09-15T10:04:00-04:00,7672.25,7674.0,7671.0,7671.0,5689
2026-09-15T10:05:00-04:00,7671.0,7673.75,7671.0,7672.0,4949
2026-09-15T10:06:00-04:00,7671.75,7672.75,7669.5,7669.5,4736
2026-09-15T10:07:00-04:00,7669.5,7670.5,7668.0,7670.0,4385
2026-09-15T10:08:00-04:00,7670.25,7670.5,7668.0,7668.5,4808
2026-09-15T10:09:00-04:00,7668.25,7668.75,7667.5,7668.0,2986
2026-09-15T10:10:00-04:00,7667.75,7667.75,7665.25,7665.5,7342
2026-09-15T10:11:00-04:00,7665.5,7665.75,7663.0,7664.25,4969
2026-09-15T10:12:00-04:00,7664.25,7664.75,7662.75,7664.0,5881
2026-09-15T10:13:00-04:00,7663.75,7665.0,7661.75,7662.0,4455
2026-09-15T10:14:00-04:00,7661.75,7663.5,7661.5,7662.25,7063
2026-09-15T10:15:00-04:00,7662.25,7664.0,7661.75,7663.25,4332
2026-09-15T10:16:00-04:00,7663.25,7664.5,7661.75,7662.25,7663
2026-09-15T10:17:00-04:00,7662.25,7665.25,7661.75,7665.25,5246
2026-09-15T10:18:00-04:00,7665.0,7667.0,7664.0,7665.0,5028
2026-09-15T10:19:00-04:00,7665.0,7666.0,7664.0,7664.75,4717
2026-09-15T10:20:00-04:00,7665.0,7666.25,7664.0,7665.5,3453
2026-09-15T10:21:00-04:00,7665.5,7665.5,7658.75,7658.75,4898
2026-09-15T10:22:00-04:00,7659.0,7659.5,7656.5,7656.75,6933
2026-09-15T10:23:00-04:00,7656.75,7657.0,7654.0,7654.25,7781
2026-09-15T10:24:00-04:00,7654.25,7659.25,7654.0,7658.75,6317
2026-09-15T10:25:00-04:00,7659.0,7659.75,7657.25,7658.0,7699
2026-09-15T10:26:00-04:00,7658.0,7658.75,7657.0,7658.0,4439
2026-09-15T10:27:00-04:00,7658.25,7659.25,7657.0,7657.5,3611
2026-09-15T10:28:00-04:00,7657.75,7659.75,7657.25,7659.0,2595
2026-09-15T10:29:00-04:00,7659.0,7659.25,7657.0,7657.0,4771
2026-09-15T10:30:00-04:00,7657.25,7658.75,7654.25,7654.5,5269
2026-09-15T10:31:00-04:00,7654.5,7658.5,7654.25,7658.0,5088
2026-09-15T10:32:00-04:00,7658.0,7658.0,7654.75,7655.5,3814
2026-09-15T10:33:00-04:00,7655.5,7658.75,7654.75,7655.75,4981
2026-09-15T10:34:00-04:00,7655.75,7656.5,7652.0,7655.75,6560
2026-09-15T10:35:00-04:00,7655.75,7658.5,7655.25,7656.75,3843
2026-09-15T10:36:00-04:00,7656.5,7657.75,7655.5,7657.5,3190
2026-09-15T10:37:00-04:00,7657.5,7658.25,7654.0,7654.75,4974
2026-09-15T10:38:00-04:00,7654.75,7654.75,7653.0,7653.5,3054
2026-09-15T10:39:00-04:00,7653.5,7655.0,7652.5,7653.5,3294
2026-09-15T10:40:00-04:00,7653.5,7653.75,7650.75,7651.75,5550
2026-09-15T10:41:00-04:00,7652.0,7653.25,7651.75,7652.75,2876
2026-09-15T10:42:00-04:00,7652.75,7653.75,7652.25,7653.0,3844
2026-09-15T10:43:00-04:00,7653.0,7654.75,7652.0,7652.25,4153
2026-09-15T10:44:00-04:00,7652.5,7654.25,7652.25,7654.0,3834
2026-09-15T10:45:00-04:00,7654.25,7656.0,7654.0,7654.75,3863
2026-09-15T10:46:00-04:00,7654.75,7655.5,7653.75,7654.0,2669
2026-09-15T10:47:00-04:00,7654.25,7655.0,7653.0,7655.0,3711
2026-09-15T10:48:00-04:00,7655.0,7655.0,7652.5,7652.75,3419
2026-09-15T10:49:00-04:00,7653.0,7653.0,7651.5,7651.5,5021
2026-09-15T10:50:00-04:00,7651.25,7651.25,7648.5,7649.25,9112
2026-09-15T10:51:00-04:00,7649.25,7652.0,7644.75,7645.25,16670
2026-09-15T10:52:00-04:00,7645.0,7647.0,7644.5,7646.75,7727
2026-09-15T10:53:00-04:00,7646.75,7646.75,7643.5,7645.25,5404
2026-09-15T10:54:00-04:00,7645.5,7648.0,7645.25,7647.75,4276
2026-09-15T10:55:00-04:00,7647.75,7648.25,7646.0,7646.75,4399
2026-09-15T10:56:00-04:00,7646.5,7648.0,7645.5,7648.0,3537
2026-09-15T10:57:00-04:00,7648.0,7650.75,7647.5,7650.5,3804
2026-09-15T10:58:00-04:00,7650.5,7650.75,7646.75,7649.25,9777
2026-09-15T10:59:00-04:00,7649.5,7650.0,7646.25,7646.25,3723
2026-09-15T11:00:00-04:00,7646.5,7651.0,7646.25,7650.0,5858
2026-09-15T11:01:00-04:00,7650.0,7651.75,7647.5,7651.5,7729
2026-09-15T11:02:00-04:00,7651.5,7651.75,7647.75,7648.75,5584
2026-09-15T11:03:00-04:00,7648.75,7653.0,7648.5,7652.5,2885
2026-09-15T11:04:00-04:00,7652.5,7654.0,7652.25,7654.0,4818
2026-09-15T11:05:00-04:00,7654.0,7655.0,7652.5,7653.0,3932
2026-09-15T11:06:00-04:00,7653.0,7654.25,7652.25,7653.5,2617
2026-09-15T11:07:00-04:00,7653.5,7654.0,7651.5,7652.5,3702
2026-09-15T11:08:00-04:00,7652.5,7652.5,7650.0,7650.25,5685
2026-09-15T11:09:00-04:00,7650.5,7651.75,7650.0,7650.75,2332
2026-09-15T11:10:00-04:00,7651.0,7652.0,7649.75,7650.0,4342
2026-09-15T11:11:00-04:00,7650.0,7652.0,7649.0,7651.75,4880
2026-09-15T11:12:00-04:00,7651.75,7653.0,7650.0,7650.5,3909
2026-09-15T11:13:00-04:00,7650.5,7652.0,7649.5,7649.75,4032
2026-09-15T11:14:00-04:00,7650.0,7652.5,7649.75,7651.75,2687
2026-09-15T11:15:00-04:00,7651.5,7652.25,7650.25,7651.0,2700
2026-09-15T11:16:00-04:00,7651.25,7653.25,7650.0,7652.75,2546
2026-09-15T11:17:00-04:00,7652.75,7654.5,7652.75,7654.0,2042
2026-09-15T11:18:00-04:00,7654.25,7655.75,7653.75,7655.25,3191
2026-09-15T11:19:00-04:00,7655.25,7655.5,7653.75,7654.5,5458
2026-09-15T11:20:00-04:00,7654.5,7655.5,7653.25,7653.75,3765
2026-09-15T11:21:00-04:00,7653.75,7654.0,7651.75,7652.5,2717
2026-09-15T11:22:00-04:00,7652.75,7655.25,7651.75,7652.5,2611
2026-09-15T11:23:00-04:00,7652.75,7656.75,7652.5,7656.0,5623
2026-09-15T11:24:00-04:00,7656.25,7657.25,7655.25,7656.75,2040
2026-09-15T11:25:00-04:00,7656.75,7657.25,7655.5,7655.5,3347
2026-09-15T11:26:00-04:00,7655.5,7656.5,7653.75,7656.25,2958
2026-09-15T11:27:00-04:00,7656.25,7657.0,7655.25,7656.75,2546
2026-09-15T11:28:00-04:00,7656.75,7656.75,7655.25,7656.25,3060
2026-09-15T11:29:00-04:00,7656.25,7657.0,7655.0,7656.75,2248
2026-09-15T11:30:00-04:00,7657.0,7657.75,7655.0,7655.25,2855
2026-09-15T11:31:00-04:00,7655.5,7656.0,7653.75,7654.25,2433
2026-09-15T11:32:00-04:00,7654.25,7654.5,7651.25,7652.75,5323
2026-09-15T11:33:00-04:00,7652.75,7654.75,7651.75,7652.25,5512
2026-09-15T11:34:00-04:00,7652.5,7655.5,7651.75,7655.25,4291
2026-09-15T11:35:00-04:00,7655.5,7656.25,7653.75,7654.25,2506
2026-09-15T11:36:00-04:00,7654.25,7657.25,7654.25,7656.75,3355
2026-09-15T11:37:00-04:00,7656.75,7656.75,7653.5,7654.5,2667
2026-09-15T11:38:00-04:00,7654.5,7656.5,7654.5,7656.5,3362
2026-09-15T11:39:00-04:00,7656.5,7656.5,7655.0,7655.0,1602
2026-09-15T11:40:00-04:00,7655.0,7658.0,7655.0,7658.0,3123
2026-09-15T11:41:00-04:00,7657.75,7659.5,7656.25,7657.75,6799
2026-09-15T11:42:00-04:00,7657.75,7659.5,7657.5,7659.0,4014
2026-09-15T11:43:00-04:00,7659.25,7659.75,7657.75,7659.25,2356
2026-09-15T11:44:00-04:00,7659.25,7659.5,7657.0,7657.25,2200
2026-09-15T11:45:00-04:00,7657.25,7657.75,7656.0,7657.0,3212
2026-09-15T11:46:00-04:00,7657.0,7657.25,7655.0,7656.5,2859
2026-09-15T11:47:00-04:00,7656.5,7657.0,7654.5,7654.75,1609
2026-09-15T11:48:00-04:00,7654.75,7655.5,7654.5,7655.25,1973
2026-09-15T11:49:00-04:00,7655.0,7655.0,7651.0,7651.75,5103
2026-09-15T11:50:00-04:00,7651.75,7657.75,7651.5,7655.0,11879
2026-09-15T11:51:00-04:00,7654.75,7655.0,7653.0,7653.25,1988
2026-09-15T11:52:00-04:00,7653.5,7654.25,7652.75,7653.25,1768
2026-09-15T11:53:00-04:00,7653.0,7654.25,7652.75,7653.5,1936
2026-09-15T11:54:00-04:00,7653.75,7653.75,7652.25,7652.75,2405
2026-09-15T11:55:00-04:00,7653.0,7658.0,7651.5,7657.25,7993
2026-09-15T11:56:00-04:00,7657.25,7657.25,7653.25,7654.25,5361
2026-09-15T11:57:00-04:00,7654.5,7655.25,7654.0,7654.5,4275
2026-09-15T11:58:00-04:00,7654.5,7655.0,7652.75,7652.75,2530
2026-09-15T11:59:00-04:00,7652.75,7654.25,7652.75,7653.0,1454
2026-09-15T12:00:00-04:00,7653.0,7654.25,7651.75,7653.25,2258
2026-09-15T12:01:00-04:00,7653.25,7655.0,7653.25,7654.25,1964
2026-09-15T12:02:00-04:00,7654.25,7654.75,7653.25,7654.0,2010
2026-09-15T12:03:00-04:00,7654.0,7654.25,7653.5,7654.0,2635
2026-09-15T12:04:00-04:00,7654.25,7655.25,7654.0,7655.25,1356
2026-09-15T12:05:00-04:00,7655.0,7655.0,7652.75,7654.0,1624
2026-09-15T12:06:00-04:00,7653.75,7654.25,7652.5,7652.5,2081
2026-09-15T12:07:00-04:00,7652.5,7652.5,7650.0,7650.75,3629
2026-09-15T12:08:00-04:00,7651.0,7651.0,7649.5,7650.0,2264
2026-09-15T12:09:00-04:00,7650.0,7650.5,7648.0,7649.25,2778
2026-09-15T12:10:00-04:00,7649.25,7650.0,7649.25,7649.5,4651
2026-09-15T12:11:00-04:00,7649.25,7650.25,7648.5,7650.0,1641
2026-09-15T12:12:00-04:00,7650.0,7650.25,7649.0,7649.5,1345
2026-09-15T12:13:00-04:00,7649.25,7650.25,7648.5,7650.0,1901
2026-09-15T12:14:00-04:00,7650.0,7650.25,7649.25,7649.75,1169
2026-09-15T12:15:00-04:00,7649.75,7650.25,7649.0,7649.75,1577
2026-09-15T12:16:00-04:00,7649.5,7650.25,7649.25,7649.5,1696
2026-09-15T12:17:00-04:00,7649.75,7651.5,7649.5,7651.25,1618
2026-09-15T12:18:00-04:00,7651.25,7652.0,7650.5,7652.0,1903
2026-09-15T12:19:00-04:00,7651.75,7653.0,7651.25,7653.0,2225
2026-09-15T12:20:00-04:00,7652.75,7654.0,7652.75,7652.75,2807
2026-09-15T12:21:00-04:00,7652.75,7654.75,7652.75,7654.25,1788
2026-09-15T12:22:00-04:00,7654.25,7656.0,7654.25,7655.75,2773
2026-09-15T12:23:00-04:00,7655.5,7658.25,7655.5,7657.75,5736
2026-09-15T12:24:00-04:00,7657.75,7659.0,7657.25,7658.75,3250
2026-09-15T12:25:00-04:00,7658.75,7659.5,7658.0,7658.5,2907
2026-09-15T12:26:00-04:00,7658.5,7659.5,7658.0,7659.0,2668
2026-09-15T12:27:00-04:00,7659.0,7660.25,7658.5,7659.75,2520
2026-09-15T12:28:00-04:00,7659.5,7661.0,7659.5,7660.0,2343
2026-09-15T12:29:00-04:00,7660.25,7660.25,7657.0,7658.0,2162
2026-09-15T12:30:00-04:00,7657.75,7658.0,7655.0,7656.25,2726
2026-09-15T12:31:00-04:00,7656.0,7658.0,7655.5,7658.0,2901
2026-09-15T12:32:00-04:00,7657.75,7660.0,7657.25,7660.0,2746
2026-09-15T12:33:00-04:00,7660.0,7660.0,7658.75,7659.0,2880
2026-09-15T12:34:00-04:00,7659.0,7659.75,7658.0,7658.75,2973
2026-09-15T12:35:00-04:00,7658.5,7658.75,7657.0,7658.0,1569
2026-09-15T12:36:00-04:00,7657.75,7659.0,7657.5,7659.0,1852
2026-09-15T12:37:00-04:00,7659.0,7659.5,7658.5,7658.75,3428
2026-09-15T12:38:00-04:00,7658.5,7658.75,7657.5,7657.75,2704
2026-09-15T12:39:00-04:00,7657.75,7657.75,7656.5,7657.5,1788
2026-09-15T12:40:00-04:00,7657.25,7658.0,7656.75,7657.25,1802
2026-09-15T12:41:00-04:00,7657.0,7658.5,7656.5,7658.5,1411
2026-09-15T12:42:00-04:00,7658.25,7658.75,7658.0,7658.0,2114
2026-09-15T12:43:00-04:00,7657.75,7658.25,7657.25,7658.25,1279
2026-09-15T12:44:00-04:00,7658.0,7658.5,7657.0,7658.25,1923
2026-09-15T12:45:00-04:00,7658.25,7659.5,7657.75,7658.25,2473
2026-09-15T12:46:00-04:00,7658.25,7659.25,7657.75,7658.75,1317
2026-09-15T12:47:00-04:00,7659.0,7659.0,7657.25,7657.75,1329
2026-09-15T12:48:00-04:00,7657.75,7657.75,7655.25,7655.25,2167
2026-09-15T12:49:00-04:00,7655.5,7656.75,7655.0,7656.5,1487
2026-09-15T12:50:00-04:00,7656.5,7657.25,7656.25,7656.75,3957
2026-09-15T12:51:00-04:00,7656.75,7658.0,7656.75,7657.25,1567
2026-09-15T12:52:00-04:00,7657.25,7660.75,7657.0,7660.25,2326
2026-09-15T12:53:00-04:00,7660.5,7661.75,7660.25,7661.5,3249
2026-09-15T12:54:00-04:00,7661.5,7662.25,7661.5,7662.0,2224
2026-09-15T12:55:00-04:00,7662.0,7662.75,7661.25,7661.75,2689
2026-09-15T12:56:00-04:00,7661.75,7662.0,7659.0,7659.0,2777
2026-09-15T12:57:00-04:00,7659.0,7659.75,7658.25,7658.75,2996
2026-09-15T12:58:00-04:00,7658.75,7659.25,7657.75,7659.0,2288
2026-09-15T12:59:00-04:00,7659.25,7659.5,7657.5,7659.25,1878
2026-09-15T13:00:00-04:00,7659.5,7659.5,7658.5,7658.75,2838
2026-09-15T13:01:00-04:00,7659.0,7660.25,7658.75,7660.25,1445
2026-09-15T13:02:00-04:00,7660.25,7660.25,7654.75,7655.75,4518
2026-09-15T13:03:00-04:00,7655.75,7656.0,7654.5,7655.0,2466
2026-09-15T13:04:00-04:00,7655.0,7655.75,7653.25,7653.5,2267
2026-09-15T13:05:00-04:00,7653.5,7654.25,7652.75,7653.0,2487
2026-09-15T13:06:00-04:00,7652.75,7654.0,7652.25,7653.5,2757
2026-09-15T13:07:00-04:00,7653.5,7656.25,7653.5,7655.25,2923
2026-09-15T13:08:00-04:00,7655.25,7655.5,7654.25,7654.25,2189
2026-09-15T13:09:00-04:00,7654.5,7655.5,7654.0,7654.0,2194
2026-09-15T13:10:00-04:00,7654.0,7656.75,7654.0,7656.5,3443
2026-09-15T13:11:00-04:00,7656.5,7657.5,7656.25,7656.25,1703
2026-09-15T13:12:00-04:00,7656.5,7656.5,7654.25,7654.25,2403
2026-09-15T13:13:00-04:00,7654.25,7655.5,7654.0,7654.75,1858
2026-09-15T13:14:00-04:00,7655.0,7655.25,7653.0,7653.0,1669
2026-09-15T13:15:00-04:00,7653.0,7653.25,7652.0,7652.5,1571
2026-09-15T13:16:00-04:00,7652.25,7652.75,7651.75,7652.5,1432
2026-09-15T13:17:00-04:00,7652.5,7652.75,7650.75,7651.25,3457
2026-09-15T13:18:00-04:00,7651.25,7651.5,7650.75,7651.0,1398
2026-09-15T13:19:00-04:00,7651.0,7652.25,7650.5,7652.25,2278
2026-09-15T13:20:00-04:00,7652.0,7652.75,7651.75,7652.25,2166
2026-09-15T13:21:00-04:00,7652.25,7652.75,7651.25,7651.5,1657
2026-09-15T13:22:00-04:00,7651.25,7651.5,7649.0,7650.0,3017
2026-09-15T13:23:00-04:00,7649.75,7650.25,7649.25,7650.0,1350
2026-09-15T13:24:00-04:00,7649.75,7650.0,7648.5,7648.5,1528
2026-09-15T13:25:00-04:00,7648.5,7650.0,7648.0,7649.5,3983
2026-09-15T13:26:00-04:00,7649.25,7650.75,7649.25,7650.25,2239
2026-09-15T13:27:00-04:00,7650.0,7651.25,7649.75,7650.5,1168
2026-09-15T13:28:00-04:00,7650.5,7650.75,7648.75,7649.75,1590
2026-09-15T13:29:00-04:00,7649.5,7650.75,7649.0,7650.75,1643
2026-09-15T13:30:00-04:00,7650.75,7652.0,7650.25,7650.5,1917
2026-09-15T13:31:00-04:00,7650.5,7652.75,7650.5,7652.75,4917
2026-09-15T13:32:00-04:00,7652.5,7654.0,7652.5,7653.75,1782
2026-09-15T13:33:00-04:00,7653.5,7653.75,7652.5,7653.75,1814
2026-09-15T13:34:00-04:00,7653.5,7654.0,7651.75,7652.25,1846
2026-09-15T13:35:00-04:00,7652.25,7653.75,7651.75,7653.5,1840
2026-09-15T13:36:00-04:00,7653.25,7653.25,7651.75,7652.5,1574
2026-09-15T13:37:00-04:00,7652.25,7653.75,7651.25,7653.75,1632
2026-09-15T13:38:00-04:00,7653.5,7653.5,7652.0,7653.0,1983
2026-09-15T13:39:00-04:00,7652.75,7653.5,7651.75,7653.25,1368
2026-09-15T13:40:00-04:00,7653.25,7654.75,7652.5,7654.25,2121
2026-09-15T13:41:00-04:00,7654.25,7654.25,7653.0,7653.0,1233
2026-09-15T13:42:00-04:00,7653.0,7653.25,7651.25,7651.75,2669
2026-09-15T13:43:00-04:00,7651.75,7653.5,7651.0,7653.25,2035
2026-09-15T13:44:00-04:00,7653.25,7654.25,7653.25,7653.75,1337
2026-09-15T13:45:00-04:00,7653.5,7654.5,7653.5,7654.25,1979
2026-09-15T13:46:00-04:00,7654.5,7655.0,7653.0,7653.0,1688
2026-09-15T13:47:00-04:00,7653.25,7654.0,7652.75,7652.75,2642
2026-09-15T13:48:00-04:00,7652.75,7653.25,7652.0,7652.5,2577
2026-09-15T13:49:00-04:00,7652.5,7652.5,7651.5,7652.0,1395
2026-09-15T13:50:00-04:00,7651.75,7652.75,7651.75,7652.75,1443
2026-09-15T13:51:00-04:00,7652.75,7653.5,7652.5,7653.25,1169
2026-09-15T13:52:00-04:00,7653.0,7654.0,7652.75,7653.75,1467
2026-09-15T13:53:00-04:00,7653.75,7654.75,7653.0,7654.75,2165
2026-09-15T13:54:00-04:00,7654.75,7655.0,7653.25,7654.75,1858
2026-09-15T13:55:00-04:00,7654.75,7655.0,7653.75,7655.0,2318
2026-09-15T13:56:00-04:00,7655.0,7656.25,7654.75,7656.0,3145
2026-09-15T13:57:00-04:00,7656.0,7656.25,7655.5,7655.75,1241
2026-09-15T13:58:00-04:00,7655.75,7655.75,7654.75,7655.5,1588
2026-09-15T13:59:00-04:00,7655.5,7656.0,7654.75,7655.25,1375
2026-09-15T14:00:00-04:00,7655.5,7656.5,7653.5,7654.25,2100
2026-09-15T14:01:00-04:00,7654.25,7656.25,7653.75,7656.25,1563
2026-09-15T14:02:00-04:00,7656.0,7657.5,7655.5,7657.0,2273
2026-09-15T14:03:00-04:00,7657.25,7657.5,7656.25,7657.5,1895
2026-09-15T14:04:00-04:00,7657.5,7657.5,7656.75,7657.5,2928
2026-09-15T14:05:00-04:00,7657.5,7657.5,7656.5,7657.0,1575
2026-09-15T14:06:00-04:00,7657.25,7658.25,7657.0,7658.0,1325
2026-09-15T14:07:00-04:00,7658.0,7658.25,7657.5,7658.0,2003
2026-09-15T14:08:00-04:00,7658.0,7658.25,7657.5,7657.75,1610
2026-09-15T14:09:00-04:00,7657.75,7659.25,7657.75,7659.25,1413
2026-09-15T14:10:00-04:00,7659.25,7659.75,7658.0,7658.0,1824
2026-09-15T14:11:00-04:00,7658.0,7660.5,7658.0,7659.75,2036
2026-09-15T14:12:00-04:00,7660.0,7660.5,7659.75,7660.5,2503
2026-09-15T14:13:00-04:00,7660.5,7662.0,7660.25,7661.0,1960
2026-09-15T14:14:00-04:00,7661.25,7661.5,7659.5,7660.25,2193
2026-09-15T14:15:00-04:00,7660.5,7660.75,7658.75,7659.0,2395
2026-09-15T14:16:00-04:00,7659.25,7659.25,7657.5,7657.75,2604
2026-09-15T14:17:00-04:00,7657.75,7658.0,7657.0,7657.5,4257
2026-09-15T14:18:00-04:00,7657.75,7658.0,7657.25,7657.5,1595
2026-09-15T14:19:00-04:00,7657.75,7658.0,7657.0,7657.5,2136
2026-09-15T14:20:00-04:00,7657.5,7658.75,7657.5,7657.75,2034
2026-09-15T14:21:00-04:00,7657.75,7658.5,7657.75,7657.75,1779
2026-09-15T14:22:00-04:00,7657.75,7658.25,7657.25,7657.25,1446
2026-09-15T14:23:00-04:00,7657.25,7657.5,7656.5,7656.5,1831
2026-09-15T14:24:00-04:00,7656.5,7657.0,7656.25,7657.0,1249
2026-09-15T14:25:00-04:00,7657.25,7657.75,7656.5,7657.5,1769
2026-09-15T14:26:00-04:00,7657.5,7657.5,7656.25,7657.0,1645
2026-09-15T14:27:00-04:00,7657.0,7657.0,7655.75,7656.25,1563
2026-09-15T14:28:00-04:00,7656.5,7659.0,7656.5,7659.0,2078
2026-09-15T14:29:00-04:00,7658.75,7659.25,7658.25,7659.25,2783
2026-09-15T14:30:00-04:00,7659.25,7659.25,7656.25,7656.75,2759
2026-09-15T14:31:00-04:00,7656.5,7656.75,7655.0,7655.75,1486
2026-09-15T14:32:00-04:00,7655.75,7655.75,7653.75,7653.75,1563
2026-09-15T14:33:00-04:00,7654.0,7654.5,7653.5,7654.25,1780
2026-09-15T14:34:00-04:00,7654.0,7654.5,7653.5,7654.25,1974
2026-09-15T14:35:00-04:00,7654.25,7655.25,7654.25,7654.75,1352
2026-09-15T14:36:00-04:00,7655.0,7655.25,7653.75,7655.0,1058
2026-09-15T14:37:00-04:00,7654.75,7654.75,7653.75,7654.75,1329
2026-09-15T14:38:00-04:00,7654.5,7655.5,7654.25,7655.0,1012
2026-09-15T14:39:00-04:00,7655.0,7655.5,7654.5,7655.0,1300
2026-09-15T14:40:00-04:00,7654.75,7655.0,7653.5,7653.75,1150
2026-09-15T14:41:00-04:00,7654.0,7658.5,7654.0,7657.5,6667
2026-09-15T14:42:00-04:00,7657.5,7657.5,7655.0,7655.25,2727
2026-09-15T14:43:00-04:00,7655.25,7655.5,7654.5,7654.75,1146
2026-09-15T14:44:00-04:00,7654.75,7655.25,7654.0,7654.0,1280
2026-09-15T14:45:00-04:00,7654.25,7654.75,7652.75,7653.5,2526
2026-09-15T14:46:00-04:00,7653.5,7654.0,7652.25,7652.5,1613
2026-09-15T14:47:00-04:00,7652.25,7652.75,7651.5,7651.5,2756
2026-09-15T14:48:00-04:00,7651.5,7652.0,7650.5,7651.0,1780
2026-09-15T14:49:00-04:00,7651.0,7651.25,7649.5,7650.75,2678
2026-09-15T14:50:00-04:00,7650.75,7652.5,7650.75,7652.0,4433
2026-09-15T14:51:00-04:00,7651.75,7653.0,7651.25,7652.25,1486
2026-09-15T14:52:00-04:00,7652.0,7653.25,7652.0,7652.75,1398
2026-09-15T14:53:00-04:00,7653.0,7653.5,7652.5,7652.75,2560
2026-09-15T14:54:00-04:00,7653.0,7653.75,7652.75,7653.25,1361
2026-09-15T14:55:00-04:00,7653.0,7654.0,7652.5,7653.25,1434
2026-09-15T14:56:00-04:00,7653.25,7654.5,7653.25,7654.25,1802
2026-09-15T14:57:00-04:00,7654.5,7655.75,7654.25,7654.75,1965
2026-09-15T14:58:00-04:00,7654.75,7656.25,7654.75,7655.5,1389
2026-09-15T14:59:00-04:00,7655.5,7657.25,7655.5,7657.0,2201
2026-09-15T15:00:00-04:00,7657.25,7658.5,7656.0,7658.25,2483
2026-09-15T15:01:00-04:00,7658.25,7658.75,7656.25,7656.5,2159
2026-09-15T15:02:00-04:00,7656.5,7656.5,7655.0,7656.5,2623
2026-09-15T15:03:00-04:00,7656.25,7656.25,7655.75,7656.25,1363
2026-09-15T15:04:00-04:00,7656.5,7657.0,7655.5,7655.75,2016
2026-09-15T15:05:00-04:00,7655.75,7656.25,7655.25,7655.75,1330
2026-09-15T15:06:00-04:00,7655.5,7656.0,7655.0,7655.5,1132
2026-09-15T15:07:00-04:00,7655.25,7655.75,7654.5,7655.75,1668
2026-09-15T15:08:00-04:00,7655.75,7656.25,7655.25,7655.75,2026
2026-09-15T15:09:00-04:00,7655.75,7656.25,7655.25,7655.75,734
2026-09-15T15:10:00-04:00,7655.75,7656.0,7655.25,7655.25,1297
2026-09-15T15:11:00-04:00,7655.25,7655.5,7654.5,7654.5,1792
2026-09-15T15:12:00-04:00,7654.75,7655.0,7653.5,7654.25,1952
2026-09-15T15:13:00-04:00,7654.25,7654.25,7653.0,7653.25,1567
2026-09-15T15:14:00-04:00,7653.5,7654.5,7653.0,7654.0,1135
2026-09-15T15:15:00-04:00,7654.0,7654.0,7653.0,7653.5,1495
2026-09-15T15:16:00-04:00,7653.5,7654.25,7653.0,7653.5,1970
2026-09-15T15:17:00-04:00,7653.5,7654.25,7653.25,7654.0,2342
2026-09-15T15:18:00-04:00,7654.0,7654.75,7653.5,7654.25,1057
2026-09-15T15:19:00-04:00,7654.25,7655.25,7654.0,7654.5,1663
2026-09-15T15:20:00-04:00,7654.25,7654.5,7653.25,7653.5,2096
2026-09-15T15:21:00-04:00,7653.5,7654.25,7653.25,7654.0,927
2026-09-15T15:22:00-04:00,7653.75,7654.25,7653.5,7654.0,1049
2026-09-15T15:23:00-04:00,7653.75,7654.5,7653.75,7654.25,1229
2026-09-15T15:24:00-04:00,7654.25,7654.5,7653.0,7653.75,1729
2026-09-15T15:25:00-04:00,7653.5,7653.5,7651.75,7652.25,3508
2026-09-15T15:26:00-04:00,7652.0,7653.5,7651.75,7653.5,1619
2026-09-15T15:27:00-04:00,7653.5,7654.0,7653.25,7653.75,1475
2026-09-15T15:28:00-04:00,7653.5,7653.75,7652.25,7653.0,1438
2026-09-15T15:29:00-04:00,7653.0,7653.0,7652.5,7652.5,1214
2026-09-15T15:30:00-04:00,7652.5,7652.75,7651.75,7652.25,2543
2026-09-15T15:31:00-04:00,7652.25,7652.75,7652.0,7652.25,2420
2026-09-15T15:32:00-04:00,7652.25,7653.5,7652.0,7652.5,2754
2026-09-15T15:33:00-04:00,7652.75,7653.0,7652.25,7652.75,2144
2026-09-15T15:34:00-04:00,7652.5,7652.5,7651.5,7651.75,1801
2026-09-15T15:35:00-04:00,7652.0,7652.0,7650.75,7651.25,1701
2026-09-15T15:36:00-04:00,7651.25,7651.75,7651.0,7651.25,2109
2026-09-15T15:37:00-04:00,7651.25,7651.75,7650.0,7650.75,2033
2026-09-15T15:38:00-04:00,7651.0,7651.0,7649.5,7649.75,1981
2026-09-15T15:39:00-04:00,7649.5,7649.75,7648.5,7649.25,2462
2026-09-15T15:40:00-04:00,7649.5,7649.75,7648.25,7649.5,1940
2026-09-15T15:41:00-04:00,7649.5,7650.25,7649.25,7649.5,2473
2026-09-15T15:42:00-04:00,7649.75,7650.25,7648.75,7649.0,2032
2026-09-15T15:43:00-04:00,7649.0,7650.25,7648.0,7649.5,2192
2026-09-15T15:44:00-04:00,7649.75,7651.0,7649.75,7650.25,2903
2026-09-15T15:45:00-04:00,7650.25,7650.5,7649.25,7649.5,2702
2026-09-15T15:46:00-04:00,7649.75,7651.5,7649.75,7651.5,4154
2026-09-15T15:47:00-04:00,7651.25,7652.75,7650.75,7651.25,4319
2026-09-15T15:48:00-04:00,7651.25,7651.75,7651.0,7651.25,3346
2026-09-15T15:49:00-04:00,7651.5,7653.25,7651.25,7652.75,2632
2026-09-15T15:50:00-04:00,7652.75,7653.5,7650.0,7650.25,5520
2026-09-15T15:51:00-04:00,7650.0,7651.25,7649.5,7650.0,1864
2026-09-15T15:52:00-04:00,7650.0,7650.5,7648.75,7649.0,4154
2026-09-15T15:53:00-04:00,7649.0,7650.25,7648.75,7649.75,3933
2026-09-15T15:54:00-04:00,7649.75,7653.0,7649.5,7652.75,4796
2026-09-15T15:55:00-04:00,7652.75,7653.5,7651.0,7652.5,5983
2026-09-15T15:56:00-04:00,7652.5,7653.5,7652.0,7652.75,3053
2026-09-15T15:57:00-04:00,7652.75,7653.5,7652.0,7653.0,4203
2026-09-15T15:58:00-04:00,7652.75,7656.0,7651.5,7655.5,14734
2026-09-15T15:59:00-04:00,7655.5,7657.75,7653.5,7656.75,62338
2026-09-15T16:00:00-04:00,7657.0,7660.5,7656.5,7659.75,12728
2026-09-15T16:01:00-04:00,7659.75,7661.25,7659.75,7661.25,2469
2026-09-15T16:02:00-04:00,7661.0,7661.25,7660.25,7661.25,1463
2026-09-15T16:03:00-04:00,7661.0,7661.75,7660.25,7661.25,1923
2026-09-15T16:04:00-04:00,7661.25,7662.25,7661.0,7661.75,1502
2026-09-15T16:05:00-04:00,7662.0,7662.25,7661.0,7661.75,1213
2026-09-15T16:06:00-04:00,7661.5,7661.75,7661.0,7661.5,1087
2026-09-15T16:07:00-04:00,7661.25,7662.5,7661.25,7662.5,1024
2026-09-15T16:08:00-04:00,7662.5,7662.75,7662.0,7662.0,1174
2026-09-15T16:09:00-04:00,7662.0,7662.0,7661.5,7662.0,606
2026-09-15T16:10:00-04:00,7661.75,7664.75,7661.5,7664.0,1929
2026-09-15T16:11:00-04:00,7664.0,7665.0,7663.75,7664.5,1307
2026-09-15T16:12:00-04:00,7664.5,7664.75,7664.0,7664.0,548
2026-09-15T16:13:00-04:00,7664.0,7664.75,7664.0,7664.5,643
2026-09-15T16:14:00-04:00,7664.25,7664.75,7664.0,7664.25,1215
2026-09-15T16:15:00-04:00,7664.5,7664.75,7664.25,7664.5,525
2026-09-15T16:16:00-04:00,7664.5,7664.5,7663.0,7663.5,1592
2026-09-15T16:17:00-04:00,7663.75,7664.0,7663.5,7664.0,620
2026-09-15T16:18:00-04:00,7663.75,7664.5,7663.75,7664.5,252
2026-09-15T16:19:00-04:00,7664.5,7664.5,7663.5,7663.75,333
2026-09-15T16:20:00-04:00,7663.75,7664.25,7663.5,7663.75,333
2026-09-15T16:21:00-04:00,7664.0,7664.0,7663.5,7663.5,221
2026-09-15T16:22:00-04:00,7663.5,7663.75,7663.25,7663.5,340
2026-09-15T16:23:00-04:00,7663.25,7663.5,7663.0,7663.5,629
2026-09-15T16:24:00-04:00,7663.5,7664.0,7663.5,7664.0,314
2026-09-15T16:25:00-04:00,7663.75,7664.0,7663.75,7664.0,251
2026-09-15T16:26:00-04:00,7664.0,7664.25,7663.25,7663.25,591
2026-09-15T16:27:00-04:00,7663.0,7663.5,7663.0,7663.5,225
2026-09-15T16:28:00-04:00,7663.5,7663.5,7663.25,7663.5,78
2026-09-15T16:29:00-04:00,7663.5,7664.0,7663.0,7663.5,343
2026-09-15T16:30:00-04:00,7663.25,7664.0,7663.0,7663.5,333
2026-09-15T16:31:00-04:00,7663.25,7663.5,7663.25,7663.25,56
2026-09-15T16:32:00-04:00,7663.25,7665.25,7663.25,7663.5,1093
2026-09-15T16:33:00-04:00,7663.5,7663.75,7663.25,7663.25,214
2026-09-15T16:34:00-04:00,7663.5,7663.5,7663.25,7663.25,191
2026-09-15T16:35:00-04:00,7663.5,7664.0,7663.25,7663.75,278
2026-09-15T16:36:00-04:00,7663.5,7663.5,7663.0,7663.25,201
2026-09-15T16:37:00-04:00,7663.25,7663.5,7663.0,7663.5,237
2026-09-15T16:38:00-04:00,7663.25,7663.75,7663.25,7663.5,281
2026-09-15T16:39:00-04:00,7663.5,7663.5,7663.0,7663.25,180
2026-09-15T16:40:00-04:00,7663.0,7663.25,7663.0,7663.25,78
2026-09-15T16:41:00-04:00,7663.25,7664.0,7663.0,7664.0,148
2026-09-15T16:42:00-04:00,7663.75,7664.25,7663.75,7663.75,144
2026-09-15T16:43:00-04:00,7664.0,7664.0,7663.25,7663.25,159
2026-09-15T16:44:00-04:00,7663.25,7663.75,7663.25,7663.5,80
2026-09-15T16:45:00-04:00,7663.75,7664.0,7663.25,7663.75,254
2026-09-15T16:46:00-04:00,7663.5,7663.75,7663.25,7663.25,327
2026-09-15T16:47:00-04:00,7663.0,7663.75,7663.0,7663.75,202
2026-09-15T16:48:00-04:00,7663.5,7663.75,7663.5,7663.5,116
2026-09-15T16:49:00-04:00,7663.5,7664.5,7663.5,7664.5,189
2026-09-15T16:50:00-04:00,7664.25,7664.5,7663.75,7663.75,277
2026-09-15T16:51:00-04:00,7663.75,7663.75,7663.25,7663.5,100
2026-09-15T16:52:00-04:00,7663.5,7664.0,7663.5,7663.75,175
2026-09-15T16:53:00-04:00,7663.75,7663.75,7663.5,7663.75,108
2026-09-15T16:54:00-04:00,7663.75,7663.75,7663.25,7663.75,186
2026-09-15T16:55:00-04:00,7663.5,7664.0,7663.25,7663.75,132
2026-09-15T16:56:00-04:00,7664.0,7664.0,7663.5,7663.5,115
2026-09-15T16:57:00-04:00,7663.5,7663.75,7663.25,7663.75,198
2026-09-15T16:58:00-04:00,7663.75,7664.0,7663.5,7664.0,433
2026-09-15T16:59:00-04:00,7663.75,7664.0,7663.5,7663.75,496
2026-09-15T18:00:00-04:00,7663.25,7665.0,7661.75,7662.5,0
2026-09-15T18:01:00-04:00,7662.75,7664.5,7662.25,7664.0,349
2026-09-15T18:02:00-04:00,7663.5,7664.0,7662.75,7663.5,140
2026-09-15T18:03:00-04:00,7663.75,7664.0,7663.0,7663.5,180
2026-09-15T18:04:00-04:00,7663.75,7663.75,7663.25,7663.75,52
2026-09-15T18:05:00-04:00,7663.5,7663.5,7662.25,7663.0,153
2026-09-15T18:06:00-04:00,7663.0,7663.25,7662.75,7662.75,74
2026-09-15T18:07:00-04:00,7663.0,7663.25,7662.25,7663.25,77
2026-09-15T18:08:00-04:00,7663.25,7663.25,7662.25,7662.5,105
2026-09-15T18:09:00-04:00,7662.25,7662.75,7661.75,7662.75,104
2026-09-15T18:10:00-04:00,7662.75,7662.75,7662.25,7662.5,46
2026-09-15T18:11:00-04:00,7662.75,7662.75,7662.0,7662.0,28
2026-09-15T18:12:00-04:00,7662.0,7662.25,7661.5,7662.25,54
2026-09-15T18:13:00-04:00,7662.0,7662.0,7661.5,7661.75,38
2026-09-15T18:14:00-04:00,7661.75,7662.25,7661.5,7661.75,55
2026-09-15T18:15:00-04:00,7662.0,7663.0,7662.0,7662.5,65
2026-09-15T18:16:00-04:00,7662.75,7663.0,7662.25,7662.25,45
2026-09-15T18:17:00-04:00,7662.25,7662.25,7661.75,7661.75,77
2026-09-15T18:18:00-04:00,7661.75,7662.25,7661.75,7662.25,95
2026-09-15T18:19:00-04:00,7662.0,7662.25,7661.75,7661.75,30
2026-09-15T18:20:00-04:00,7661.75,7662.25,7661.5,7662.0,93
2026-09-15T18:21:00-04:00,7662.25,7663.75,7662.25,7663.25,304
2026-09-15T18:22:00-04:00,7663.0,7663.0,7662.75,7662.75,100
2026-09-15T18:23:00-04:00,7663.0,7663.5,7662.75,7663.5,102
2026-09-15T18:24:00-04:00,7663.5,7663.5,7662.75,7663.0,147
2026-09-15T18:25:00-04:00,7663.0,7663.25,7662.75,7662.75,129
2026-09-15T18:26:00-04:00,7662.75,7663.5,7662.75,7663.0,75
2026-09-15T18:27:00-04:00,7663.25,7663.75,7662.75,7663.5,165
2026-09-15T18:28:00-04:00,7663.25,7663.5,7663.0,7663.0,57
2026-09-15T18:29:00-04:00,7663.0,7663.25,7662.75,7663.25,102
2026-09-15T18:30:00-04:00,7663.0,7664.25,7663.0,7664.25,120
2026-09-15T18:31:00-04:00,7664.25,7664.25,7663.75,7663.75,81
2026-09-15T18:32:00-04:00,7663.75,7663.75,7663.75,7663.75,42
2026-09-15T18:33:00-04:00,7663.75,7664.5,7663.75,7664.5,51
2026-09-15T18:34:00-04:00,7664.25,7665.0,7664.0,7664.5,49
2026-09-15T18:35:00-04:00,7664.5,7664.75,7664.5,7664.75,56
2026-09-15T18:36:00-04:00,7665.0,7665.25,7664.5,7665.25,125
2026-09-15T18:37:00-04:00,7665.25,7666.0,7665.25,7666.0,103
2026-09-15T18:38:00-04:00,7666.0,7666.25,7665.75,7666.25,161
2026-09-15T18:39:00-04:00,7666.25,7666.75,7666.0,7666.5,88
2026-09-15T18:40:00-04:00,7666.25,7666.25,7665.0,7665.0,96
2026-09-15T18:41:00-04:00,7665.25,7666.25,7665.0,7665.75,164
2026-09-15T18:42:00-04:00,7666.0,7666.0,7665.75,7665.75,65
2026-09-15T18:43:00-04:00,7665.75,7665.75,7665.25,7665.5,105
2026-09-15T18:44:00-04:00,7665.5,7665.75,7665.25,7665.75,48
2026-09-15T18:45:00-04:00,7665.75,7665.75,7665.25,7665.5,104
2026-09-15T18:46:00-04:00,7665.5,7665.75,7665.25,7665.5,63
2026-09-15T18:47:00-04:00,7665.5,7665.75,7665.25,7665.5,104
2026-09-15T18:48:00-04:00,7665.75,7666.75,7665.75,7666.5,187
2026-09-15T18:49:00-04:00,7666.75,7666.75,7666.5,7666.5,26
2026-09-15T18:50:00-04:00,7666.5,7666.75,7666.5,7666.5,26
2026-09-15T18:51:00-04:00,7666.5,7666.75,7666.25,7666.5,20
2026-09-15T18:52:00-04:00,7666.75,7667.0,7666.25,7666.5,80
2026-09-15T18:53:00-04:00,7666.75,7667.0,7666.75,7666.75,25
2026-09-15T18:54:00-04:00,7666.75,7667.0,7666.75,7667.0,51
2026-09-15T18:55:00-04:00,7667.0,7667.25,7666.75,7666.75,48
2026-09-15T18:56:00-04:00,7667.0,7667.0,7666.75,7667.0,30
2026-09-15T18:57:00-04:00,7666.75,7667.0,7666.75,7666.75,11
2026-09-15T18:58:00-04:00,7667.0,7667.0,7666.5,7666.5,19
2026-09-15T18:59:00-04:00,7666.75,7666.75,7666.5,7666.5,28
2026-09-15T19:00:00-04:00,7666.5,7666.75,7666.0,7666.75,106
2026-09-15T19:01:00-04:00,7666.75,7666.75,7665.5,7665.75,222
2026-09-15T19:02:00-04:00,7665.75,7666.0,7665.5,7665.5,47
2026-09-15T19:03:00-04:00,7665.5,7665.5,7665.0,7665.25,63
2026-09-15T19:04:00-04:00,7665.0,7665.0,7664.75,7665.0,57
2026-09-15T19:05:00-04:00,7665.0,7665.0,7664.75,7665.0,33
2026-09-15T19:06:00-04:00,7665.0,7665.25,7665.0,7665.25,17
2026-09-15T19:07:00-04:00,7665.0,7665.0,7664.5,7664.75,46
2026-09-15T19:08:00-04:00,7664.75,7665.0,7664.75,7664.75,45
2026-09-15T19:09:00-04:00,7664.75,7664.75,7664.75,7664.75,4
2026-09-15T19:10:00-04:00,7665.0,7665.0,7664.75,7665.0,23
2026-09-15T19:11:00-04:00,7664.75,7665.0,7664.75,7664.75,32
2026-09-15T19:12:00-04:00,7665.0,7665.25,7664.5,7664.5,41
2026-09-15T19:13:00-04:00,7664.75,7665.0,7664.25,7664.5,40
2026-09-15T19:14:00-04:00,7664.5,7664.5,7664.25,7664.25,17
2026-09-15T19:15:00-04:00,7664.5,7664.5,7664.5,7664.5,17
2026-09-15T19:16:00-04:00,7664.75,7664.75,7664.5,7664.5,7
2026-09-15T19:17:00-04:00,7664.5,7664.5,7664.5,7664.5,5
2026-09-15T19:18:00-04:00,7664.25,7664.25,7663.5,7664.0,101
2026-09-15T19:19:00-04:00,7664.0,7664.0,7663.75,7663.75,34
2026-09-15T19:20:00-04:00,7663.75,7664.0,7663.75,7663.75,24
2026-09-15T19:21:00-04:00,7663.5,7663.75,7663.25,7663.75,48
2026-09-15T19:22:00-04:00,7664.0,7664.0,7663.25,7663.25,18
2026-09-15T19:23:00-04:00,7663.25,7663.5,7663.25,7663.5,22
2026-09-15T19:24:00-04:00,7663.5,7663.5,7663.25,7663.5,63
2026-09-15T19:25:00-04:00,7663.5,7663.75,7663.5,7663.5,44
2026-09-15T19:26:00-04:00,7663.25,7663.75,7663.0,7663.0,58
2026-09-15T19:27:00-04:00,7663.25,7663.25,7662.75,7663.0,37
2026-09-15T19:28:00-04:00,7662.75,7662.75,7662.5,7662.75,83
2026-09-15T19:29:00-04:00,7662.75,7663.0,7662.5,7663.0,35
2026-09-15T19:30:00-04:00,7662.75,7663.5,7662.75,7663.25,54
2026-09-15T19:31:00-04:00,7663.5,7663.5,7662.75,7663.0,64
2026-09-15T19:32:00-04:00,7663.0,7663.0,7663.0,7663.0,4
2026-09-15T19:33:00-04:00,7663.0,7663.0,7663.0,7663.0,38
2026-09-15T19:34:00-04:00,7663.25,7663.5,7663.0,7663.0,48
2026-09-15T19:35:00-04:00,7663.0,7663.25,7662.75,7663.0,33
2026-09-15T19:36:00-04:00,7663.0,7663.0,7662.75,7662.75,22
2026-09-15T19:37:00-04:00,7662.75,7663.25,7662.5,7663.25,40
2026-09-15T19:38:00-04:00,7663.25,7664.25,7663.25,7664.0,218
2026-09-15T19:39:00-04:00,7664.0,7664.25,7664.0,7664.25,38
2026-09-15T19:40:00-04:00,7664.25,7665.5,7664.0,7665.5,174
2026-09-15T19:41:00-04:00,7665.5,7665.75,7665.25,7665.5,105
2026-09-15T19:42:00-04:00,7665.25,7665.25,7665.0,7665.25,22
2026-09-15T19:43:00-04:00,7665.5,7666.25,7665.5,7665.75,152
2026-09-15T19:44:00-04:00,7665.75,7666.0,7665.5,7665.5,50
2026-09-15T19:45:00-04:00,7665.75,7666.0,7665.25,7665.75,107
2026-09-15T19:46:00-04:00,7665.75,7666.25,7665.25,7665.75,63
2026-09-15T19:47:00-04:00,7665.75,7665.75,7665.0,7665.0,42
2026-09-15T19:48:00-04:00,7665.25,7665.25,7664.75,7664.75,33
2026-09-15T19:49:00-04:00,7664.75,7665.0,7664.75,7665.0,22
2026-09-15T19:50:00-04:00,7665.0,7666.0,7664.75,7666.0,48
2026-09-15T19:51:00-04:00,7665.75,7666.0,7665.25,7665.25,87
2026-09-15T19:52:00-04:00,7665.25,7665.5,7665.25,7665.25,30
2026-09-15T19:53:00-04:00,7665.25,7666.5,7665.25,7666.25,70
2026-09-15T19:54:00-04:00,7666.0,7666.5,7666.0,7666.5,28
2026-09-15T19:55:00-04:00,7666.5,7666.5,7665.5,7665.75,22
2026-09-15T19:56:00-04:00,7665.5,7665.5,7665.0,7665.0,69
2026-09-15T19:57:00-04:00,7665.25,7665.25,7665.0,7665.25,20
2026-09-15T19:58:00-04:00,7665.25,7665.5,7665.25,7665.5,20
2026-09-15T19:59:00-04:00,7665.25,7665.5,7665.0,7665.5,79
2026-09-15T20:00:00-04:00,7665.5,7667.0,7665.5,7666.25,251
2026-09-15T20:01:00-04:00,7666.25,7666.5,7664.75,7665.0,253
2026-09-15T20:02:00-04:00,7664.75,7665.0,7663.0,7664.25,186
2026-09-15T20:03:00-04:00,7664.5,7665.75,7664.25,7665.0,83
2026-09-15T20:04:00-04:00,7665.0,7665.25,7664.0,7664.25,99
2026-09-15T20:05:00-04:00,7664.5,7665.75,7664.25,7665.0,65
2026-09-15T20:06:00-04:00,7665.5,7665.75,7665.0,7665.0,83
2026-09-15T20:07:00-04:00,7665.25,7665.75,7664.5,7665.0,65
2026-09-15T20:08:00-04:00,7665.0,7665.25,7664.5,7664.75,33
2026-09-15T20:09:00-04:00,7665.0,7665.0,7664.0,7664.0,26
2026-09-15T20:10:00-04:00,7664.25,7664.5,7663.5,7663.75,94
2026-09-15T20:11:00-04:00,7664.0,7666.5,7663.75,7666.25,111
2026-09-15T20:12:00-04:00,7666.25,7667.25,7666.0,7666.5,143
2026-09-15T20:13:00-04:00,7666.5,7666.5,7666.0,7666.25,62
2026-09-15T20:14:00-04:00,7666.25,7666.75,7666.25,7666.25,54
2026-09-15T20:15:00-04:00,7666.25,7666.5,7665.0,7665.25,195
2026-09-15T20:16:00-04:00,7665.5,7667.0,7665.5,7666.0,154
2026-09-15T20:17:00-04:00,7666.0,7666.75,7666.0,7666.75,144
2026-09-15T20:18:00-04:00,7666.75,7667.0,7665.75,7666.25,191
2026-09-15T20:19:00-04:00,7666.25,7667.0,7666.0,7666.5,68
2026-09-15T20:20:00-04:00,7666.25,7666.5,7666.0,7666.5,79
2026-09-15T20:21:00-04:00,7666.25,7666.5,7666.0,7666.25,56
2026-09-15T20:22:00-04:00,7666.25,7666.25,7665.5,7665.75,60
2026-09-15T20:23:00-04:00,7666.0,7666.0,7665.5,7665.5,77
2026-09-15T20:24:00-04:00,7665.25,7665.75,7665.25,7665.25,133
2026-09-15T20:25:00-04:00,7665.0,7665.25,7664.5,7664.5,93
2026-09-15T20:26:00-04:00,7664.75,7665.75,7664.5,7665.5,82
2026-09-15T20:27:00-04:00,7665.5,7665.75,7664.75,7665.25,58
2026-09-15T20:28:00-04:00,7665.5,7666.25,7665.25,7666.25,53
2026-09-15T20:29:00-04:00,7666.25,7666.25,7666.0,7666.25,88
2026-09-15T20:30:00-04:00,7666.25,7667.25,7666.25,7666.5,119
2026-09-15T20:31:00-04:00,7666.75,7666.75,7665.5,7666.0,77
2026-09-15T20:32:00-04:00,7666.0,7666.25,7665.75,7665.75,33
2026-09-15T20:33:00-04:00,7665.75,7665.75,7665.25,7665.25,64
2026-09-15T20:34:00-04:00,7665.25,7665.5,7664.5,7664.75,68
2026-09-15T20:35:00-04:00,7664.75,7664.75,7663.75,7664.5,167
2026-09-15T20:36:00-04:00,7664.5,7665.75,7664.5,7665.25,118
2026-09-15T20:37:00-04:00,7665.5,7665.75,7665.0,7665.5,102
2026-09-15T20:38:00-04:00,7665.5,7665.75,7664.75,7665.25,66
2026-09-15T20:39:00-04:00,7665.5,7665.5,7665.25,7665.5,38
2026-09-15T20:40:00-04:00,7665.5,7665.5,7664.75,7665.0,50
2026-09-15T20:41:00-04:00,7665.25,7665.75,7665.0,7665.25,63
2026-09-15T20:42:00-04:00,7665.25,7665.25,7664.75,7664.75,72
2026-09-15T20:43:00-04:00,7664.75,7665.25,7664.5,7664.5,87
2026-09-15T20:44:00-04:00,7664.5,7664.75,7664.5,7664.5,88
2026-09-15T20:45:00-04:00,7664.5,7665.25,7664.0,7664.5,132
2026-09-15T20:46:00-04:00,7664.75,7664.75,7663.75,7664.0,76
2026-09-15T20:47:00-04:00,7664.0,7664.5,7663.75,7664.5,66
2026-09-15T20:48:00-04:00,7664.5,7666.25,7664.5,7666.0,164
2026-09-15T20:49:00-04:00,7666.0,7666.25,7665.5,7665.5,87
2026-09-15T20:50:00-04:00,7665.75,7666.0,7665.25,7665.25,70
2026-09-15T20:51:00-04:00,7665.25,7665.25,7665.25,7665.25,43
2026-09-15T20:52:00-04:00,7665.5,7666.0,7665.5,7666.0,152
2026-09-15T20:53:00-04:00,7666.25,7666.25,7665.75,7665.75,75
2026-09-15T20:54:00-04:00,7665.5,7665.75,7665.25,7665.75,36
2026-09-15T20:55:00-04:00,7665.5,7665.5,7664.25,7664.25,176
2026-09-15T20:56:00-04:00,7664.25,7665.5,7664.25,7665.5,74
2026-09-15T20:57:00-04:00,7665.5,7665.75,7665.25,7665.25,39
2026-09-15T20:58:00-04:00,7665.5,7665.75,7665.25,7665.5,45
2026-09-15T20:59:00-04:00,7665.25,7665.75,7665.0,7665.0,90
2026-09-15T21:00:00-04:00,7665.0,7665.75,7664.75,7665.25,133
2026-09-15T21:01:00-04:00,7665.5,7665.75,7664.5,7664.5,155
2026-09-15T21:02:00-04:00,7664.75,7664.75,7664.0,7664.5,62
2026-09-15T21:03:00-04:00,7664.5,7665.25,7664.5,7664.5,83
2026-09-15T21:04:00-04:00,7664.25,7664.25,7663.25,7663.25,141
2026-09-15T21:05:00-04:00,7663.25,7663.5,7662.25,7663.25,199
2026-09-15T21:06:00-04:00,7663.25,7663.5,7662.5,7662.5,178
2026-09-15T21:07:00-04:00,7662.5,7662.5,7661.0,7661.25,458
2026-09-15T21:08:00-04:00,7661.5,7661.75,7661.0,7661.5,286
2026-09-15T21:09:00-04:00,7661.5,7661.5,7660.0,7661.0,591
2026-09-15T21:10:00-04:00,7661.0,7662.25,7660.0,7662.0,331
2026-09-15T21:11:00-04:00,7662.0,7662.75,7661.5,7662.5,186
2026-09-15T21:12:00-04:00,7662.25,7662.75,7662.0,7662.5,144
2026-09-15T21:13:00-04:00,7662.5,7665.75,7662.5,7665.5,378
2026-09-15T21:14:00-04:00,7665.5,7666.5,7665.25,7666.25,232
2026-09-15T21:15:00-04:00,7666.25,7666.75,7665.75,7666.5,285
2026-09-15T21:16:00-04:00,7666.25,7666.25,7665.75,7666.25,103
2026-09-15T21:17:00-04:00,7666.0,7666.0,7665.25,7665.75,85
2026-09-15T21:18:00-04:00,7665.75,7665.75,7665.0,7665.25,85
2026-09-15T21:19:00-04:00,7665.5,7666.0,7665.25,7666.0,101
2026-09-15T21:20:00-04:00,7666.0,7666.0,7665.5,7666.0,96
2026-09-15T21:21:00-04:00,7666.0,7666.0,7665.75,7666.0,47
2026-09-15T21:22:00-04:00,7666.0,7667.0,7666.0,7666.5,147
2026-09-15T21:23:00-04:00,7666.5,7667.0,7666.5,7666.5,70
2026-09-15T21:24:00-04:00,7666.75,7667.5,7666.75,7667.0,164
2026-09-15T21:25:00-04:00,7667.0,7667.75,7667.0,7667.5,197
2026-09-15T21:26:00-04:00,7667.75,7667.75,7666.25,7666.25,176
2026-09-15T21:27:00-04:00,7666.25,7666.5,7666.0,7666.5,49
2026-09-15T21:28:00-04:00,7666.5,7666.5,7666.0,7666.25,21
2026-09-15T21:29:00-04:00,7666.25,7666.5,7666.0,7666.0,57
2026-09-15T21:30:00-04:00,7666.0,7666.0,7664.25,7664.25,183
2026-09-15T21:31:00-04:00,7664.25,7664.75,7663.5,7663.5,162
2026-09-15T21:32:00-04:00,7663.75,7665.5,7663.75,7665.0,121
2026-09-15T21:33:00-04:00,7664.75,7665.0,7664.5,7664.75,63
2026-09-15T21:34:00-04:00,7664.75,7665.25,7664.75,7665.0,49
2026-09-15T21:35:00-04:00,7665.25,7665.75,7664.75,7664.75,115
2026-09-15T21:36:00-04:00,7664.5,7664.5,7662.75,7663.25,151
2026-09-15T21:37:00-04:00,7663.0,7663.25,7662.5,7662.5,93
2026-09-15T21:38:00-04:00,7662.25,7662.5,7661.75,7662.25,181
2026-09-15T21:39:00-04:00,7662.5,7662.5,7662.0,7662.5,107
2026-09-15T21:40:00-04:00,7662.25,7662.75,7662.25,7662.75,154
2026-09-15T21:41:00-04:00,7662.75,7663.5,7662.5,7663.0,137
2026-09-15T21:42:00-04:00,7663.0,7663.0,7662.5,7663.0,54
2026-09-15T21:43:00-04:00,7663.0,7663.0,7662.25,7662.25,76
2026-09-15T21:44:00-04:00,7662.25,7662.5,7662.25,7662.25,53
2026-09-15T21:45:00-04:00,7662.25,7664.25,7662.25,7663.5,138
2026-09-15T21:46:00-04:00,7663.5,7663.75,7662.5,7662.5,148
2026-09-15T21:47:00-04:00,7662.25,7663.25,7662.25,7662.75,203
2026-09-15T21:48:00-04:00,7662.75,7662.75,7662.0,7662.25,88
2026-09-15T21:49:00-04:00,7662.25,7662.5,7661.75,7661.75,81
2026-09-15T21:50:00-04:00,7661.75,7662.0,7660.25,7660.25,217
2026-09-15T21:51:00-04:00,7660.25,7660.75,7660.0,7660.75,423
2026-09-15T21:52:00-04:00,7660.75,7660.75,7660.25,7660.5,53
2026-09-15T21:53:00-04:00,7660.5,7660.5,7659.25,7660.0,225
2026-09-15T21:54:00-04:00,7659.75,7659.75,7659.0,7659.5,131
2026-09-15T21:55:00-04:00,7659.5,7660.25,7659.25,7659.75,121
2026-09-15T21:56:00-04:00,7659.75,7659.75,7659.25,7659.5,91
2026-09-15T21:57:00-04:00,7659.5,7659.5,7659.0,7659.0,87
2026-09-15T21:58:00-04:00,7659.25,7659.75,7659.0,7659.25,104
2026-09-15T21:59:00-04:00,7659.25,7659.25,7658.75,7659.0,275
2026-09-15T22:00:00-04:00,7659.0,7660.5,7659.0,7660.5,137
2026-09-15T22:01:00-04:00,7660.5,7662.0,7660.5,7662.0,218
2026-09-15T22:02:00-04:00,7661.75,7664.25,7661.75,7664.0,368
2026-09-15T22:03:00-04:00,7663.75,7663.75,7663.0,7663.0,195
2026-09-15T22:04:00-04:00,7663.0,7663.25,7662.5,7663.25,148
2026-09-15T22:05:00-04:00,7663.25,7663.5,7661.75,7662.25,196
2026-09-15T22:06:00-04:00,7662.25,7662.5,7661.0,7661.75,141
2026-09-15T22:07:00-04:00,7661.5,7661.5,7660.5,7661.25,122
2026-09-15T22:08:00-04:00,7661.25,7662.0,7661.0,7661.75,91
2026-09-15T22:09:00-04:00,7661.75,7662.5,7661.5,7662.25,163
2026-09-15T22:10:00-04:00,7662.25,7663.5,7662.25,7662.5,137
2026-09-15T22:11:00-04:00,7662.5,7662.5,7661.0,7661.25,140
2026-09-15T22:12:00-04:00,7661.0,7661.5,7659.75,7661.0,551
2026-09-15T22:13:00-04:00,7661.0,7661.25,7660.5,7661.0,67
2026-09-15T22:14:00-04:00,7660.75,7660.75,7660.25,7660.75,57
2026-09-15T22:15:00-04:00,7660.75,7661.75,7660.5,7661.75,142
2026-09-15T22:16:00-04:00,7661.5,7662.0,7660.75,7661.75,539
2026-09-15T22:17:00-04:00,7661.75,7662.5,7661.5,7662.0,120
2026-09-15T22:18:00-04:00,7662.25,7662.25,7661.5,7661.75,184
2026-09-15T22:19:00-04:00,7662.0,7662.5,7661.5,7662.25,205
2026-09-15T22:20:00-04:00,7662.0,7662.0,7661.25,7661.75,76
2026-09-15T22:21:00-04:00,7661.75,7662.25,7661.5,7662.25,84
2026-09-15T22:22:00-04:00,7662.25,7662.75,7661.75,7662.0,83
2026-09-15T22:23:00-04:00,7661.75,7662.25,7661.75,7662.25,29
2026-09-15T22:24:00-04:00,7662.0,7663.75,7662.0,7663.5,192
2026-09-15T22:25:00-04:00,7663.25,7664.0,7663.25,7663.75,104
2026-09-15T22:26:00-04:00,7664.0,7664.25,7663.75,7664.25,137
2026-09-15T22:27:00-04:00,7664.5,7665.5,7664.5,7665.25,179
2026-09-15T22:28:00-04:00,7665.25,7665.5,7665.0,7665.0,72
2026-09-15T22:29:00-04:00,7665.25,7666.25,7665.0,7666.0,254
2026-09-15T22:30:00-04:00,7666.0,7668.0,7665.5,7667.25,321
2026-09-15T22:31:00-04:00,7667.0,7667.75,7667.0,7667.75,196
2026-09-15T22:32:00-04:00,7667.75,7668.0,7666.75,7666.75,147
2026-09-15T22:33:00-04:00,7666.75,7666.75,7665.5,7665.75,123
2026-09-15T22:34:00-04:00,7665.75,7667.5,7665.75,7667.0,158
2026-09-15T22:35:00-04:00,7667.0,7668.0,7667.0,7667.75,140
2026-09-15T22:36:00-04:00,7667.75,7668.25,7667.75,7668.0,156
2026-09-15T22:37:00-04:00,7668.0,7668.0,7667.5,7667.5,46
2026-09-15T22:38:00-04:00,7667.5,7667.5,7666.75,7667.0,140
2026-09-15T22:39:00-04:00,7667.0,7667.0,7666.25,7666.75,64
2026-09-15T22:40:00-04:00,7666.75,7666.75,7666.0,7666.25,53
2026-09-15T22:41:00-04:00,7666.0,7666.5,7665.75,7666.0,98
2026-09-15T22:42:00-04:00,7666.0,7666.25,7664.75,7665.0,380
2026-09-15T22:43:00-04:00,7664.75,7666.0,7664.75,7665.0,112
2026-09-15T22:44:00-04:00,7665.0,7665.0,7664.25,7665.0,144
2026-09-15T22:45:00-04:00,7665.0,7665.5,7665.0,7665.5,69
2026-09-15T22:46:00-04:00,7665.5,7666.0,7665.5,7665.75,101
2026-09-15T22:47:00-04:00,7665.75,7665.75,7665.0,7665.5,126
2026-09-15T22:48:00-04:00,7665.5,7666.0,7665.5,7666.0,48
2026-09-15T22:49:00-04:00,7666.0,7666.5,7665.5,7666.0,169
2026-09-15T22:50:00-04:00,7665.75,7666.25,7665.25,7666.25,72
2026-09-15T22:51:00-04:00,7666.25,7667.0,7665.75,7666.5,85
2026-09-15T22:52:00-04:00,7666.75,7666.75,7666.5,7666.5,31
2026-09-15T22:53:00-04:00,7666.25,7667.25,7666.25,7667.25,52
2026-09-15T22:54:00-04:00,7667.25,7667.25,7666.5,7666.5,21
2026-09-15T22:55:00-04:00,7666.75,7666.75,7666.25,7666.75,41
2026-09-15T22:56:00-04:00,7667.0,7667.75,7667.0,7667.25,153
2026-09-15T22:57:00-04:00,7667.25,7667.5,7667.0,7667.25,65
2026-09-15T22:58:00-04:00,7667.25,7667.25,7667.0,7667.0,25
2026-09-15T22:59:00-04:00,7667.25,7668.25,7667.25,7668.0,105
2026-09-15T23:00:00-04:00,7668.0,7669.0,7668.0,7669.0,241
2026-09-15T23:01:00-04:00,7669.0,7669.5,7668.75,7669.5,189
2026-09-15T23:02:00-04:00,7669.25,7670.5,7669.0,7669.75,271
2026-09-15T23:03:00-04:00,7669.75,7671.0,7669.75,7671.0,174
2026-09-15T23:04:00-04:00,7671.0,7671.0,7670.0,7670.25,132
2026-09-15T23:05:00-04:00,7670.0,7670.5,7669.75,7670.25,159
2026-09-15T23:06:00-04:00,7670.25,7671.5,7670.25,7671.5,115
2026-09-15T23:07:00-04:00,7671.5,7671.5,7670.0,7670.5,115
2026-09-15T23:08:00-04:00,7670.25,7670.75,7670.25,7670.75,138
2026-09-15T23:09:00-04:00,7671.0,7671.0,7670.0,7670.25,196
2026-09-15T23:10:00-04:00,7670.5,7671.0,7670.25,7670.75,299
2026-09-15T23:11:00-04:00,7670.5,7670.5,7669.5,7670.0,262
2026-09-15T23:12:00-04:00,7670.0,7670.75,7669.75,7670.75,169
2026-09-15T23:13:00-04:00,7670.5,7671.5,7670.25,7671.25,120
2026-09-15T23:14:00-04:00,7671.5,7673.5,7671.5,7672.5,435
2026-09-15T23:15:00-04:00,7672.75,7673.0,7672.5,7672.75,140
2026-09-15T23:16:00-04:00,7673.0,7674.0,7672.75,7674.0,226
2026-09-15T23:17:00-04:00,7674.0,7676.0,7673.5,7675.75,595
2026-09-15T23:18:00-04:00,7675.75,7675.75,7674.75,7675.0,175
2026-09-15T23:19:00-04:00,7675.0,7675.75,7674.75,7675.5,165
2026-09-15T23:20:00-04:00,7675.75,7676.0,7674.75,7675.5,197
2026-09-15T23:21:00-04:00,7675.5,7678.0,7675.5,7678.0,668
2026-09-15T23:22:00-04:00,7678.0,7678.0,7676.75,7677.0,266
2026-09-15T23:23:00-04:00,7676.75,7677.75,7676.75,7677.25,169
2026-09-15T23:24:00-04:00,7677.0,7677.0,7676.0,7676.75,145
2026-09-15T23:25:00-04:00,7676.75,7677.0,7676.25,7676.75,90
2026-09-15T23:26:00-04:00,7676.75,7677.25,7676.75,7677.25,104
2026-09-15T23:27:00-04:00,7677.25,7677.25,7675.25,7675.5,188
2026-09-15T23:28:00-04:00,7675.75,7675.75,7674.5,7674.5,110
2026-09-15T23:29:00-04:00,7674.75,7675.0,7674.0,7674.0,77
2026-09-15T23:30:00-04:00,7673.75,7674.0,7672.75,7672.75,183
2026-09-15T23:31:00-04:00,7672.75,7673.75,7672.5,7672.5,199
2026-09-15T23:32:00-04:00,7672.5,7672.75,7671.75,7672.25,186
2026-09-15T23:33:00-04:00,7672.25,7672.25,7671.75,7672.25,67
2026-09-15T23:34:00-04:00,7672.0,7672.0,7671.5,7671.5,46
2026-09-15T23:35:00-04:00,7671.75,7671.75,7671.25,7671.5,83
2026-09-15T23:36:00-04:00,7671.5,7671.5,7670.75,7670.75,73
2026-09-15T23:37:00-04:00,7670.75,7671.5,7670.0,7670.25,183
2026-09-15T23:38:00-04:00,7670.5,7671.25,7670.25,7671.25,142
2026-09-15T23:39:00-04:00,7671.5,7671.75,7671.25,7671.5,109
2026-09-15T23:40:00-04:00,7671.75,7672.25,7671.5,7671.75,116
2026-09-15T23:41:00-04:00,7671.75,7671.75,7671.25,7671.5,95
2026-09-15T23:42:00-04:00,7671.5,7671.75,7671.0,7671.5,143
2026-09-15T23:43:00-04:00,7671.5,7672.25,7671.25,7672.25,87
2026-09-15T23:44:00-04:00,7672.25,7672.75,7671.75,7672.25,156
2026-09-15T23:45:00-04:00,7672.25,7673.25,7672.25,7673.0,140
2026-09-15T23:46:00-04:00,7673.0,7673.5,7672.75,7673.5,45
2026-09-15T23:47:00-04:00,7673.5,7674.0,7673.0,7673.5,163
2026-09-15T23:48:00-04:00,7673.5,7674.0,7673.0,7673.25,87
2026-09-15T23:49:00-04:00,7673.0,7673.25,7672.75,7672.75,76
2026-09-15T23:50:00-04:00,7672.5,7673.0,7672.5,7672.75,229
2026-09-15T23:51:00-04:00,7672.75,7673.0,7672.75,7672.75,68
2026-09-15T23:52:00-04:00,7673.0,7673.5,7672.75,7673.5,69
2026-09-15T23:53:00-04:00,7673.5,7673.75,7673.5,7673.5,137
2026-09-15T23:54:00-04:00,7673.25,7673.25,7672.5,7672.5,165
2026-09-15T23:55:00-04:00,7672.25,7673.0,7672.0,7673.0,138
2026-09-15T23:56:00-04:00,7672.75,7673.25,7672.25,7673.25,69
2026-09-15T23:57:00-04:00,7673.25,7673.5,7672.75,7672.75,75
2026-09-15T23:58:00-04:00,7672.75,7672.75,7672.5,7672.5,31
2026-09-16T00:09:00-04:00,7672.75,7673.0,7672.75,7672.75,20
2026-09-16T00:10:00-04:00,7672.75,7673.25,7672.75,7673.0,35
2026-09-16T00:11:00-04:00,7673.0,7673.0,7672.75,7672.75,75
2026-09-16T00:12:00-04:00,7672.75,7672.75,7672.25,7672.5,66
2026-09-16T00:13:00-04:00,7672.25,7673.0,7672.25,7672.75,31
2026-09-16T00:14:00-04:00,7672.5,7672.5,7672.25,7672.25,27
2026-09-16T00:15:00-04:00,7672.25,7672.5,7671.75,7672.0,77
2026-09-16T00:16:00-04:00,7672.0,7672.75,7671.75,7672.0,90
2026-09-16T00:17:00-04:00,7672.0,7672.0,7672.0,7672.0,29
2026-09-16T00:18:00-04:00,7671.75,7672.0,7671.25,7671.5,72
2026-09-16T00:19:00-04:00,7671.5,7671.5,7671.25,7671.25,70
2026-09-16T00:20:00-04:00,7671.5,7673.25,7671.5,7673.25,137
2026-09-16T00:21:00-04:00,7673.0,7673.0,7672.5,7672.75,105
2026-09-16T00:22:00-04:00,7672.5,7673.0,7672.5,7672.5,95
2026-09-16T00:23:00-04:00,7672.75,7673.25,7672.5,7673.25,54
2026-09-16T00:24:00-04:00,7673.25,7673.25,7672.5,7672.5,33
2026-09-16T00:25:00-04:00,7672.5,7672.5,7672.0,7672.0,79
2026-09-16T00:26:00-04:00,7672.0,7672.0,7671.5,7671.5,53
2026-09-16T00:27:00-04:00,7671.5,7672.0,7671.25,7671.5,69
2026-09-16T00:28:00-04:00,7671.5,7671.5,7670.25,7670.5,174
2026-09-16T00:29:00-04:00,7670.75,7671.0,7670.5,7670.75,72
2026-09-16T00:30:00-04:00,7670.5,7671.0,7670.25,7671.0,70
2026-09-16T00:31:00-04:00,7670.75,7670.75,7670.0,7670.5,86
2026-09-16T00:32:00-04:00,7670.25,7670.25,7669.0,7669.25,108
2026-09-16T00:33:00-04:00,7669.25,7669.25,7667.5,7668.0,270
2026-09-16T00:34:00-04:00,7667.75,7668.25,7667.5,7668.0,100
2026-09-16T00:35:00-04:00,7668.0,7668.0,7667.5,7667.5,70
2026-09-16T00:36:00-04:00,7667.5,7667.75,7667.25,7667.75,130
2026-09-16T00:37:00-04:00,7668.0,7669.0,7667.75,7669.0,86
2026-09-16T00:38:00-04:00,7669.0,7669.0,7668.0,7668.0,57
2026-09-16T00:39:00-04:00,7668.0,7668.5,7668.0,7668.5,17
2026-09-16T00:40:00-04:00,7668.5,7668.75,7668.25,7668.5,62
2026-09-16T00:41:00-04:00,7668.5,7669.75,7668.25,7669.25,90
2026-09-16T00:42:00-04:00,7669.25,7669.25,7668.5,7669.0,52
2026-09-16T00:43:00-04:00,7669.0,7669.0,7667.25,7667.5,99
2026-09-16T00:44:00-04:00,7667.5,7668.25,7667.5,7668.0,58
2026-09-16T00:45:00-04:00,7668.0,7668.75,7668.0,7668.5,45
2026-09-16T00:46:00-04:00,7668.5,7669.25,7668.5,7669.0,35
2026-09-16T00:47:00-04:00,7669.0,7669.75,7668.75,7669.75,61
2026-09-16T00:48:00-04:00,7670.0,7670.0,7669.5,7669.5,62
2026-09-16T00:49:00-04:00,7669.25,7669.75,7669.25,7669.75,38
2026-09-16T00:50:00-04:00,7669.75,7670.25,7669.75,7669.75,47
2026-09-16T00:51:00-04:00,7669.75,7669.75,7668.75,7669.25,77
2026-09-16T00:52:00-04:00,7669.0,7670.5,7668.75,7670.25,89
2026-09-16T00:53:00-04:00,7670.0,7670.0,7669.5,7669.5,50
2026-09-16T00:54:00-04:00,7669.5,7669.5,7669.0,7669.0,70
2026-09-16T00:55:00-04:00,7669.0,7669.0,7668.0,7669.0,93
2026-09-16T00:56:00-04:00,7669.0,7669.25,7668.25,7668.25,40
2026-09-16T00:57:00-04:00,7668.5,7669.25,7668.5,7669.25,47
2026-09-16T00:58:00-04:00,7669.25,7669.5,7669.0,7669.0,80
2026-09-16T00:59:00-04:00,7669.0,7669.0,7668.0,7668.0,82
2026-09-16T01:00:00-04:00,7668.0,7668.5,7667.75,7668.25,96
2026-09-16T01:01:00-04:00,7668.0,7668.25,7666.25,7666.25,284
2026-09-16T01:02:00-04:00,7666.0,7666.0,7665.5,7666.0,164
2026-09-16T01:03:00-04:00,7666.0,7667.25,7665.75,7667.0,116
2026-09-16T01:04:00-04:00,7666.75,7668.25,7666.75,7668.25,155
2026-09-16T01:05:00-04:00,7668.5,7668.5,7667.5,7668.0,91
2026-09-16T01:06:00-04:00,7668.0,7668.25,7667.25,7667.5,74
2026-09-16T01:07:00-04:00,7667.5,7668.5,7667.25,7668.5,87
2026-09-16T01:08:00-04:00,7668.5,7668.75,7667.75,7667.75,94
2026-09-16T01:09:00-04:00,7668.0,7669.25,7668.0,7669.0,90
2026-09-16T01:10:00-04:00,7669.0,7669.5,7668.0,7668.25,68
2026-09-16T01:11:00-04:00,7668.5,7669.0,7668.5,7668.75,31
2026-09-16T01:12:00-04:00,7668.5,7669.0,7668.5,7669.0,45
2026-09-16T01:13:00-04:00,7668.75,7670.0,7668.75,7669.75,112
2026-09-16T01:14:00-04:00,7670.0,7670.0,7669.25,7669.25,68
2026-09-16T01:15:00-04:00,7669.25,7670.25,7669.25,7670.25,39
2026-09-16T01:16:00-04:00,7670.25,7670.75,7670.0,7670.5,81
2026-09-16T01:17:00-04:00,7670.75,7671.0,7670.75,7670.75,102
2026-09-16T01:18:00-04:00,7670.5,7671.25,7670.0,7670.5,92
2026-09-16T01:19:00-04:00,7670.5,7670.75,7670.5,7670.5,29
2026-09-16T01:20:00-04:00,7670.25,7670.75,7669.75,7670.25,101
2026-09-16T01:21:00-04:00,7670.5,7670.5,7670.5,7670.5,31
2026-09-16T01:22:00-04:00,7670.5,7670.5,7668.75,7669.0,176
2026-09-16T01:23:00-04:00,7669.25,7670.0,7669.25,7669.5,57
2026-09-16T01:24:00-04:00,7669.5,7669.75,7669.25,7669.5,35
2026-09-16T01:25:00-04:00,7669.5,7670.75,7669.25,7670.25,139
2026-09-16T01:26:00-04:00,7670.25,7670.25,7669.75,7669.75,46
2026-09-16T01:27:00-04:00,7669.75,7670.25,7669.5,7670.25,98
2026-09-16T01:28:00-04:00,7670.25,7670.25,7668.75,7669.0,75
2026-09-16T01:29:00-04:00,7669.25,7671.5,7669.25,7671.25,124
2026-09-16T01:30:00-04:00,7671.25,7671.25,7670.0,7670.25,78
2026-09-16T01:31:00-04:00,7670.25,7671.0,7669.5,7670.5,59
2026-09-16T01:32:00-04:00,7670.5,7670.5,7670.25,7670.25,18
2026-09-16T01:33:00-04:00,7670.75,7671.0,7670.5,7670.5,41
2026-09-16T01:34:00-04:00,7671.0,7671.0,7670.5,7670.75,48
2026-09-16T01:35:00-04:00,7670.75,7671.25,7670.5,7671.0,90
2026-09-16T01:36:00-04:00,7671.0,7672.0,7671.0,7671.25,117
2026-09-16T01:37:00-04:00,7671.0,7671.25,7670.5,7670.75,80
2026-09-16T01:38:00-04:00,7670.75,7671.25,7670.75,7671.25,31
2026-09-16T01:39:00-04:00,7671.25,7671.5,7671.0,7671.25,66
2026-09-16T01:40:00-04:00,7671.25,7672.5,7671.25,7672.5,133
2026-09-16T01:41:00-04:00,7672.5,7672.5,7671.75,7672.0,96
2026-09-16T01:42:00-04:00,7672.0,7672.25,7671.5,7672.25,118
2026-09-16T01:43:00-04:00,7672.25,7672.25,7671.75,7671.75,202
2026-09-16T01:44:00-04:00,7672.0,7673.5,7672.0,7673.5,210
2026-09-16T01:45:00-04:00,7673.25,7673.75,7673.25,7673.5,173
2026-09-16T01:46:00-04:00,7673.5,7674.0,7673.25,7673.25,107
2026-09-16T01:47:00-04:00,7673.5,7673.75,7672.0,7672.25,168
2026-09-16T01:48:00-04:00,7672.25,7672.5,7672.0,7672.0,75
2026-09-16T01:49:00-04:00,7672.0,7672.0,7670.25,7670.25,141
2026-09-16T01:50:00-04:00,7670.25,7671.0,7670.25,7670.5,130
2026-09-16T01:51:00-04:00,7670.25,7671.0,7670.0,7671.0,183
2026-09-16T01:52:00-04:00,7670.75,7670.75,7670.0,7670.0,98
2026-09-16T01:53:00-04:00,7670.0,7670.75,7670.0,7670.5,113
2026-09-16T01:54:00-04:00,7670.5,7671.75,7670.5,7671.5,103
2026-09-16T01:55:00-04:00,7671.5,7672.0,7671.25,7671.75,142
2026-09-16T01:56:00-04:00,7671.75,7671.75,7671.0,7671.75,104
2026-09-16T01:57:00-04:00,7671.75,7672.0,7671.5,7671.75,143
2026-09-16T01:58:00-04:00,7671.75,7671.75,7671.0,7671.25,97
2026-09-16T01:59:00-04:00,7671.0,7671.0,7670.5,7670.75,111
2026-09-16T02:00:00-04:00,7670.5,7673.75,7670.5,7673.75,400
2026-09-16T02:01:00-04:00,7673.75,7674.5,7673.25,7673.75,404
2026-09-16T02:02:00-04:00,7673.75,7674.25,7672.75,7673.0,193
2026-09-16T02:03:00-04:00,7672.75,7672.75,7669.5,7670.0,182
2026-09-16T02:04:00-04:00,7670.0,7670.25,7669.75,7670.25,165
2026-09-16T02:05:00-04:00,7670.25,7671.25,7670.25,7671.25,164
2026-09-16T02:06:00-04:00,7671.0,7673.0,7670.75,7672.5,267
2026-09-16T02:07:00-04:00,7672.75,7673.25,7671.75,7673.0,271
2026-09-16T02:08:00-04:00,7673.25,7674.0,7672.5,7672.5,172
2026-09-16T02:09:00-04:00,7672.75,7673.0,7672.0,7673.0,48
2026-09-16T02:10:00-04:00,7673.0,7674.0,7672.75,7673.5,153
2026-09-16T02:11:00-04:00,7673.75,7674.0,7673.25,7674.0,211
2026-09-16T02:12:00-04:00,7674.25,7675.0,7673.75,7674.75,313
2026-09-16T02:13:00-04:00,7674.75,7675.25,7674.5,7674.75,148
2026-09-16T02:14:00-04:00,7674.75,7674.75,7673.75,7673.75,130
2026-09-16T02:15:00-04:00,7673.5,7673.75,7672.25,7672.25,74
2026-09-16T02:16:00-04:00,7672.5,7673.0,7672.25,7673.0,94
2026-09-16T02:17:00-04:00,7673.0,7673.25,7672.5,7672.5,94
2026-09-16T02:18:00-04:00,7672.25,7673.75,7672.25,7673.25,111
2026-09-16T02:19:00-04:00,7673.25,7674.25,7672.5,7674.0,82
2026-09-16T02:20:00-04:00,7674.0,7674.25,7674.0,7674.0,64
2026-09-16T02:21:00-04:00,7674.25,7674.25,7673.0,7673.5,81
2026-09-16T02:22:00-04:00,7673.5,7673.75,7672.5,7672.75,57
2026-09-16T02:23:00-04:00,7672.75,7672.75,7671.0,7671.75,102
2026-09-16T02:24:00-04:00,7671.5,7672.0,7671.25,7672.0,53
2026-09-16T02:25:00-04:00,7672.0,7672.25,7671.75,7672.25,64
2026-09-16T02:26:00-04:00,7672.5,7672.75,7671.75,7671.75,188
2026-09-16T02:27:00-04:00,7671.75,7671.75,7669.75,7670.25,124
2026-09-16T02:28:00-04:00,7670.25,7670.5,7669.75,7670.25,143
2026-09-16T02:29:00-04:00,7670.25,7671.75,7670.0,7671.5,203
2026-09-16T02:30:00-04:00,7671.5,7671.5,7670.25,7671.5,347
2026-09-16T02:31:00-04:00,7671.75,7672.25,7670.25,7670.5,171
2026-09-16T02:32:00-04:00,7670.25,7671.0,7669.75,7670.75,72
2026-09-16T02:33:00-04:00,7671.0,7671.0,7670.0,7670.5,97
2026-09-16T02:34:00-04:00,7670.75,7671.75,7670.5,7671.75,211
2026-09-16T02:35:00-04:00,7671.5,7671.5,7670.5,7670.75,214
2026-09-16T02:36:00-04:00,7671.0,7671.25,7670.0,7670.25,273
2026-09-16T02:37:00-04:00,7670.0,7670.75,7670.0,7670.5,138
2026-09-16T02:38:00-04:00,7670.5,7671.75,7670.25,7671.0,290
2026-09-16T02:39:00-04:00,7671.0,7671.0,7670.5,7670.75,187
2026-09-16T02:40:00-04:00,7670.75,7671.0,7670.0,7670.25,174
2026-09-16T02:41:00-04:00,7670.25,7670.25,7669.75,7669.75,160
2026-09-16T02:42:00-04:00,7669.5,7670.25,7669.25,7670.0,196
2026-09-16T02:43:00-04:00,7670.0,7670.5,7670.0,7670.0,155
2026-09-16T02:44:00-04:00,7670.25,7671.0,7670.25,7671.0,93
2026-09-16T02:45:00-04:00,7671.0,7671.5,7670.75,7671.5,139
2026-09-16T02:46:00-04:00,7671.25,7671.25,7670.25,7670.25,205
2026-09-16T02:47:00-04:00,7670.5,7670.75,7670.0,7670.5,111
2026-09-16T02:48:00-04:00,7670.5,7671.5,7669.5,7671.5,240
2026-09-16T02:49:00-04:00,7671.25,7671.5,7671.0,7671.0,380
2026-09-16T02:50:00-04:00,7670.75,7672.0,7670.75,7671.75,184
2026-09-16T02:51:00-04:00,7671.75,7673.5,7671.75,7673.5,163
2026-09-16T02:52:00-04:00,7673.5,7674.5,7673.0,7673.0,176
2026-09-16T02:53:00-04:00,7673.0,7673.0,7672.25,7672.5,70
2026-09-16T02:54:00-04:00,7672.5,7673.0,7672.25,7673.0,64
2026-09-16T02:55:00-04:00,7672.75,7673.0,7672.75,7673.0,81
2026-09-16T02:56:00-04:00,7673.0,7673.0,7672.0,7672.25,125
2026-09-16T02:57:00-04:00,7672.25,7673.0,7672.25,7672.75,87
2026-09-16T02:58:00-04:00,7672.75,7673.0,7672.25,7672.5,176
2026-09-16T02:59:00-04:00,7672.75,7674.5,7672.75,7673.75,448
2026-09-16T03:00:00-04:00,7673.75,7675.75,7672.5,7675.0,888
2026-09-16T03:01:00-04:00,7675.0,7676.5,7674.5,7675.75,565
2026-09-16T03:02:00-04:00,7675.5,7676.25,7674.5,7675.75,435
2026-09-16T03:03:00-04:00,7675.75,7677.75,7675.75,7677.75,422
2026-09-16T03:04:00-04:00,7677.75,7678.0,7677.0,7677.5,272
2026-09-16T03:05:00-04:00,7677.5,7677.75,7677.0,7677.25,311
2026-09-16T03:06:00-04:00,7677.25,7677.25,7674.25,7675.75,1015
2026-09-16T03:07:00-04:00,7675.75,7676.0,7675.0,7676.0,315
2026-09-16T03:08:00-04:00,7676.0,7676.25,7675.0,7676.25,258
2026-09-16T03:09:00-04:00,7676.25,7676.5,7676.0,7676.0,303
2026-09-16T03:10:00-04:00,7676.25,7677.0,7675.5,7676.25,406
2026-09-16T03:11:00-04:00,7676.25,7676.5,7675.0,7675.5,441
2026-09-16T03:12:00-04:00,7675.75,7677.0,7675.5,7677.0,286
2026-09-16T03:13:00-04:00,7677.0,7677.25,7675.75,7676.25,305
2026-09-16T03:14:00-04:00,7676.25,7676.5,7675.5,7676.5,236
2026-09-16T03:15:00-04:00,7676.5,7676.75,7676.0,7676.0,327
2026-09-16T03:16:00-04:00,7676.0,7676.0,7674.75,7675.5,373
2026-09-16T03:17:00-04:00,7675.5,7676.25,7675.5,7675.75,204
2026-09-16T03:18:00-04:00,7675.75,7675.75,7672.75,7673.0,347
2026-09-16T03:19:00-04:00,7673.25,7673.75,7672.25,7672.25,249
2026-09-16T03:20:00-04:00,7672.25,7673.0,7671.75,7673.0,263
2026-09-16T03:21:00-04:00,7672.75,7673.75,7672.75,7673.75,190
2026-09-16T03:22:00-04:00,7673.5,7674.0,7673.5,7673.5,171
2026-09-16T03:23:00-04:00,7673.75,7675.5,7673.75,7674.5,279
2026-09-16T03:24:00-04:00,7674.0,7675.5,7673.75,7674.5,398
2026-09-16T03:25:00-04:00,7674.25,7675.0,7674.0,7674.75,371
2026-09-16T03:26:00-04:00,7674.75,7675.5,7674.5,7674.5,157
2026-09-16T03:27:00-04:00,7674.5,7675.25,7674.5,7675.0,180
2026-09-16T03:28:00-04:00,7675.0,7675.5,7674.75,7675.25,163
2026-09-16T03:29:00-04:00,7675.0,7675.0,7674.5,7674.5,121
2026-09-16T03:30:00-04:00,7674.5,7676.75,7674.5,7675.75,401
2026-09-16T03:31:00-04:00,7675.75,7676.25,7675.0,7675.0,378
2026-09-16T03:32:00-04:00,7675.25,7675.75,7675.0,7675.0,192
2026-09-16T03:33:00-04:00,7675.0,7675.25,7674.5,7674.5,337
2026-09-16T03:34:00-04:00,7674.5,7675.0,7674.5,7675.0,198
2026-09-16T03:35:00-04:00,7675.25,7675.25,7674.5,7674.75,107
2026-09-16T03:36:00-04:00,7674.5,7675.0,7674.0,7674.5,235
2026-09-16T03:37:00-04:00,7674.5,7674.5,7673.75,7674.25,300
2026-09-16T03:38:00-04:00,7674.25,7674.25,7673.75,7673.75,104
2026-09-16T03:39:00-04:00,7673.5,7673.5,7672.75,7673.0,256
2026-09-16T03:40:00-04:00,7673.0,7673.75,7673.0,7673.25,246
2026-09-16T03:41:00-04:00,7673.25,7673.25,7672.25,7672.25,274
2026-09-16T03:42:00-04:00,7672.5,7672.5,7672.0,7672.5,223
2026-09-16T03:43:00-04:00,7672.25,7673.0,7672.25,7672.75,288
2026-09-16T03:44:00-04:00,7672.75,7673.0,7672.25,7672.25,256
2026-09-16T03:45:00-04:00,7672.5,7672.75,7671.75,7671.75,243
2026-09-16T03:46:00-04:00,7671.75,7672.5,7671.75,7672.25,150
2026-09-16T03:47:00-04:00,7672.25,7673.0,7672.25,7672.75,729
2026-09-16T03:48:00-04:00,7672.5,7672.5,7672.25,7672.5,242
2026-09-16T03:49:00-04:00,7672.5,7672.5,7671.75,7672.0,219
2026-09-16T03:50:00-04:00,7672.0,7672.25,7671.5,7671.75,167
2026-09-16T03:51:00-04:00,7671.75,7671.75,7670.75,7671.25,242
2026-09-16T03:52:00-04:00,7671.5,7672.0,7671.25,7671.5,154
2026-09-16T03:53:00-04:00,7671.25,7671.75,7671.0,7671.0,385
2026-09-16T03:54:00-04:00,7671.0,7671.0,7669.75,7669.75,214
2026-09-16T03:55:00-04:00,7669.75,7672.0,7669.75,7672.0,206
2026-09-16T03:56:00-04:00,7672.0,7672.5,7671.75,7672.5,241
2026-09-16T03:57:00-04:00,7672.5,7672.75,7672.5,7672.75,119
2026-09-16T03:58:00-04:00,7672.5,7672.5,7670.75,7671.0,261
2026-09-16T03:59:00-04:00,7671.0,7671.0,7670.5,7670.75,219
2026-09-16T04:00:00-04:00,7670.75,7671.25,7670.0,7670.5,527
2026-09-16T04:01:00-04:00,7670.75,7670.75,7669.5,7670.0,381
2026-09-16T04:02:00-04:00,7670.0,7670.25,7669.25,7669.5,276
2026-09-16T04:03:00-04:00,7669.25,7670.0,7669.0,7669.25,272
2026-09-16T04:04:00-04:00,7669.5,7669.5,7666.75,7667.25,227
2026-09-16T04:05:00-04:00,7667.25,7668.25,7667.0,7667.25,239
2026-09-16T04:06:00-04:00,7667.25,7667.5,7666.0,7667.0,297
2026-09-16T04:07:00-04:00,7666.75,7666.75,7665.5,7665.5,374
2026-09-16T04:08:00-04:00,7665.5,7666.5,7664.75,7665.75,452
2026-09-16T04:09:00-04:00,7665.75,7666.75,7665.25,7666.25,242
2026-09-16T04:10:00-04:00,7666.0,7666.0,7665.0,7665.25,173
2026-09-16T04:11:00-04:00,7665.25,7665.25,7663.5,7665.0,777
2026-09-16T04:12:00-04:00,7665.25,7666.25,7664.75,7666.0,188
2026-09-16T04:13:00-04:00,7666.0,7666.25,7665.5,7666.25,373
2026-09-16T04:14:00-04:00,7666.25,7666.5,7666.0,7666.0,247
2026-09-16T04:15:00-04:00,7666.0,7667.75,7665.75,7667.0,383
2026-09-16T04:16:00-04:00,7666.75,7668.25,7666.5,7668.0,243
2026-09-16T04:17:00-04:00,7668.25,7669.75,7668.0,7669.75,338
2026-09-16T04:18:00-04:00,7669.75,7669.75,7668.5,7668.75,264
2026-09-16T04:19:00-04:00,7668.75,7672.25,7667.0,7668.5,2032
2026-09-16T04:20:00-04:00,7668.5,7670.25,7667.0,7667.5,1113
2026-09-16T04:21:00-04:00,7667.5,7671.25,7666.5,7669.75,948
2026-09-16T04:22:00-04:00,7669.5,7671.0,7668.75,7670.0,333
2026-09-16T04:23:00-04:00,7669.75,7669.75,7667.25,7667.5,336
2026-09-16T04:24:00-04:00,7667.5,7667.75,7666.5,7667.0,218
2026-09-16T04:25:00-04:00,7667.0,7667.5,7666.0,7666.75,213
2026-09-16T04:26:00-04:00,7666.75,7667.0,7665.25,7666.0,340
2026-09-16T04:27:00-04:00,7666.0,7667.5,7666.0,7667.5,152
2026-09-16T04:28:00-04:00,7667.5,7667.5,7666.25,7666.5,174
2026-09-16T04:29:00-04:00,7666.25,7669.0,7666.0,7668.5,508
2026-09-16T04:30:00-04:00,7668.5,7669.75,7667.5,7669.75,522
2026-09-16T04:31:00-04:00,7669.5,7671.0,7668.75,7670.5,326
2026-09-16T04:32:00-04:00,7670.5,7670.5,7668.5,7668.75,255
2026-09-16T04:33:00-04:00,7668.75,7669.0,7666.75,7667.0,154
2026-09-16T04:34:00-04:00,7667.0,7667.75,7666.0,7667.75,284
2026-09-16T04:35:00-04:00,7667.75,7668.5,7667.5,7667.75,482
2026-09-16T04:36:00-04:00,7668.0,7668.0,7667.25,7667.25,299
2026-09-16T04:37:00-04:00,7667.5,7668.25,7667.25,7667.5,285
2026-09-16T04:38:00-04:00,7667.5,7667.5,7666.0,7666.0,192
2026-09-16T04:39:00-04:00,7666.25,7666.5,7665.75,7665.75,181
2026-09-16T04:40:00-04:00,7666.0,7666.75,7665.75,7666.75,417
2026-09-16T04:41:00-04:00,7666.75,7667.75,7666.75,7667.75,167
2026-09-16T04:42:00-04:00,7667.75,7667.75,7666.5,7667.5,225
2026-09-16T04:43:00-04:00,7667.75,7670.5,7667.75,7669.25,276
2026-09-16T04:44:00-04:00,7669.25,7670.25,7669.0,7670.0,286
2026-09-16T04:45:00-04:00,7670.25,7670.75,7670.0,7670.5,147
2026-09-16T04:46:00-04:00,7670.5,7670.75,7669.25,7670.25,255
2026-09-16T04:47:00-04:00,7670.25,7670.5,7669.25,7669.75,141
2026-09-16T04:48:00-04:00,7669.75,7671.0,7669.5,7670.25,99
2026-09-16T04:49:00-04:00,7670.0,7670.25,7668.75,7669.25,79
2026-09-16T04:50:00-04:00,7669.0,7669.5,7669.0,7669.25,137
2026-09-16T04:51:00-04:00,7669.25,7669.5,7669.0,7669.25,311
2026-09-16T04:52:00-04:00,7669.25,7670.25,7669.25,7670.25,68
2026-09-16T04:53:00-04:00,7670.25,7671.25,7670.25,7671.25,209
2026-09-16T04:54:00-04:00,7671.0,7672.25,7671.0,7671.75,270
2026-09-16T04:55:00-04:00,7671.5,7672.5,7671.5,7671.75,219
2026-09-16T04:56:00-04:00,7672.0,7672.75,7671.75,7672.25,161
2026-09-16T04:57:00-04:00,7672.25,7673.5,7672.25,7673.0,172
2026-09-16T04:58:00-04:00,7673.0,7673.0,7671.5,7672.25,311
2026-09-16T04:59:00-04:00,7672.0,7672.75,7672.0,7672.75,62
2026-09-16T05:00:00-04:00,7672.5,7673.0,7671.75,7672.5,259
2026-09-16T05:01:00-04:00,7672.25,7672.5,7671.5,7672.25,214
2026-09-16T05:02:00-04:00,7672.25,7672.75,7670.75,7672.75,293
2026-09-16T05:03:00-04:00,7672.75,7673.25,7672.25,7672.5,103
2026-09-16T05:04:00-04:00,7672.5,7673.0,7671.75,7672.75,288
2026-09-16T05:05:00-04:00,7672.75,7673.75,7672.75,7672.75,273
2026-09-16T05:06:00-04:00,7672.5,7672.75,7672.25,7672.25,93
2026-09-16T05:07:00-04:00,7672.0,7672.25,7671.25,7671.75,111
2026-09-16T05:08:00-04:00,7671.75,7671.75,7671.0,7671.5,126
2026-09-16T05:09:00-04:00,7671.75,7672.5,7671.25,7672.25,635
2026-09-16T05:10:00-04:00,7672.0,7672.5,7671.5,7672.25,160
2026-09-16T05:11:00-04:00,7672.0,7672.0,7671.0,7671.0,159
2026-09-16T05:12:00-04:00,7671.0,7671.25,7670.75,7671.0,170
2026-09-16T05:13:00-04:00,7670.75,7670.75,7669.25,7669.75,162
2026-09-16T05:14:00-04:00,7669.75,7669.75,7669.0,7669.25,552
2026-09-16T05:15:00-04:00,7669.25,7669.75,7669.0,7669.25,321
2026-09-16T05:16:00-04:00,7669.25,7669.25,7668.25,7668.75,184
2026-09-16T05:17:00-04:00,7668.75,7668.75,7668.0,7668.25,142
2026-09-16T05:18:00-04:00,7668.25,7668.25,7666.5,7666.5,301
2026-09-16T05:19:00-04:00,7666.5,7666.5,7665.5,7666.0,250
2026-09-16T05:20:00-04:00,7665.75,7667.0,7665.75,7667.0,554
2026-09-16T05:21:00-04:00,7667.0,7667.75,7666.75,7667.5,221
2026-09-16T05:22:00-04:00,7667.75,7667.75,7667.0,7667.0,140
2026-09-16T05:23:00-04:00,7667.0,7667.75,7666.5,7666.5,386
2026-09-16T05:24:00-04:00,7666.5,7666.75,7665.5,7665.75,440
2026-09-16T05:25:00-04:00,7666.0,7669.0,7665.75,7668.25,1497
2026-09-16T05:26:00-04:00,7668.25,7669.75,7668.25,7668.75,716
2026-09-16T05:27:00-04:00,7668.75,7670.75,7668.0,7669.75,435
2026-09-16T05:28:00-04:00,7669.5,7669.5,7667.25,7667.75,203
2026-09-16T05:29:00-04:00,7667.75,7667.75,7667.25,7667.5,212
2026-09-16T05:30:00-04:00,7667.5,7668.0,7667.25,7667.75,118
2026-09-16T05:31:00-04:00,7667.75,7668.5,7667.0,7667.75,187
2026-09-16T05:32:00-04:00,7667.5,7669.5,7667.5,7669.25,288
2026-09-16T05:33:00-04:00,7669.0,7669.5,7668.25,7669.25,85
2026-09-16T05:34:00-04:00,7669.25,7669.5,7668.5,7669.0,118
2026-09-16T05:35:00-04:00,7669.25,7669.5,7668.75,7669.0,171
2026-09-16T05:36:00-04:00,7668.75,7669.25,7668.5,7669.0,631
2026-09-16T05:37:00-04:00,7669.0,7670.75,7668.75,7669.5,216
2026-09-16T05:38:00-04:00,7669.5,7670.25,7669.5,7669.75,187
2026-09-16T05:39:00-04:00,7669.75,7671.75,7669.75,7671.75,377
2026-09-16T05:40:00-04:00,7671.75,7673.25,7671.25,7672.75,392
2026-09-16T05:41:00-04:00,7673.0,7673.5,7673.0,7673.0,151
2026-09-16T05:42:00-04:00,7672.75,7673.5,7672.5,7673.5,207
2026-09-16T05:43:00-04:00,7673.75,7674.75,7673.5,7674.5,238
2026-09-16T05:44:00-04:00,7674.5,7674.5,7673.5,7673.5,110
2026-09-16T05:45:00-04:00,7673.75,7673.75,7671.0,7671.25,214
2026-09-16T05:46:00-04:00,7671.0,7671.5,7670.75,7671.0,135
2026-09-16T05:47:00-04:00,7671.25,7671.75,7671.0,7671.25,243
2026-09-16T05:48:00-04:00,7671.5,7672.0,7671.25,7671.75,202
2026-09-16T05:49:00-04:00,7671.75,7672.0,7671.75,7671.75,88
2026-09-16T05:50:00-04:00,7671.75,7672.75,7671.75,7672.75,88
2026-09-16T05:51:00-04:00,7672.5,7673.5,7672.5,7673.25,98
2026-09-16T05:52:00-04:00,7673.0,7674.0,7673.0,7673.75,248
2026-09-16T05:53:00-04:00,7673.75,7674.25,7673.5,7673.75,115
2026-09-16T05:54:00-04:00,7673.75,7673.75,7673.5,7673.75,90
2026-09-16T05:55:00-04:00,7673.75,7674.25,7673.5,7674.0,62
2026-09-16T05:56:00-04:00,7673.75,7674.25,7673.75,7674.25,298
2026-09-16T05:57:00-04:00,7674.0,7674.75,7674.0,7674.5,84
2026-09-16T05:58:00-04:00,7674.75,7675.0,7674.75,7675.0,95
2026-09-16T05:59:00-04:00,7674.75,7675.0,7673.0,7673.0,225
2026-09-16T06:00:00-04:00,7673.25,7673.5,7672.75,7673.5,184
2026-09-16T06:01:00-04:00,7673.5,7674.0,7672.75,7673.25,324
2026-09-16T06:02:00-04:00,7673.25,7673.25,7672.25,7673.0,197
2026-09-16T06:03:00-04:00,7672.75,7673.25,7672.75,7673.25,78
2026-09-16T06:04:00-04:00,7673.25,7673.25,7671.0,7671.25,417
2026-09-16T06:05:00-04:00,7671.25,7671.75,7670.25,7670.75,513
2026-09-16T06:06:00-04:00,7670.5,7671.75,7670.25,7671.75,588
2026-09-16T06:07:00-04:00,7671.75,7672.5,7671.5,7672.25,375
2026-09-16T06:08:00-04:00,7672.25,7672.5,7671.75,7672.5,223
2026-09-16T06:09:00-04:00,7672.5,7673.5,7672.5,7673.0,426
2026-09-16T06:10:00-04:00,7673.0,7673.25,7672.25,7672.25,388
2026-09-16T06:11:00-04:00,7672.25,7673.5,7672.0,7673.0,830
2026-09-16T06:12:00-04:00,7673.25,7673.5,7671.75,7671.75,360
2026-09-16T06:13:00-04:00,7671.75,7671.75,7669.5,7671.25,498
2026-09-16T06:14:00-04:00,7671.25,7672.0,7671.0,7671.75,238
2026-09-16T06:15:00-04:00,7671.75,7672.75,7671.5,7671.75,329
2026-09-16T06:16:00-04:00,7671.5,7671.5,7671.0,7671.25,447
2026-09-16T06:17:00-04:00,7671.0,7671.0,7670.5,7671.0,151
2026-09-16T06:18:00-04:00,7670.75,7671.25,7670.75,7671.25,125
2026-09-16T06:19:00-04:00,7671.5,7672.25,7671.25,7672.25,203
2026-09-16T06:20:00-04:00,7672.0,7673.0,7671.5,7672.5,455
2026-09-16T06:21:00-04:00,7672.5,7672.75,7672.25,7672.75,134
2026-09-16T06:22:00-04:00,7672.5,7672.5,7671.5,7671.75,245
2026-09-16T06:23:00-04:00,7671.75,7671.75,7671.25,7671.75,186
2026-09-16T06:24:00-04:00,7671.75,7672.25,7671.75,7671.75,137
2026-09-16T06:25:00-04:00,7672.0,7672.0,7671.5,7671.75,178
2026-09-16T06:26:00-04:00,7671.75,7672.5,7671.75,7672.5,145
2026-09-16T06:27:00-04:00,7672.75,7673.0,7671.75,7672.0,211
2026-09-16T06:28:00-04:00,7672.25,7672.5,7672.0,7672.5,136
2026-09-16T06:29:00-04:00,7672.5,7673.0,7672.5,7672.75,260
2026-09-16T06:30:00-04:00,7672.75,7673.0,7672.25,7672.25,211
2026-09-16T06:31:00-04:00,7672.25,7672.75,7672.25,7672.75,178
2026-09-16T06:32:00-04:00,7672.75,7672.75,7672.0,7672.5,128
2026-09-16T06:33:00-04:00,7672.5,7672.75,7672.25,7672.25,208
2026-09-16T06:34:00-04:00,7672.25,7672.5,7672.0,7672.0,84
2026-09-16T06:35:00-04:00,7672.25,7672.75,7672.0,7672.0,199
2026-09-16T06:36:00-04:00,7671.75,7672.5,7671.75,7672.25,176
2026-09-16T06:37:00-04:00,7672.25,7673.0,7672.25,7672.75,114
2026-09-16T06:38:00-04:00,7673.0,7673.0,7672.75,7672.75,189
2026-09-16T06:39:00-04:00,7672.5,7673.0,7672.25,7673.0,390
2026-09-16T06:40:00-04:00,7673.25,7673.5,7672.75,7673.5,95
2026-09-16T06:41:00-04:00,7673.5,7673.5,7673.0,7673.25,134
2026-09-16T06:42:00-04:00,7673.25,7673.25,7673.0,7673.0,87
2026-09-16T06:43:00-04:00,7673.0,7673.25,7673.0,7673.0,119
2026-09-16T06:44:00-04:00,7673.25,7673.5,7673.0,7673.25,251
2026-09-16T06:45:00-04:00,7673.25,7673.25,7672.75,7673.25,104
2026-09-16T06:46:00-04:00,7673.25,7673.25,7672.0,7672.25,277
2026-09-16T06:47:00-04:00,7672.0,7673.0,7672.0,7673.0,90
2026-09-16T06:48:00-04:00,7672.75,7673.0,7672.75,7673.0,56
2026-09-16T06:49:00-04:00,7673.0,7673.25,7673.0,7673.0,155
2026-09-16T06:50:00-04:00,7673.0,7673.25,7672.75,7672.75,129
2026-09-16T06:51:00-04:00,7672.75,7672.75,7672.25,7672.75,103
2026-09-16T06:52:00-04:00,7672.5,7672.5,7672.0,7672.0,53
2026-09-16T06:53:00-04:00,7672.0,7672.5,7672.0,7672.25,119
2026-09-16T06:54:00-04:00,7672.25,7672.25,7671.75,7672.0,356
2026-09-16T06:55:00-04:00,7672.0,7672.25,7671.75,7672.25,81
2026-09-16T06:56:00-04:00,7672.25,7672.75,7672.25,7672.5,149
2026-09-16T06:57:00-04:00,7672.5,7672.75,7672.25,7672.25,139
2026-09-16T06:58:00-04:00,7672.25,7673.0,7672.25,7672.75,161
2026-09-16T06:59:00-04:00,7672.5,7677.0,7671.75,7676.25,1032
2026-09-16T07:00:00-04:00,7676.25,7681.5,7676.0,7680.0,4971
2026-09-16T07:01:00-04:00,7680.0,7680.0,7675.75,7676.0,945
2026-09-16T07:02:00-04:00,7676.0,7676.75,7675.25,7675.5,499
2026-09-16T07:03:00-04:00,7675.25,7675.75,7674.5,7675.5,517
2026-09-16T07:04:00-04:00,7675.75,7676.25,7674.75,7675.75,739
2026-09-16T07:05:00-04:00,7675.75,7676.5,7675.25,7675.25,375
2026-09-16T07:06:00-04:00,7675.0,7675.25,7674.75,7674.75,478
2026-09-16T07:07:00-04:00,7674.75,7675.0,7673.75,7674.5,935
2026-09-16T07:08:00-04:00,7674.75,7675.5,7673.5,7674.75,666
2026-09-16T07:09:00-04:00,7674.5,7678.0,7674.5,7676.25,761
2026-09-16T07:10:00-04:00,7676.25,7677.25,7676.25,7676.75,345
2026-09-16T07:11:00-04:00,7676.75,7676.75,7674.5,7675.0,427
2026-09-16T07:12:00-04:00,7675.0,7675.5,7674.75,7675.5,211
2026-09-16T07:13:00-04:00,7675.5,7675.5,7674.25,7674.25,203
2026-09-16T07:14:00-04:00,7674.25,7674.5,7673.5,7673.5,218
2026-09-16T07:15:00-04:00,7673.75,7673.75,7672.0,7672.25,328
2026-09-16T07:16:00-04:00,7672.25,7673.0,7672.25,7672.75,141
2026-09-16T07:17:00-04:00,7673.0,7674.0,7673.0,7673.25,562
2026-09-16T07:18:00-04:00,7673.25,7673.5,7672.5,7673.0,268
2026-09-16T07:19:00-04:00,7673.0,7674.25,7672.75,7674.25,206
2026-09-16T07:20:00-04:00,7674.0,7674.5,7673.5,7673.75,260
2026-09-16T07:21:00-04:00,7673.5,7673.75,7672.75,7673.25,402
2026-09-16T07:22:00-04:00,7673.25,7673.25,7672.75,7673.25,341
2026-09-16T07:23:00-04:00,7673.5,7674.75,7673.5,7674.5,335
2026-09-16T07:24:00-04:00,7674.5,7675.25,7674.5,7674.75,249
2026-09-16T07:25:00-04:00,7675.0,7676.0,7674.5,7676.0,384
2026-09-16T07:26:00-04:00,7675.75,7676.0,7675.5,7675.75,683
2026-09-16T07:27:00-04:00,7676.0,7676.25,7675.75,7676.25,308
2026-09-16T07:28:00-04:00,7676.0,7676.0,7675.0,7676.0,301
2026-09-16T07:29:00-04:00,7676.0,7676.0,7675.0,7675.0,314
2026-09-16T07:30:00-04:00,7675.25,7675.75,7675.0,7675.0,868
2026-09-16T07:31:00-04:00,7675.25,7675.75,7675.0,7675.75,359
2026-09-16T07:32:00-04:00,7675.5,7676.25,7675.0,7675.5,419
2026-09-16T07:33:00-04:00,7675.75,7677.75,7675.75,7677.5,442
2026-09-16T07:34:00-04:00,7677.25,7677.5,7677.0,7677.25,311
2026-09-16T07:35:00-04:00,7677.25,7677.75,7676.75,7677.25,320
2026-09-16T07:36:00-04:00,7677.25,7678.0,7677.25,7678.0,297
2026-09-16T07:37:00-04:00,7678.25,7679.5,7677.5,7678.0,420
2026-09-16T07:38:00-04:00,7678.0,7678.25,7677.5,7678.25,411
2026-09-16T07:39:00-04:00,7678.25,7678.75,7678.0,7678.75,271
2026-09-16T07:40:00-04:00,7678.75,7679.0,7675.5,7678.0,1992
2026-09-16T07:41:00-04:00,7678.0,7680.5,7677.5,7678.5,709
2026-09-16T07:42:00-04:00,7678.5,7679.0,7677.25,7679.0,406
2026-09-16T07:43:00-04:00,7679.25,7681.25,7679.0,7680.5,699
2026-09-16T07:44:00-04:00,7680.5,7680.5,7679.5,7680.0,371
2026-09-16T07:45:00-04:00,7680.0,7680.5,7679.75,7680.25,291
2026-09-16T07:46:00-04:00,7680.25,7680.75,7679.75,7680.25,240
2026-09-16T07:47:00-04:00,7680.25,7681.0,7680.25,7680.75,235
2026-09-16T07:48:00-04:00,7680.75,7681.0,7680.25,7680.25,258
2026-09-16T07:49:00-04:00,7680.0,7680.75,7680.0,7680.75,211
2026-09-16T07:50:00-04:00,7681.0,7681.25,7680.75,7681.25,305
2026-09-16T07:51:00-04:00,7681.25,7682.0,7681.0,7681.5,280
2026-09-16T07:52:00-04:00,7681.5,7682.5,7681.25,7682.25,591
2026-09-16T07:53:00-04:00,7682.0,7682.5,7681.75,7681.75,350
2026-09-16T07:54:00-04:00,7681.75,7683.0,7681.75,7682.75,705
2026-09-16T07:55:00-04:00,7682.75,7683.0,7682.25,7682.5,375
2026-09-16T07:56:00-04:00,7682.25,7683.0,7682.0,7682.75,295
2026-09-16T07:57:00-04:00,7682.5,7683.5,7682.0,7682.25,481
2026-09-16T07:58:00-04:00,7682.25,7682.75,7681.75,7682.5,537
2026-09-16T07:59:00-04:00,7682.5,7683.25,7682.25,7683.25,539
2026-09-16T08:00:00-04:00,7683.0,7683.75,7682.75,7683.0,478
2026-09-16T08:01:00-04:00,7683.25,7689.25,7683.25,7684.5,1906
2026-09-16T08:02:00-04:00,7684.75,7684.75,7682.5,7683.0,700
2026-09-16T08:03:00-04:00,7682.75,7683.5,7682.5,7683.5,456
2026-09-16T08:04:00-04:00,7683.5,7684.0,7682.75,7683.75,694
2026-09-16T08:05:00-04:00,7684.0,7684.0,7682.75,7683.0,583
2026-09-16T08:06:00-04:00,7683.25,7684.75,7683.0,7684.5,432
2026-09-16T08:07:00-04:00,7684.5,7686.0,7684.5,7685.25,551
2026-09-16T08:08:00-04:00,7685.25,7686.25,7685.25,7685.25,367
2026-09-16T08:09:00-04:00,7685.25,7685.5,7684.75,7685.5,330
2026-09-16T08:10:00-04:00,7685.5,7685.5,7684.5,7684.75,521
2026-09-16T08:11:00-04:00,7685.0,7685.5,7684.25,7684.5,407
2026-09-16T08:12:00-04:00,7684.75,7685.25,7684.5,7685.0,358
2026-09-16T08:13:00-04:00,7684.75,7685.0,7683.75,7684.0,426
2026-09-16T08:14:00-04:00,7684.0,7684.0,7683.25,7683.25,286
2026-09-16T08:15:00-04:00,7683.25,7683.75,7683.0,7683.75,320
2026-09-16T08:16:00-04:00,7683.5,7683.75,7682.75,7683.5,468
2026-09-16T08:17:00-04:00,7683.75,7684.0,7682.5,7683.0,430
2026-09-16T08:18:00-04:00,7683.0,7684.0,7682.0,7682.5,1515
2026-09-16T08:19:00-04:00,7682.25,7683.5,7682.25,7683.0,602
2026-09-16T08:20:00-04:00,7683.0,7683.25,7681.0,7682.0,962
2026-09-16T08:21:00-04:00,7681.75,7683.0,7681.5,7682.25,1662
2026-09-16T08:22:00-04:00,7682.0,7682.5,7681.25,7682.5,665
2026-09-16T08:23:00-04:00,7682.5,7682.75,7681.25,7681.5,576
2026-09-16T08:24:00-04:00,7681.25,7681.5,7679.5,7679.75,967
2026-09-16T08:25:00-04:00,7680.0,7681.25,7680.0,7680.75,674
2026-09-16T08:26:00-04:00,7681.0,7681.5,7680.75,7681.25,270
2026-09-16T08:27:00-04:00,7681.25,7682.25,7680.5,7681.25,854
2026-09-16T08:28:00-04:00,7681.0,7681.75,7681.0,7681.75,297
2026-09-16T08:29:00-04:00,7681.75,7684.0,7681.5,7683.75,524
2026-09-16T08:30:00-04:00,7683.5,7684.0,7682.0,7683.0,700
2026-09-16T08:31:00-04:00,7683.0,7683.25,7680.75,7682.0,781
2026-09-16T08:32:00-04:00,7682.0,7682.25,7679.75,7680.25,1003
2026-09-16T08:33:00-04:00,7680.25,7681.5,7679.25,7681.5,876
2026-09-16T08:34:00-04:00,7681.5,7681.75,7681.0,7681.25,675
2026-09-16T08:35:00-04:00,7681.0,7681.5,7680.25,7680.25,774
2026-09-16T08:36:00-04:00,7680.25,7680.5,7678.5,7678.5,549
2026-09-16T08:37:00-04:00,7678.5,7678.75,7678.0,7678.25,497
2026-09-16T08:38:00-04:00,7678.5,7678.75,7675.75,7676.0,822
2026-09-16T08:39:00-04:00,7676.0,7676.5,7675.5,7676.5,452
2026-09-16T08:40:00-04:00,7676.25,7676.5,7675.75,7676.25,380
2026-09-16T08:41:00-04:00,7676.25,7676.75,7676.0,7676.25,455
2026-09-16T08:42:00-04:00,7676.5,7677.5,7676.25,7676.25,520
2026-09-16T08:43:00-04:00,7676.25,7676.25,7675.0,7675.75,685
2026-09-16T08:44:00-04:00,7675.75,7676.25,7675.0,7675.25,484
2026-09-16T08:45:00-04:00,7675.0,7675.0,7674.0,7674.75,667
2026-09-16T08:46:00-04:00,7674.75,7675.25,7674.5,7675.0,280
2026-09-16T08:47:00-04:00,7674.75,7675.75,7674.25,7675.25,344
2026-09-16T08:48:00-04:00,7675.25,7676.5,7675.25,7676.25,548
2026-09-16T08:49:00-04:00,7676.25,7679.0,7676.0,7679.0,715
2026-09-16T08:50:00-04:00,7679.0,7680.25,7678.75,7680.0,740
2026-09-16T08:51:00-04:00,7680.0,7680.75,7679.25,7679.5,555
2026-09-16T08:52:00-04:00,7679.5,7679.5,7678.0,7678.0,514
2026-09-16T08:53:00-04:00,7677.75,7678.5,7676.0,7677.5,690
2026-09-16T08:54:00-04:00,7677.75,7678.0,7676.0,7676.0,302
2026-09-16T08:55:00-04:00,7676.0,7676.75,7675.5,7676.75,776
2026-09-16T08:56:00-04:00,7676.75,7677.5,7676.0,7677.5,886
2026-09-16T08:57:00-04:00,7677.5,7679.25,7677.0,7678.5,734
2026-09-16T08:58:00-04:00,7678.75,7678.75,7677.5,7678.0,467
2026-09-16T08:59:00-04:00,7677.75,7680.75,7677.75,7679.75,978
2026-09-16T09:00:00-04:00,7679.75,7681.0,7676.75,7676.75,2158
2026-09-16T09:01:00-04:00,7677.0,7677.0,7674.75,7676.0,1069
2026-09-16T09:02:00-04:00,7675.75,7676.5,7675.0,7675.25,645
2026-09-16T09:03:00-04:00,7675.25,7675.5,7674.0,7674.0,597
2026-09-16T09:04:00-04:00,7674.0,7674.0,7673.0,7673.75,669
2026-09-16T09:05:00-04:00,7673.75,7675.0,7673.5,7674.0,633
2026-09-16T09:06:00-04:00,7674.0,7674.25,7673.25,7674.0,504
2026-09-16T09:07:00-04:00,7674.25,7675.5,7674.0,7675.25,724
2026-09-16T09:08:00-04:00,7675.0,7676.25,7675.0,7676.0,1043
2026-09-16T09:09:00-04:00,7675.75,7677.25,7675.75,7677.0,597
2026-09-16T09:10:00-04:00,7677.0,7677.0,7676.25,7676.75,774
2026-09-16T09:11:00-04:00,7677.0,7677.75,7676.75,7677.25,532
2026-09-16T09:12:00-04:00,7677.25,7679.75,7677.25,7679.75,895
2026-09-16T09:13:00-04:00,7679.5,7680.0,7679.0,7680.0,675
2026-09-16T09:14:00-04:00,7680.0,7680.5,7679.75,7680.5,631
2026-09-16T09:15:00-04:00,7680.5,7680.5,7678.75,7679.25,644
2026-09-16T09:16:00-04:00,7679.25,7681.25,7679.0,7680.25,1995
2026-09-16T09:17:00-04:00,7680.5,7680.5,7678.75,7679.25,752
2026-09-16T09:18:00-04:00,7679.25,7680.5,7678.75,7679.0,895
2026-09-16T09:19:00-04:00,7679.0,7679.25,7677.5,7678.0,580
2026-09-16T09:20:00-04:00,7677.75,7679.5,7677.25,7679.25,1905
2026-09-16T09:21:00-04:00,7679.25,7682.25,7678.75,7681.5,1940
2026-09-16T09:22:00-04:00,7681.5,7682.0,7680.5,7680.5,1360
2026-09-16T09:23:00-04:00,7680.75,7680.75,7679.5,7680.0,779
2026-09-16T09:24:00-04:00,7680.0,7681.0,7679.75,7679.75,2006
2026-09-16T09:25:00-04:00,7680.0,7680.75,7678.5,7679.0,1519
2026-09-16T09:26:00-04:00,7679.0,7679.75,7678.5,7679.0,635
2026-09-16T09:27:00-04:00,7679.0,7680.75,7679.0,7680.5,695
2026-09-16T09:28:00-04:00,7680.5,7680.5,7679.25,7679.5,797
2026-09-16T09:29:00-04:00,7679.5,7679.5,7676.25,7676.25,2056
2026-09-16T09:30:00-04:00,7676.5,7679.0,7673.5,7677.0,10690
2026-09-16T09:31:00-04:00,7677.0,7678.75,7674.5,7675.25,6354
2026-09-16T09:32:00-04:00,7675.0,7675.75,7674.0,7674.5,3970
2026-09-16T09:33:00-04:00,7674.5,7677.5,7673.75,7676.0,2475
2026-09-16T09:34:00-04:00,7676.25,7677.25,7673.25,7673.75,3087
2026-09-16T09:35:00-04:00,7674.0,7676.75,7673.5,7675.25,3637
2026-09-16T09:36:00-04:00,7675.0,7675.0,7672.5,7673.75,3455
2026-09-16T09:37:00-04:00,7673.5,7675.0,7672.75,7673.0,2437
2026-09-16T09:38:00-04:00,7673.0,7673.25,7670.25,7671.25,3781
2026-09-16T09:39:00-04:00,7671.25,7671.5,7669.25,7670.25,3570
2026-09-16T09:40:00-04:00,7670.0,7671.75,7669.0,7671.75,3451
2026-09-16T09:41:00-04:00,7671.75,7673.25,7669.5,7670.0,3532
2026-09-16T09:42:00-04:00,7670.25,7671.0,7669.0,7669.75,3246
2026-09-16T09:43:00-04:00,7670.0,7670.75,7669.25,7670.0,2837
2026-09-16T09:44:00-04:00,7670.0,7671.25,7669.25,7669.75,3403
2026-09-16T09:45:00-04:00,7669.5,7678.0,7669.5,7676.0,7463
2026-09-16T09:46:00-04:00,7676.25,7680.75,7675.25,7678.75,5689
2026-09-16T09:47:00-04:00,7678.75,7681.25,7677.5,7681.0,2929
2026-09-16T09:48:00-04:00,7681.0,7681.0,7678.0,7678.5,2879
2026-09-16T09:49:00-04:00,7678.25,7681.5,7677.5,7681.25,3195
2026-09-16T09:50:00-04:00,7681.25,7684.0,7680.75,7682.75,3135
2026-09-16T09:51:00-04:00,7682.5,7684.75,7681.25,7684.75,4119
2026-09-16T09:52:00-04:00,7684.5,7685.25,7683.0,7683.75,3100
2026-09-16T09:53:00-04:00,7683.75,7686.5,7682.5,7686.25,4346
2026-09-16T09:54:00-04:00,7686.25,7686.25,7683.0,7684.5,2273
2026-09-16T09:55:00-04:00,7684.5,7686.25,7683.75,7684.25,4005
2026-09-16T09:56:00-04:00,7684.25,7684.25,7682.75,7683.75,5347
2026-09-16T09:57:00-04:00,7683.5,7685.0,7683.0,7684.25,1965
2026-09-16T09:58:00-04:00,7684.25,7684.25,7681.75,7683.0,2007
2026-09-16T09:59:00-04:00,7683.0,7685.0,7682.0,7684.25,3297
2026-09-16T10:00:00-04:00,7684.5,7686.5,7683.25,7683.75,6041
2026-09-16T10:01:00-04:00,7683.75,7683.75,7682.0,7683.0,3019
2026-09-16T10:02:00-04:00,7682.75,7682.75,7681.25,7681.25,3082
2026-09-16T10:03:00-04:00,7681.25,7681.75,7679.0,7679.75,2953
2026-09-16T10:04:00-04:00,7679.5,7680.0,7678.0,7678.75,2522
2026-09-16T10:05:00-04:00,7678.75,7679.0,7676.75,7677.0,3140
2026-09-16T10:06:00-04:00,7677.25,7678.25,7675.25,7676.25,3361
2026-09-16T10:07:00-04:00,7676.5,7678.25,7675.25,7678.25,3453
2026-09-16T10:08:00-04:00,7678.5,7679.5,7677.75,7679.25,2996
2026-09-16T10:09:00-04:00,7679.25,7680.5,7678.5,7679.0,3138
2026-09-16T10:10:00-04:00,7679.0,7680.0,7678.25,7679.75,1727
2026-09-16T10:11:00-04:00,7679.75,7679.75,7677.0,7678.25,2999
2026-09-16T10:12:00-04:00,7678.5,7678.5,7675.0,7675.25,2817
2026-09-16T10:13:00-04:00,7675.0,7675.5,7673.0,7675.0,3456
2026-09-16T10:14:00-04:00,7675.25,7677.75,7675.0,7677.5,2692
2026-09-16T10:15:00-04:00,7677.75,7679.25,7676.75,7678.5,2667
2026-09-16T10:16:00-04:00,7678.5,7679.25,7677.75,7678.25,2470
2026-09-16T10:17:00-04:00,7678.25,7678.5,7676.0,7677.75,2362
2026-09-16T10:18:00-04:00,7677.75,7678.0,7675.75,7677.0,1981
2026-09-16T10:19:00-04:00,7677.0,7677.25,7674.0,7675.0,2512
2026-09-16T10:20:00-04:00,7674.75,7675.5,7673.75,7674.25,1963
2026-09-16T10:21:00-04:00,7674.25,7675.25,7674.0,7674.5,1731
2026-09-16T10:22:00-04:00,7674.25,7674.5,7671.75,7672.25,3596
2026-09-16T10:23:00-04:00,7672.25,7673.0,7671.25,7673.0,3920
2026-09-16T10:24:00-04:00,7672.75,7673.0,7671.25,7671.75,4026
2026-09-16T10:25:00-04:00,7671.75,7672.25,7671.0,7671.5,3448
2026-09-16T10:26:00-04:00,7671.25,7672.0,7670.75,7671.5,2653
2026-09-16T10:27:00-04:00,7671.25,7671.75,7669.5,7670.5,2277
2026-09-16T10:28:00-04:00,7670.25,7671.75,7670.0,7670.75,2599
2026-09-16T10:29:00-04:00,7670.75,7672.25,7670.75,7671.75,2532
2026-09-16T10:30:00-04:00,7671.75,7673.5,7671.25,7673.0,2950
2026-09-16T10:31:00-04:00,7673.0,7673.0,7670.75,7672.25,2938
2026-09-16T10:32:00-04:00,7672.0,7672.25,7670.0,7670.75,5325
2026-09-16T10:33:00-04:00,7671.0,7674.25,7670.75,7674.0,3199
2026-09-16T10:34:00-04:00,7674.0,7674.25,7672.5,7673.75,3050
2026-09-16T10:35:00-04:00,7673.75,7674.75,7673.25,7673.5,3125
2026-09-16T10:36:00-04:00,7673.5,7674.25,7671.25,7672.0,3722
2026-09-16T10:37:00-04:00,7672.0,7676.0,7671.25,7675.75,4368
2026-09-16T10:38:00-04:00,7675.75,7677.25,7675.0,7677.0,3155
2026-09-16T10:39:00-04:00,7676.75,7677.0,7675.5,7676.0,1652
2026-09-16T10:40:00-04:00,7676.0,7678.5,7675.5,7678.5,2441
2026-09-16T10:41:00-04:00,7678.25,7679.25,7677.75,7678.25,4358
2026-09-16T10:42:00-04:00,7678.0,7679.75,7677.25,7679.0,2234
2026-09-16T10:43:00-04:00,7679.25,7680.75,7678.75,7680.5,1706
2026-09-16T10:44:00-04:00,7680.25,7680.75,7679.25,7680.75,2830
2026-09-16T10:45:00-04:00,7680.5,7681.75,7679.75,7680.75,2911
2026-09-16T10:46:00-04:00,7680.75,7682.0,7680.0,7680.75,2313
2026-09-16T10:47:00-04:00,7680.75,7681.25,7679.5,7680.5,2406
2026-09-16T10:48:00-04:00,7680.75,7681.0,7679.75,7680.0,2304
2026-09-16T10:49:00-04:00,7679.75,7680.0,7678.0,7678.25,2879
2026-09-16T10:50:00-04:00,7678.25,7679.75,7678.25,7678.5,1628
2026-09-16T10:51:00-04:00,7678.5,7680.0,7678.5,7678.75,2034
2026-09-16T10:52:00-04:00,7678.75,7680.0,7678.0,7680.0,1342
2026-09-16T10:53:00-04:00,7680.0,7681.25,7679.75,7680.0,1517
2026-09-16T10:54:00-04:00,7680.25,7680.5,7678.75,7678.75,3501
2026-09-16T10:55:00-04:00,7679.0,7680.25,7679.0,7680.0,2571
2026-09-16T10:56:00-04:00,7679.75,7681.0,7679.75,7680.5,1430
2026-09-16T10:57:00-04:00,7680.75,7681.0,7679.5,7680.5,1997
2026-09-16T10:58:00-04:00,7680.25,7681.75,7679.5,7681.5,2042
2026-09-16T10:59:00-04:00,7681.5,7685.0,7681.25,7684.25,3429
2026-09-16T11:00:00-04:00,7684.25,7687.5,7684.25,7687.5,4390
2026-09-16T11:01:00-04:00,7687.25,7688.5,7686.5,7686.75,4492
2026-09-16T11:02:00-04:00,7686.75,7687.0,7683.75,7683.75,3419
2026-09-16T11:03:00-04:00,7684.0,7687.0,7683.75,7687.0,1796
2026-09-16T11:04:00-04:00,7687.0,7688.25,7686.5,7687.25,1763
2026-09-16T11:05:00-04:00,7687.25,7687.75,7686.0,7686.75,3200
2026-09-16T11:06:00-04:00,7686.75,7687.75,7684.5,7687.75,2735
2026-09-16T11:07:00-04:00,7687.75,7692.5,7686.75,7689.75,7280
2026-09-16T11:08:00-04:00,7689.5,7691.75,7688.5,7691.75,4413
2026-09-16T11:09:00-04:00,7691.5,7692.75,7690.5,7691.25,6118
2026-09-16T11:10:00-04:00,7691.25,7692.0,7689.75,7690.0,4136
2026-09-16T11:11:00-04:00,7690.0,7692.5,7688.25,7688.75,6126
2026-09-16T11:12:00-04:00,7688.5,7689.25,7687.25,7688.25,3193
2026-09-16T11:13:00-04:00,7688.25,7689.5,7687.75,7689.25,2394
2026-09-16T11:14:00-04:00,7689.25,7690.25,7689.0,7689.75,2876
2026-09-16T11:15:00-04:00,7690.0,7690.25,7687.0,7687.75,2663
2026-09-16T11:16:00-04:00,7687.75,7687.75,7686.25,7687.0,2988
2026-09-16T11:17:00-04:00,7686.75,7687.75,7686.0,7687.0,2073
2026-09-16T11:18:00-04:00,7687.0,7687.5,7685.75,7687.0,1295
2026-09-16T11:19:00-04:00,7686.75,7688.75,7686.75,7688.5,2853
2026-09-16T11:20:00-04:00,7688.5,7688.5,7687.5,7688.0,1655
2026-09-16T11:21:00-04:00,7687.75,7688.0,7686.25,7686.75,1469
2026-09-16T11:22:00-04:00,7686.5,7687.5,7686.5,7687.5,1368
2026-09-16T11:23:00-04:00,7687.5,7687.75,7686.75,7687.25,2036
2026-09-16T11:24:00-04:00,7687.0,7688.25,7686.75,7688.0,2131
2026-09-16T11:25:00-04:00,7687.75,7690.5,7686.75,7690.5,2192
2026-09-16T11:26:00-04:00,7690.25,7690.5,7688.5,7688.75,2333
2026-09-16T11:27:00-04:00,7688.75,7689.0,7687.5,7687.75,1953
2026-09-16T11:28:00-04:00,7688.0,7688.25,7685.5,7685.5,2564
2026-09-16T11:29:00-04:00,7685.75,7686.25,7685.25,7685.75,2206
2026-09-16T11:30:00-04:00,7686.0,7687.0,7684.0,7684.25,3107
2026-09-16T11:31:00-04:00,7684.0,7684.75,7683.25,7684.25,2291
2026-09-16T11:32:00-04:00,7684.0,7684.0,7682.5,7682.75,1614
2026-09-16T11:33:00-04:00,7682.75,7683.0,7682.0,7682.75,1345
2026-09-16T11:34:00-04:00,7682.75,7684.25,7682.25,7683.75,2433
2026-09-16T11:35:00-04:00,7683.75,7684.75,7683.5,7684.75,2491
2026-09-16T11:36:00-04:00,7684.75,7685.75,7684.0,7684.75,3994
2026-09-16T11:37:00-04:00,7684.75,7685.25,7683.75,7684.5,1099
2026-09-16T11:38:00-04:00,7684.25,7686.5,7684.25,7686.5,1405
2026-09-16T11:39:00-04:00,7686.5,7688.0,7686.0,7686.25,1620
2026-09-16T11:40:00-04:00,7686.25,7688.0,7686.25,7687.5,1499
2026-09-16T11:41:00-04:00,7687.25,7687.25,7685.75,7686.0,1360
2026-09-16T11:42:00-04:00,7686.25,7687.5,7685.5,7687.25,1467
2026-09-16T11:43:00-04:00,7687.25,7687.5,7686.25,7687.0,1193
2026-09-16T11:44:00-04:00,7687.0,7688.25,7686.75,7688.0,1050
2026-09-16T11:45:00-04:00,7687.75,7688.5,7687.0,7687.75,1274
2026-09-16T11:46:00-04:00,7687.75,7688.5,7687.5,7688.0,1296
2026-09-16T11:47:00-04:00,7687.75,7699.0,7687.75,7694.25,20820
2026-09-16T11:48:00-04:00,7694.0,7694.25,7691.5,7694.25,3793
2026-09-16T11:49:00-04:00,7694.0,7694.0,7691.25,7692.5,2900
2026-09-16T11:50:00-04:00,7692.75,7693.0,7690.25,7691.0,3783
2026-09-16T11:51:00-04:00,7691.25,7691.5,7689.5,7690.25,2511
2026-09-16T11:52:00-04:00,7690.25,7691.25,7688.75,7691.0,2542
2026-09-16T11:53:00-04:00,7690.75,7692.5,7690.5,7691.0,1906
2026-09-16T11:54:00-04:00,7691.25,7691.75,7689.75,7689.75,1426
2026-09-16T11:55:00-04:00,7690.0,7690.75,7688.5,7690.25,1726
2026-09-16T11:56:00-04:00,7690.25,7690.5,7688.75,7690.25,1691
2026-09-16T11:57:00-04:00,7690.25,7690.75,7688.5,7689.75,2686
2026-09-16T11:58:00-04:00,7689.75,7690.75,7689.25,7690.5,1847
2026-09-16T11:59:00-04:00,7690.5,7690.5,7688.25,7689.0,1448
2026-09-16T12:00:00-04:00,7689.0,7689.75,7687.5,7689.25,2452
2026-09-16T12:01:00-04:00,7689.25,7689.25,7687.0,7687.0,2397
2026-09-16T12:02:00-04:00,7687.25,7687.75,7686.25,7687.0,1476
2026-09-16T12:03:00-04:00,7686.75,7687.0,7685.25,7685.75,1462
2026-09-16T12:04:00-04:00,7685.75,7686.0,7685.25,7685.5,1522
2026-09-16T12:05:00-04:00,7685.25,7686.25,7685.25,7685.75,1757
2026-09-16T12:06:00-04:00,7685.75,7686.5,7685.25,7686.0,927
2026-09-16T12:07:00-04:00,7686.0,7686.25,7685.0,7685.5,1846
2026-09-16T12:08:00-04:00,7685.25,7686.5,7685.0,7686.0,2016
2026-09-16T12:09:00-04:00,7685.75,7687.25,7685.75,7686.75,1124
2026-09-16T12:10:00-04:00,7686.75,7687.25,7686.0,7686.0,2004
2026-09-16T12:11:00-04:00,7686.0,7686.0,7685.0,7685.0,866
2026-09-16T12:12:00-04:00,7685.0,7685.5,7683.75,7684.0,1741
2026-09-16T12:13:00-04:00,7684.0,7685.75,7684.0,7685.75,1611
2026-09-16T12:14:00-04:00,7686.0,7686.0,7685.0,7685.75,1211
2026-09-16T12:15:00-04:00,7685.75,7686.75,7685.5,7686.75,1009
2026-09-16T12:16:00-04:00,7686.5,7686.75,7685.25,7685.25,1011
2026-09-16T12:17:00-04:00,7685.25,7686.25,7684.75,7686.25,1244
2026-09-16T12:18:00-04:00,7686.25,7686.75,7685.75,7686.25,923
2026-09-16T12:19:00-04:00,7686.0,7686.0,7685.25,7685.5,1175
2026-09-16T12:20:00-04:00,7685.25,7685.25,7683.5,7684.25,2021
2026-09-16T12:21:00-04:00,7684.25,7684.25,7682.0,7682.75,1809
2026-09-16T12:22:00-04:00,7682.5,7682.5,7681.5,7682.5,1558
2026-09-16T12:23:00-04:00,7682.25,7682.75,7681.75,7682.5,1381
2026-09-16T12:24:00-04:00,7682.5,7683.0,7681.5,7681.75,1058
2026-09-16T12:25:00-04:00,7681.75,7682.5,7681.25,7682.25,1269
2026-09-16T12:26:00-04:00,7682.0,7683.0,7682.0,7683.0,837
2026-09-16T12:27:00-04:00,7682.75,7682.75,7681.25,7681.25,865
2026-09-16T12:28:00-04:00,7681.0,7681.75,7680.25,7681.75,2505
2026-09-16T12:29:00-04:00,7681.75,7683.5,7681.75,7683.25,1334
2026-09-16T12:30:00-04:00,7683.25,7684.0,7682.75,7683.5,870
2026-09-16T12:31:00-04:00,7683.25,7683.5,7681.0,7681.25,877
2026-09-16T12:32:00-04:00,7681.0,7681.25,7679.0,7679.25,1624
2026-09-16T12:33:00-04:00,7679.25,7680.0,7678.25,7678.5,1855
2026-09-16T12:34:00-04:00,7678.5,7679.25,7678.5,7678.75,1003
2026-09-16T12:35:00-04:00,7678.75,7680.25,7678.5,7679.75,1089
2026-09-16T12:36:00-04:00,7679.75,7680.5,7679.5,7679.75,637
2026-09-16T12:37:00-04:00,7679.5,7680.5,7679.25,7680.0,1024
2026-09-16T12:38:00-04:00,7680.0,7680.75,7680.0,7680.75,932
2026-09-16T12:39:00-04:00,7680.75,7681.25,7680.25,7680.75,873
2026-09-16T12:40:00-04:00,7680.75,7681.25,7680.25,7681.25,768
2026-09-16T12:41:00-04:00,7681.0,7681.0,7679.75,7680.25,792
2026-09-16T12:42:00-04:00,7680.5,7680.75,7679.75,7680.5,650
2026-09-16T12:43:00-04:00,7680.5,7681.25,7680.25,7681.25,426
2026-09-16T12:44:00-04:00,7681.25,7682.0,7680.75,7680.75,848
2026-09-16T12:45:00-04:00,7680.75,7682.75,7680.75,7682.25,1103
2026-09-16T12:46:00-04:00,7682.25,7683.0,7681.75,7683.0,570
2026-09-16T12:47:00-04:00,7682.75,7683.25,7682.25,7683.25,2206
2026-09-16T12:48:00-04:00,7683.0,7683.5,7682.75,7683.0,910
2026-09-16T12:49:00-04:00,7683.0,7683.25,7682.5,7682.5,858
2026-09-16T12:50:00-04:00,7682.5,7683.0,7680.5,7680.75,3161
2026-09-16T12:51:00-04:00,7680.5,7681.0,7679.75,7679.75,1259
2026-09-16T12:52:00-04:00,7679.75,7680.25,7678.75,7680.0,1772
2026-09-16T12:53:00-04:00,7679.75,7680.25,7679.0,7679.75,1361
2026-09-16T12:54:00-04:00,7679.75,7680.75,7679.5,7680.75,1102
2026-09-16T12:55:00-04:00,7680.75,7681.75,7680.5,7681.25,1495
2026-09-16T12:56:00-04:00,7681.5,7681.75,7680.5,7680.75,1324
2026-09-16T12:57:00-04:00,7680.75,7681.0,7680.0,7681.0,521
2026-09-16T12:58:00-04:00,7681.0,7681.0,7680.5,7681.0,480
2026-09-16T12:59:00-04:00,7681.0,7681.0,7679.25,7679.25,915
2026-09-16T13:00:00-04:00,7679.5,7679.75,7676.75,7677.0,2585
2026-09-16T13:01:00-04:00,7676.75,7677.0,7675.5,7675.75,1599
2026-09-16T13:02:00-04:00,7675.75,7676.5,7675.25,7675.75,1231
2026-09-16T13:03:00-04:00,7675.75,7676.0,7674.0,7674.5,1845
2026-09-16T13:04:00-04:00,7674.5,7675.75,7674.25,7675.5,1554
2026-09-16T13:05:00-04:00,7675.5,7676.5,7675.5,7675.75,1201
2026-09-16T13:06:00-04:00,7675.5,7676.5,7675.5,7675.75,1183
2026-09-16T13:07:00-04:00,7675.75,7676.5,7675.75,7676.0,1265
2026-09-16T13:08:00-04:00,7676.0,7677.0,7676.0,7676.75,942
2026-09-16T13:09:00-04:00,7677.0,7677.75,7676.5,7677.5,1070
2026-09-16T13:10:00-04:00,7677.5,7678.0,7676.5,7676.75,1287
2026-09-16T13:11:00-04:00,7676.75,7677.25,7676.0,7676.25,1003
2026-09-16T13:12:00-04:00,7676.25,7676.75,7675.75,7676.5,1010
2026-09-16T13:13:00-04:00,7676.5,7677.75,7676.5,7677.5,1163
2026-09-16T13:14:00-04:00,7677.5,7679.75,7677.25,7678.75,1306
2026-09-16T13:15:00-04:00,7678.75,7679.25,7678.25,7678.5,1236
2026-09-16T13:16:00-04:00,7678.5,7679.75,7678.25,7679.5,1074
2026-09-16T13:17:00-04:00,7679.75,7680.0,7679.0,7679.0,1102
2026-09-16T13:18:00-04:00,7678.75,7680.0,7678.75,7679.25,1573
2026-09-16T13:19:00-04:00,7679.25,7679.5,7678.75,7679.25,1209
2026-09-16T13:20:00-04:00,7679.25,7680.25,7678.75,7680.0,818
2026-09-16T13:21:00-04:00,7680.0,7680.75,7679.75,7680.0,1137
2026-09-16T13:22:00-04:00,7680.0,7680.25,7678.25,7678.5,1210
2026-09-16T13:23:00-04:00,7678.5,7678.5,7677.0,7677.0,1289
2026-09-16T13:24:00-04:00,7677.0,7678.0,7676.75,7677.75,889
2026-09-16T13:25:00-04:00,7677.75,7680.0,7677.75,7679.75,1864
2026-09-16T13:26:00-04:00,7679.5,7680.0,7678.75,7679.75,1431
2026-09-16T13:27:00-04:00,7679.75,7680.5,7679.5,7680.25,659
2026-09-16T13:28:00-04:00,7680.25,7680.5,7679.75,7679.75,1247
2026-09-16T13:29:00-04:00,7679.75,7681.0,7679.75,7680.75,584
2026-09-16T13:30:00-04:00,7681.0,7682.25,7680.0,7680.5,2485
2026-09-16T13:31:00-04:00,7680.25,7680.25,7678.0,7678.5,1534
2026-09-16T13:32:00-04:00,7678.5,7679.25,7678.0,7679.0,1191
2026-09-16T13:33:00-04:00,7679.0,7679.5,7678.5,7679.0,1097
2026-09-16T13:34:00-04:00,7679.0,7679.75,7678.75,7679.5,832
2026-09-16T13:35:00-04:00,7679.5,7680.0,7678.75,7680.0,884
2026-09-16T13:36:00-04:00,7679.75,7680.5,7679.5,7680.0,830
2026-09-16T13:37:00-04:00,7679.75,7680.25,7679.5,7679.5,611
2026-09-16T13:38:00-04:00,7679.75,7680.0,7679.0,7679.0,760
2026-09-16T13:39:00-04:00,7679.0,7679.25,7677.75,7677.75,1095
2026-09-16T13:40:00-04:00,7677.75,7678.0,7676.25,7676.25,1128
2026-09-16T13:41:00-04:00,7676.5,7677.0,7676.0,7676.75,1025
2026-09-16T13:42:00-04:00,7677.0,7677.0,7676.0,7676.5,862
2026-09-16T13:43:00-04:00,7676.75,7677.0,7674.75,7674.75,1104
2026-09-16T13:44:00-04:00,7674.75,7675.25,7674.5,7674.75,3305
2026-09-16T13:45:00-04:00,7674.75,7676.75,7674.75,7676.75,1032
2026-09-16T13:46:00-04:00,7676.75,7678.5,7676.5,7678.5,1618
2026-09-16T13:47:00-04:00,7678.25,7678.75,7678.25,7678.5,1250
2026-09-16T13:48:00-04:00,7678.5,7678.75,7676.75,7677.0,1121
2026-09-16T13:49:00-04:00,7677.0,7677.5,7676.75,7677.0,1241
2026-09-16T13:50:00-04:00,7677.25,7677.25,7676.25,7677.25,829
2026-09-16T13:51:00-04:00,7677.5,7678.5,7677.25,7678.25,1159
2026-09-16T13:52:00-04:00,7678.25,7679.5,7677.75,7679.5,1246
2026-09-16T13:53:00-04:00,7679.5,7680.0,7678.75,7680.0,1190
2026-09-16T13:54:00-04:00,7679.75,7680.0,7679.0,7679.25,934
2026-09-16T13:55:00-04:00,7679.25,7679.5,7678.25,7678.25,1410
2026-09-16T13:56:00-04:00,7678.25,7680.0,7677.75,7680.0,1090
2026-09-16T13:57:00-04:00,7679.75,7681.0,7679.5,7680.75,1015
2026-09-16T13:58:00-04:00,7680.5,7684.0,7680.25,7683.5,1480
2026-09-16T13:59:00-04:00,7683.75,7684.75,7682.0,7683.5,1514
2026-09-16T14:00:00-04:00,7684.5,7691.0,7676.5,7678.25,8343
2026-09-16T14:01:00-04:00,7678.0,7679.25,7669.0,7671.25,8128
2026-09-16T14:02:00-04:00,7671.5,7679.25,7668.75,7679.0,5429
2026-09-16T14:03:00-04:00,7678.75,7682.0,7677.25,7678.0,4372
2026-09-16T14:04:00-04:00,7677.75,7686.25,7676.25,7683.75,4582
2026-09-16T14:05:00-04:00,7684.0,7687.5,7682.75,7686.25,5126
2026-09-16T14:06:00-04:00,7686.5,7689.0,7683.5,7684.25,5552
2026-09-16T14:07:00-04:00,7684.25,7690.5,7683.5,7689.75,5197
2026-09-16T14:08:00-04:00,7689.75,7694.25,7689.5,7690.5,6645
2026-09-16T14:09:00-04:00,7690.75,7691.0,7687.75,7688.5,4464
2026-09-16T14:10:00-04:00,7688.25,7690.25,7683.25,7685.5,3529
2026-09-16T14:11:00-04:00,7685.25,7686.25,7682.75,7683.75,3164
2026-09-16T14:12:00-04:00,7683.5,7684.0,7680.5,7682.25,3753
2026-09-16T14:13:00-04:00,7682.25,7685.5,7679.5,7684.5,3728
2026-09-16T14:14:00-04:00,7684.75,7686.75,7679.75,7681.25,3168
2026-09-16T14:15:00-04:00,7681.25,7683.0,7680.25,7680.5,3152
2026-09-16T14:16:00-04:00,7680.5,7682.5,7679.75,7681.25,3270
2026-09-16T14:17:00-04:00,7681.5,7682.5,7679.0,7680.5,2725
2026-09-16T14:18:00-04:00,7680.5,7683.0,7678.0,7678.75,3130
2026-09-16T14:19:00-04:00,7678.75,7685.0,7678.0,7681.0,5591
2026-09-16T14:20:00-04:00,7681.0,7681.25,7677.5,7679.5,3334
2026-09-16T14:21:00-04:00,7679.5,7683.25,7679.25,7681.25,2783
2026-09-16T14:22:00-04:00,7681.25,7684.5,7681.0,7682.0,2814
2026-09-16T14:23:00-04:00,7681.75,7683.25,7679.5,7682.75,2486
2026-09-16T14:24:00-04:00,7682.75,7683.25,7679.75,7680.25,2140
2026-09-16T14:25:00-04:00,7680.25,7681.5,7677.0,7677.5,2517
2026-09-16T14:26:00-04:00,7677.5,7679.0,7675.25,7676.5,3778
2026-09-16T14:27:00-04:00,7676.5,7677.0,7670.25,7671.25,4828
2026-09-16T14:28:00-04:00,7671.5,7673.5,7669.25,7673.25,4916
2026-09-16T14:29:00-04:00,7673.25,7679.5,7673.25,7678.0,4703
2026-09-16T14:30:00-04:00,7678.25,7680.75,7673.75,7674.25,5835
2026-09-16T14:31:00-04:00,7674.0,7674.0,7667.75,7669.25,5575
2026-09-16T14:32:00-04:00,7669.0,7670.25,7659.75,7662.0,9871
2026-09-16T14:33:00-04:00,7661.75,7665.5,7658.0,7659.25,10534
2026-09-16T14:34:00-04:00,7659.5,7662.75,7656.25,7657.5,7310
2026-09-16T14:35:00-04:00,7657.5,7658.0,7648.25,7650.5,12592
2026-09-16T14:36:00-04:00,7650.75,7652.5,7641.25,7642.25,10163
2026-09-16T14:37:00-04:00,7642.25,7647.25,7641.0,7644.25,8628
2026-09-16T14:38:00-04:00,7644.25,7657.75,7644.25,7655.25,9067
2026-09-16T14:39:00-04:00,7655.25,7661.25,7654.75,7660.0,8774
2026-09-16T14:40:00-04:00,7659.75,7665.75,7658.75,7665.25,6252
2026-09-16T14:41:00-04:00,7665.5,7671.25,7662.5,7671.0,6900
2026-09-16T14:42:00-04:00,7670.75,7680.75,7670.75,7680.75,9409
2026-09-16T14:43:00-04:00,7680.75,7683.25,7679.0,7680.25,7841
2026-09-16T14:44:00-04:00,7680.25,7681.25,7671.25,7671.25,7732
2026-09-16T14:45:00-04:00,7671.25,7677.25,7669.0,7672.0,7816
2026-09-16T14:46:00-04:00,7672.25,7673.25,7667.0,7667.0,5943
2026-09-16T14:47:00-04:00,7666.75,7668.25,7661.25,7662.0,5592
2026-09-16T14:48:00-04:00,7662.0,7663.0,7658.0,7658.75,4746
2026-09-16T14:49:00-04:00,7658.5,7659.5,7655.25,7656.5,3903
2026-09-16T14:50:00-04:00,7656.25,7659.25,7651.5,7652.25,5796
2026-09-16T14:51:00-04:00,7652.0,7653.25,7648.0,7653.0,6662
2026-09-16T14:52:00-04:00,7653.0,7653.0,7639.75,7643.5,9785
2026-09-16T14:53:00-04:00,7643.5,7646.5,7635.5,7635.75,9656
2026-09-16T14:54:00-04:00,7636.0,7637.0,7631.0,7631.75,9974
2026-09-16T14:55:00-04:00,7632.0,7638.0,7630.25,7632.75,11136
2026-09-16T14:56:00-04:00,7633.0,7633.0,7625.5,7626.25,9763
2026-09-16T14:57:00-04:00,7626.0,7626.25,7618.5,7622.75,9864
2026-09-16T14:58:00-04:00,7622.75,7626.25,7621.0,7623.75,8662
2026-09-16T14:59:00-04:00,7623.75,7627.5,7617.5,7618.75,12473
2026-09-16T15:00:00-04:00,7618.75,7630.0,7617.0,7629.0,11564
2026-09-16T15:01:00-04:00,7629.0,7631.5,7623.25,7623.75,9428
2026-09-16T15:02:00-04:00,7623.75,7626.25,7620.75,7624.5,7228
2026-09-16T15:03:00-04:00,7624.25,7631.5,7622.75,7630.5,6497
2026-09-16T15:04:00-04:00,7630.75,7633.75,7626.0,7627.5,7645
2026-09-16T15:05:00-04:00,7627.25,7627.75,7619.25,7624.25,9481
2026-09-16T15:06:00-04:00,7624.25,7627.5,7623.0,7623.25,5642
2026-09-16T15:07:00-04:00,7623.25,7623.25,7617.25,7620.0,7074
2026-09-16T15:08:00-04:00,7620.0,7621.5,7611.5,7613.75,10280
2026-09-16T15:09:00-04:00,7613.75,7614.5,7609.75,7611.75,5939
2026-09-16T15:10:00-04:00,7611.75,7613.5,7602.5,7602.75,8183
2026-09-16T15:11:00-04:00,7603.0,7604.5,7598.0,7598.5,9907
2026-09-16T15:12:00-04:00,7598.75,7601.25,7595.25,7596.75,9475
2026-09-16T15:13:00-04:00,7596.75,7599.25,7591.75,7593.25,7144
2026-09-16T15:14:00-04:00,7593.25,7600.0,7591.0,7592.5,8961
2026-09-16T15:15:00-04:00,7592.5,7600.75,7591.5,7594.75,7824
2026-09-16T15:16:00-04:00,7594.75,7594.75,7590.0,7594.5,5474
2026-09-16T15:17:00-04:00,7594.5,7596.0,7590.75,7591.5,8031
2026-09-16T15:18:00-04:00,7591.5,7593.5,7588.5,7588.5,6389
2026-09-16T15:19:00-04:00,7588.75,7589.75,7584.0,7588.75,6829
2026-09-16T15:20:00-04:00,7589.0,7593.0,7585.25,7585.75,7779
2026-09-16T15:21:00-04:00,7585.5,7587.0,7582.75,7585.5,7304
2026-09-16T15:22:00-04:00,7585.5,7587.5,7581.25,7581.75,7734
2026-09-16T15:23:00-04:00,7581.75,7585.25,7581.25,7581.75,6151
2026-09-16T15:24:00-04:00,7581.75,7586.5,7580.25,7586.25,6639
2026-09-16T15:25:00-04:00,7586.5,7588.25,7577.25,7577.25,6959
2026-09-16T15:26:00-04:00,7577.0,7579.0,7575.75,7577.25,6540
2026-09-16T15:27:00-04:00,7577.25,7584.0,7575.0,7582.5,5484
2026-09-16T15:28:00-04:00,7582.5,7585.25,7579.75,7581.25,5909
2026-09-16T15:29:00-04:00,7581.25,7592.75,7581.25,7591.75,8849
2026-09-16T15:30:00-04:00,7591.75,7596.75,7590.5,7596.25,8262
2026-09-16T15:31:00-04:00,7596.0,7598.0,7595.0,7595.75,8279
2026-09-16T15:32:00-04:00,7595.75,7601.5,7595.25,7600.25,7427
2026-09-16T15:33:00-04:00,7600.25,7602.5,7596.25,7600.25,6648
2026-09-16T15:34:00-04:00,7600.0,7606.0,7599.75,7605.25,6483
2026-09-16T15:35:00-04:00,7605.5,7606.25,7600.75,7603.0,5567
2026-09-16T15:36:00-04:00,7603.0,7603.25,7594.5,7595.5,5655
2026-09-16T15:37:00-04:00,7595.5,7601.75,7594.0,7601.25,4954
2026-09-16T15:38:00-04:00,7601.5,7603.25,7598.5,7599.5,4874
2026-09-16T15:39:00-04:00,7599.5,7605.5,7599.5,7604.0,4207
2026-09-16T15:40:00-04:00,7604.0,7604.25,7601.25,7602.0,5003
2026-09-16T15:41:00-04:00,7602.25,7608.0,7599.5,7599.75,6207
2026-09-16T15:42:00-04:00,7599.5,7602.0,7597.25,7599.75,4467
2026-09-16T15:43:00-04:00,7599.75,7603.75,7599.5,7602.5,3850
2026-09-16T15:44:00-04:00,7602.5,7604.25,7599.75,7600.75,3591
2026-09-16T15:45:00-04:00,7600.75,7609.0,7600.5,7609.0,5206
2026-09-16T15:46:00-04:00,7609.0,7611.25,7607.5,7608.75,5256
2026-09-16T15:47:00-04:00,7608.75,7613.25,7608.0,7613.0,3151
2026-09-16T15:48:00-04:00,7612.75,7615.0,7611.25,7615.0,3933
2026-09-16T15:49:00-04:00,7615.0,7616.75,7614.0,7615.0,4479
2026-09-16T15:50:00-04:00,7615.0,7619.75,7614.0,7619.5,6855
2026-09-16T15:51:00-04:00,7619.25,7621.25,7616.25,7616.25,5294
2026-09-16T15:52:00-04:00,7616.25,7619.75,7615.0,7619.5,6714
2026-09-16T15:53:00-04:00,7619.5,7620.75,7617.0,7618.0,4000
2026-09-16T15:54:00-04:00,7618.0,7623.25,7616.25,7621.75,6365
2026-09-16T15:55:00-04:00,7621.75,7623.25,7618.5,7622.25,6775
2026-09-16T15:56:00-04:00,7622.25,7624.25,7620.5,7624.25,4722
2026-09-16T15:57:00-04:00,7624.0,7625.0,7620.25,7621.0,7956
2026-09-16T15:58:00-04:00,7621.25,7621.75,7619.25,7621.5,10161
2026-09-16T15:59:00-04:00,7621.75,7624.75,7619.75,7622.25,49593
2026-09-16T16:00:00-04:00,7622.25,7624.5,7620.0,7623.0,14989
2026-09-16T16:01:00-04:00,7622.75,7624.0,7621.75,7622.25,3530
2026-09-16T16:02:00-04:00,7622.25,7624.0,7622.0,7623.75,2415
2026-09-16T16:03:00-04:00,7623.75,7626.0,7623.5,7625.5,3736
2026-09-16T16:04:00-04:00,7625.5,7625.5,7622.0,7623.75,2065
2026-09-16T16:05:00-04:00,7623.5,7624.25,7622.25,7622.5,1761
2026-09-16T16:06:00-04:00,7622.75,7624.0,7622.5,7622.75,1329
2026-09-16T16:07:00-04:00,7622.75,7623.0,7620.75,7621.0,1812
2026-09-16T16:08:00-04:00,7621.25,7622.5,7620.75,7620.75,1053
2026-09-16T16:09:00-04:00,7621.0,7622.25,7620.5,7622.0,1342
2026-09-16T16:10:00-04:00,7621.75,7622.75,7621.5,7622.0,1042
2026-09-16T16:11:00-04:00,7622.0,7622.25,7621.0,7621.25,645
2026-09-16T16:12:00-04:00,7621.25,7621.75,7620.75,7621.75,789
2026-09-16T16:13:00-04:00,7621.75,7622.0,7621.0,7621.25,643
2026-09-16T16:14:00-04:00,7621.5,7622.5,7621.25,7621.75,740
2026-09-16T16:15:00-04:00,7621.75,7622.5,7621.0,7622.5,550
2026-09-16T16:16:00-04:00,7622.5,7623.0,7620.0,7621.25,2026
2026-09-16T16:17:00-04:00,7621.25,7622.75,7621.25,7622.75,296
2026-09-16T16:18:00-04:00,7623.0,7623.0,7621.25,7621.75,316
2026-09-16T16:19:00-04:00,7621.75,7621.75,7621.0,7621.25,251
2026-09-16T16:20:00-04:00,7621.25,7621.5,7620.5,7621.0,474
2026-09-16T16:21:00-04:00,7620.75,7621.5,7620.75,7621.25,244
2026-09-16T16:22:00-04:00,7621.25,7621.5,7621.0,7621.25,129
2026-09-16T16:23:00-04:00,7621.5,7621.5,7620.25,7620.25,339
2026-09-16T16:24:00-04:00,7620.5,7621.0,7620.0,7620.0,528
2026-09-16T16:25:00-04:00,7620.0,7620.0,7618.75,7619.25,865
2026-09-16T16:26:00-04:00,7619.0,7619.25,7617.5,7618.0,1045
2026-09-16T16:27:00-04:00,7618.0,7618.5,7617.25,7617.75,604
2026-09-16T16:28:00-04:00,7618.0,7619.25,7618.0,7619.0,320
2026-09-16T16:29:00-04:00,7619.0,7620.5,7619.0,7620.25,465
2026-09-16T16:30:00-04:00,7620.25,7621.0,7619.0,7620.75,336
2026-09-16T16:31:00-04:00,7620.75,7621.75,7620.25,7621.5,431
2026-09-16T16:32:00-04:00,7621.25,7621.5,7620.25,7620.5,150
2026-09-16T16:33:00-04:00,7620.5,7621.0,7619.75,7621.0,175
2026-09-16T16:34:00-04:00,7621.0,7622.75,7621.0,7622.5,480
2026-09-16T16:35:00-04:00,7622.25,7622.5,7621.25,7621.25,278
2026-09-16T16:36:00-04:00,7621.5,7621.75,7620.5,7620.5,170
2026-09-16T16:37:00-04:00,7620.5,7621.75,7620.5,7621.75,213
2026-09-16T16:38:00-04:00,7621.75,7621.75,7620.75,7621.25,377
2026-09-16T16:39:00-04:00,7621.0,7622.5,7620.75,7622.5,470
2026-09-16T16:40:00-04:00,7622.5,7622.5,7622.0,7622.25,181
2026-09-16T16:41:00-04:00,7622.25,7623.0,7622.0,7622.0,160
2026-09-16T16:42:00-04:00,7622.25,7622.25,7620.75,7621.0,349
2026-09-16T16:43:00-04:00,7620.75,7621.25,7619.75,7620.25,883
2026-09-16T16:44:00-04:00,7620.5,7621.75,7620.25,7621.25,438
2026-09-16T16:45:00-04:00,7621.25,7621.5,7620.75,7620.75,156
2026-09-16T16:46:00-04:00,7620.75,7622.0,7620.75,7621.75,618
2026-09-16T16:47:00-04:00,7622.0,7622.0,7621.75,7621.75,188
2026-09-16T16:48:00-04:00,7622.0,7622.0,7621.5,7621.75,112
2026-09-16T16:49:00-04:00,7622.0,7622.5,7621.75,7622.25,394
2026-09-16T16:50:00-04:00,7622.25,7623.0,7622.0,7623.0,364
2026-09-16T16:51:00-04:00,7623.0,7623.0,7621.75,7622.0,244
2026-09-16T16:52:00-04:00,7621.75,7622.0,7620.75,7621.0,212
2026-09-16T16:53:00-04:00,7621.0,7621.5,7620.5,7621.5,181
2026-09-16T16:54:00-04:00,7621.5,7621.75,7621.25,7621.5,121
2026-09-16T16:55:00-04:00,7621.5,7622.0,7621.0,7621.25,189
2026-09-16T16:56:00-04:00,7621.25,7621.5,7618.5,7620.25,680
2026-09-16T16:57:00-04:00,7620.25,7621.25,7620.0,7621.25,446
2026-09-16T16:58:00-04:00,7621.0,7622.0,7620.75,7621.75,357
2026-09-16T16:59:00-04:00,7621.75,7622.75,7621.5,7622.0,571
2026-09-16T18:00:00-04:00,7624.0,7625.0,7621.75,7622.25,0
2026-09-16T18:01:00-04:00,7622.25,7623.0,7620.0,7620.5,317
2026-09-16T18:02:00-04:00,7620.25,7620.5,7618.5,7619.25,393
2026-09-16T18:03:00-04:00,7619.25,7619.25,7618.25,7619.0,62
2026-09-16T18:04:00-04:00,7619.0,7619.25,7617.5,7618.0,159
2026-09-16T18:05:00-04:00,7618.25,7624.75,7618.25,7624.75,388
2026-09-16T18:06:00-04:00,7624.5,7625.5,7623.25,7624.75,313
2026-09-16T18:07:00-04:00,7624.75,7624.75,7623.75,7624.75,156
2026-09-16T18:08:00-04:00,7624.75,7625.75,7624.0,7625.25,149
2026-09-16T18:09:00-04:00,7625.5,7625.5,7624.5,7625.25,145
2026-09-16T18:10:00-04:00,7625.25,7625.5,7624.75,7624.75,92
2026-09-16T18:11:00-04:00,7624.75,7625.25,7624.75,7624.75,74
2026-09-16T18:12:00-04:00,7624.75,7626.25,7624.75,7626.25,255
2026-09-16T18:13:00-04:00,7626.0,7628.25,7625.5,7626.5,434
2026-09-16T18:14:00-04:00,7626.5,7626.75,7626.0,7626.25,72
2026-09-16T18:15:00-04:00,7626.25,7626.75,7625.75,7626.0,108
2026-09-16T18:16:00-04:00,7626.0,7626.25,7625.75,7626.25,67
2026-09-16T18:17:00-04:00,7626.25,7627.0,7625.5,7627.0,215
2026-09-16T18:18:00-04:00,7627.25,7627.5,7627.0,7627.5,93
2026-09-16T18:19:00-04:00,7627.25,7627.75,7627.25,7627.5,191
2026-09-16T18:20:00-04:00,7627.75,7629.5,7627.75,7629.25,338
2026-09-16T18:21:00-04:00,7629.0,7629.5,7628.5,7629.25,211
2026-09-16T18:22:00-04:00,7629.0,7629.5,7628.75,7628.75,98
2026-09-16T18:23:00-04:00,7628.5,7628.5,7627.25,7628.25,203
2026-09-16T18:24:00-04:00,7628.5,7629.75,7628.5,7629.25,174
2026-09-16T18:25:00-04:00,7629.5,7631.75,7629.0,7631.5,295
2026-09-16T18:26:00-04:00,7631.5,7632.5,7631.25,7632.0,240
2026-09-16T18:27:00-04:00,7631.75,7632.0,7631.5,7631.75,126
2026-09-16T18:28:00-04:00,7631.75,7632.0,7631.0,7632.0,119
2026-09-16T18:29:00-04:00,7631.75,7632.5,7631.5,7632.25,105
2026-09-16T18:30:00-04:00,7632.25,7633.75,7632.0,7633.75,266
2026-09-16T18:31:00-04:00,7633.5,7633.75,7632.75,7633.0,123
2026-09-16T18:32:00-04:00,7633.0,7633.25,7632.25,7633.25,150
2026-09-16T18:33:00-04:00,7633.25,7634.75,7633.25,7634.0,361
2026-09-16T18:34:00-04:00,7634.0,7634.75,7633.75,7634.25,117
2026-09-16T18:35:00-04:00,7634.5,7635.0,7634.25,7634.75,110
2026-09-16T18:36:00-04:00,7634.5,7635.75,7634.0,7635.75,178
2026-09-16T18:37:00-04:00,7635.5,7636.25,7635.0,7635.75,170
2026-09-16T18:38:00-04:00,7636.0,7636.75,7636.0,7636.5,127
2026-09-16T18:39:00-04:00,7636.5,7637.5,7636.5,7637.0,215
2026-09-16T18:40:00-04:00,7637.0,7638.5,7637.0,7637.5,355
2026-09-16T18:41:00-04:00,7637.5,7639.5,7637.5,7639.0,175
2026-09-16T18:42:00-04:00,7639.25,7639.75,7638.0,7638.25,477
2026-09-16T18:43:00-04:00,7638.25,7639.25,7638.0,7639.25,122
2026-09-16T18:44:00-04:00,7639.25,7639.25,7638.25,7638.75,152
2026-09-16T18:45:00-04:00,7638.5,7639.0,7638.0,7638.5,155
2026-09-16T18:46:00-04:00,7638.75,7639.25,7638.75,7638.75,297
2026-09-16T18:47:00-04:00,7639.0,7639.25,7638.75,7638.75,167
2026-09-16T18:48:00-04:00,7639.0,7639.0,7637.75,7638.0,243
2026-09-16T18:49:00-04:00,7638.0,7638.0,7635.75,7636.0,344
2026-09-16T18:50:00-04:00,7636.0,7636.5,7635.75,7636.25,170
2026-09-16T18:51:00-04:00,7636.25,7636.25,7635.5,7635.75,167
2026-09-16T18:52:00-04:00,7635.75,7636.25,7635.5,7635.5,106
2026-09-16T18:53:00-04:00,7635.5,7635.5,7635.0,7635.25,96
2026-09-16T18:54:00-04:00,7635.0,7635.5,7635.0,7635.25,158
2026-09-16T18:55:00-04:00,7635.25,7635.25,7634.75,7635.0,193
2026-09-16T18:56:00-04:00,7635.25,7635.25,7634.75,7635.0,78
2026-09-16T18:57:00-04:00,7635.0,7635.5,7635.0,7635.25,123
2026-09-16T18:58:00-04:00,7635.25,7636.5,7635.0,7636.25,285
2026-09-16T18:59:00-04:00,7636.25,7636.75,7636.25,7636.75,164
2026-09-16T19:00:00-04:00,7636.5,7637.5,7636.0,7636.25,195
2026-09-16T19:01:00-04:00,7636.5,7638.25,7636.5,7638.25,198
2026-09-16T19:02:00-04:00,7638.0,7638.0,7635.75,7636.0,137
2026-09-16T19:03:00-04:00,7636.25,7636.5,7636.25,7636.25,53
2026-09-16T19:04:00-04:00,7636.5,7637.25,7636.5,7637.0,40
2026-09-16T19:05:00-04:00,7637.0,7637.5,7637.0,7637.25,129
2026-09-16T19:06:00-04:00,7637.0,7637.25,7636.75,7637.25,76
2026-09-16T19:07:00-04:00,7637.25,7637.25,7636.5,7636.75,75
2026-09-16T19:08:00-04:00,7637.0,7638.0,7637.0,7638.0,119
2026-09-16T19:09:00-04:00,7638.25,7640.0,7638.25,7639.5,360
2026-09-16T19:10:00-04:00,7639.5,7640.0,7639.25,7640.0,87
2026-09-16T19:11:00-04:00,7639.75,7640.0,7639.5,7639.5,100
2026-09-16T19:12:00-04:00,7639.25,7639.25,7638.75,7638.75,61
2026-09-16T19:13:00-04:00,7638.75,7639.0,7638.75,7639.0,57
2026-09-16T19:14:00-04:00,7638.75,7638.75,7638.0,7638.5,84
2026-09-16T19:15:00-04:00,7638.75,7639.25,7638.75,7639.0,71
2026-09-16T19:16:00-04:00,7639.25,7639.5,7639.25,7639.25,32
2026-09-16T19:17:00-04:00,7639.5,7642.75,7639.5,7642.5,515
2026-09-16T19:18:00-04:00,7642.25,7643.25,7641.5,7641.75,305
2026-09-16T19:19:00-04:00,7641.75,7641.75,7641.0,7641.25,94
2026-09-16T19:20:00-04:00,7641.5,7643.25,7641.5,7643.0,172
2026-09-16T19:21:00-04:00,7643.0,7644.0,7642.75,7643.75,188
2026-09-16T19:22:00-04:00,7644.0,7644.5,7643.5,7644.25,164
2026-09-16T19:23:00-04:00,7644.25,7644.75,7644.25,7644.5,142
2026-09-16T19:24:00-04:00,7644.25,7644.25,7643.75,7644.25,69
2026-09-16T19:25:00-04:00,7644.25,7644.75,7643.75,7644.25,82
2026-09-16T19:26:00-04:00,7644.0,7644.75,7643.0,7644.75,350
2026-09-16T19:27:00-04:00,7644.5,7646.25,7644.5,7646.0,433
2026-09-16T19:28:00-04:00,7646.25,7647.75,7646.0,7647.0,386
2026-09-16T19:29:00-04:00,7646.75,7647.0,7645.0,7645.0,127
2026-09-16T19:30:00-04:00,7645.25,7647.0,7645.25,7646.75,254
2026-09-16T19:31:00-04:00,7646.75,7647.5,7646.5,7647.25,118
2026-09-16T19:32:00-04:00,7647.0,7647.5,7646.5,7647.5,103
2026-09-16T19:33:00-04:00,7647.75,7648.0,7647.5,7647.5,112
2026-09-16T19:34:00-04:00,7647.75,7648.25,7647.5,7647.75,130
2026-09-16T19:35:00-04:00,7647.75,7647.75,7647.25,7647.5,77
2026-09-16T19:36:00-04:00,7647.25,7647.25,7646.75,7646.75,40
2026-09-16T19:37:00-04:00,7646.75,7646.75,7646.0,7646.25,87
2026-09-16T19:38:00-04:00,7646.25,7646.75,7645.0,7645.75,343
2026-09-16T19:39:00-04:00,7645.75,7646.75,7645.5,7646.5,92
2026-09-16T19:40:00-04:00,7646.5,7654.0,7645.5,7650.75,2877
2026-09-16T19:41:00-04:00,7650.75,7650.75,7647.5,7648.25,288
2026-09-16T19:42:00-04:00,7648.5,7649.0,7648.25,7648.25,196
2026-09-16T19:43:00-04:00,7648.75,7651.25,7648.75,7650.0,352
2026-09-16T19:44:00-04:00,7650.0,7652.75,7650.0,7652.0,300
2026-09-16T19:45:00-04:00,7652.25,7653.5,7651.5,7652.0,449
2026-09-16T19:46:00-04:00,7652.25,7655.25,7652.25,7654.5,934
2026-09-16T19:47:00-04:00,7654.5,7656.25,7653.5,7655.5,670
2026-09-16T19:48:00-04:00,7655.25,7656.25,7654.75,7656.25,303
2026-09-16T19:49:00-04:00,7656.25,7656.25,7654.5,7655.25,500
2026-09-16T19:50:00-04:00,7655.0,7655.25,7653.75,7654.25,305
2026-09-16T19:51:00-04:00,7654.5,7655.25,7654.5,7655.0,225
2026-09-16T19:52:00-04:00,7655.0,7657.0,7655.0,7655.75,240
2026-09-16T19:53:00-04:00,7655.5,7656.0,7655.5,7655.75,77
2026-09-16T19:54:00-04:00,7655.75,7656.75,7655.25,7655.75,150
2026-09-16T19:55:00-04:00,7655.5,7656.0,7655.0,7655.25,113
2026-09-16T19:56:00-04:00,7655.25,7656.25,7654.75,7656.25,289
2026-09-16T19:57:00-04:00,7656.25,7656.5,7655.75,7656.25,233
2026-09-16T19:58:00-04:00,7656.25,7656.75,7655.75,7656.5,298
2026-09-16T19:59:00-04:00,7656.25,7657.5,7655.75,7657.25,264
2026-09-16T20:00:00-04:00,7657.5,7659.5,7656.0,7659.25,1330
2026-09-16T20:01:00-04:00,7659.0,7659.0,7656.75,7657.25,513
2026-09-16T20:02:00-04:00,7657.25,7657.75,7656.5,7657.75,241
2026-09-16T20:03:00-04:00,7657.75,7659.0,7657.0,7659.0,259
2026-09-16T20:04:00-04:00,7658.75,7660.0,7658.0,7659.0,291
2026-09-16T20:05:00-04:00,7658.75,7659.25,7657.5,7658.75,334
2026-09-16T20:06:00-04:00,7658.75,7660.5,7658.75,7660.25,374
2026-09-16T20:07:00-04:00,7660.25,7662.25,7660.0,7661.5,382
2026-09-16T20:08:00-04:00,7661.25,7662.25,7660.25,7662.0,270
2026-09-16T20:09:00-04:00,7661.75,7662.0,7660.75,7661.25,155
2026-09-16T20:10:00-04:00,7661.5,7661.5,7659.5,7660.0,304
2026-09-16T20:11:00-04:00,7660.25,7662.0,7660.0,7661.75,204
2026-09-16T20:12:00-04:00,7661.5,7662.0,7659.25,7660.0,329
2026-09-16T20:13:00-04:00,7659.75,7660.0,7656.5,7657.0,633
2026-09-16T20:14:00-04:00,7657.0,7657.5,7656.0,7656.0,383
2026-09-16T20:15:00-04:00,7656.0,7657.5,7654.0,7656.5,1211
2026-09-16T20:16:00-04:00,7656.5,7657.25,7655.0,7655.5,554
2026-09-16T20:17:00-04:00,7655.5,7658.25,7655.25,7657.75,466
2026-09-16T20:18:00-04:00,7658.0,7659.75,7657.75,7658.0,286
2026-09-16T20:19:00-04:00,7658.5,7660.25,7658.0,7659.5,587
2026-09-16T20:20:00-04:00,7659.25,7660.0,7658.25,7658.5,530
2026-09-16T20:21:00-04:00,7658.75,7659.0,7657.5,7658.5,162
2026-09-16T20:22:00-04:00,7658.25,7658.25,7656.0,7656.0,243
2026-09-16T20:23:00-04:00,7656.0,7657.0,7655.75,7656.5,262
2026-09-16T20:24:00-04:00,7656.5,7657.5,7656.25,7657.5,158
2026-09-16T20:25:00-04:00,7657.0,7657.25,7656.0,7657.0,217
2026-09-16T20:26:00-04:00,7657.25,7658.5,7657.25,7657.5,183
2026-09-16T20:27:00-04:00,7657.5,7658.75,7657.5,7658.0,151
2026-09-16T20:28:00-04:00,7658.0,7658.25,7657.0,7657.0,98
2026-09-16T20:29:00-04:00,7657.25,7658.0,7656.75,7656.75,88
2026-09-16T20:30:00-04:00,7656.75,7657.75,7656.75,7657.25,203
2026-09-16T20:31:00-04:00,7657.25,7660.75,7657.0,7660.5,508
2026-09-16T20:32:00-04:00,7660.5,7662.75,7660.0,7661.5,468
2026-09-16T20:33:00-04:00,7661.5,7663.5,7661.0,7663.0,721
2026-09-16T20:34:00-04:00,7663.25,7663.5,7661.75,7662.25,553
2026-09-16T20:35:00-04:00,7662.25,7664.0,7662.0,7663.75,446
2026-09-16T20:36:00-04:00,7663.75,7664.0,7662.5,7662.75,291
2026-09-16T20:37:00-04:00,7662.75,7663.0,7661.75,7663.0,230
2026-09-16T20:38:00-04:00,7663.25,7664.25,7663.25,7663.75,226
2026-09-16T20:39:00-04:00,7663.75,7664.75,7663.5,7664.5,450
2026-09-16T20:40:00-04:00,7664.25,7665.25,7664.0,7664.75,408
2026-09-16T20:41:00-04:00,7664.75,7665.75,7664.5,7665.5,376
2026-09-16T20:42:00-04:00,7665.5,7665.75,7665.0,7665.5,436
2026-09-16T20:43:00-04:00,7665.5,7667.75,7665.25,7667.5,520
2026-09-16T20:44:00-04:00,7667.5,7667.5,7664.25,7665.5,600
2026-09-16T20:45:00-04:00,7665.5,7665.5,7664.25,7664.5,384
2026-09-16T20:46:00-04:00,7664.5,7664.5,7662.0,7663.25,437
2026-09-16T20:47:00-04:00,7663.25,7664.75,7663.25,7664.5,291
2026-09-16T20:48:00-04:00,7664.5,7665.5,7663.75,7664.25,288
2026-09-16T20:49:00-04:00,7664.0,7664.5,7663.0,7663.75,240
2026-09-16T20:50:00-04:00,7663.75,7664.0,7663.0,7663.5,264
2026-09-16T20:51:00-04:00,7663.5,7663.5,7662.25,7662.25,137
2026-09-16T20:52:00-04:00,7662.25,7662.75,7661.25,7661.5,403
2026-09-16T20:53:00-04:00,7661.25,7661.25,7660.0,7660.75,536
2026-09-16T20:54:00-04:00,7660.75,7660.75,7659.75,7660.75,149
2026-09-16T20:55:00-04:00,7660.75,7662.75,7660.5,7662.25,339
2026-09-16T20:56:00-04:00,7662.25,7664.5,7662.0,7664.25,313
2026-09-16T20:57:00-04:00,7664.25,7665.0,7663.75,7664.75,309
2026-09-16T20:58:00-04:00,7664.5,7666.0,7664.5,7665.0,224
2026-09-16T20:59:00-04:00,7665.0,7665.75,7664.0,7664.0,344
2026-09-16T21:00:00-04:00,7664.0,7665.0,7662.5,7663.0,418
2026-09-16T21:01:00-04:00,7663.0,7663.25,7662.0,7663.0,275
2026-09-16T21:02:00-04:00,7663.0,7663.25,7662.25,7663.0,211
2026-09-16T21:03:00-04:00,7663.0,7663.5,7662.5,7663.5,158
2026-09-16T21:04:00-04:00,7663.5,7665.0,7663.25,7664.5,183
2026-09-16T21:05:00-04:00,7664.25,7666.0,7664.0,7666.0,213
2026-09-16T21:06:00-04:00,7666.0,7667.25,7665.25,7667.25,233
2026-09-16T21:07:00-04:00,7667.5,7668.0,7667.0,7667.5,174
2026-09-16T21:08:00-04:00,7667.5,7667.5,7666.0,7666.0,180
2026-09-16T21:09:00-04:00,7666.25,7666.5,7664.0,7664.25,225
2026-09-16T21:10:00-04:00,7664.25,7664.25,7662.0,7662.5,373
2026-09-16T21:11:00-04:00,7662.5,7662.75,7661.75,7661.75,207
2026-09-16T21:12:00-04:00,7661.75,7662.25,7661.5,7661.75,148
2026-09-16T21:13:00-04:00,7661.75,7662.25,7660.75,7661.75,282
2026-09-16T21:14:00-04:00,7661.75,7663.75,7661.75,7663.75,231
2026-09-16T21:15:00-04:00,7663.5,7664.0,7662.75,7663.75,242
2026-09-16T21:16:00-04:00,7663.75,7664.0,7663.0,7663.25,162
2026-09-16T21:17:00-04:00,7663.25,7663.5,7662.75,7662.75,161
2026-09-16T21:18:00-04:00,7662.75,7662.75,7662.25,7662.25,179
2026-09-16T21:19:00-04:00,7662.5,7663.5,7662.0,7663.25,258
2026-09-16T21:20:00-04:00,7663.0,7664.25,7662.75,7663.5,249
2026-09-16T21:21:00-04:00,7663.5,7664.5,7663.25,7663.75,200
2026-09-16T21:22:00-04:00,7663.75,7664.0,7663.25,7664.0,192
2026-09-16T21:23:00-04:00,7663.75,7664.5,7663.25,7663.25,69
2026-09-16T21:24:00-04:00,7663.25,7663.5,7663.0,7663.25,149
2026-09-16T21:25:00-04:00,7663.5,7664.25,7662.75,7663.75,185
2026-09-16T21:26:00-04:00,7663.5,7663.75,7662.5,7662.75,160
2026-09-16T21:27:00-04:00,7662.75,7663.25,7662.5,7663.25,81
2026-09-16T21:28:00-04:00,7663.5,7663.75,7662.75,7663.25,195
2026-09-16T21:29:00-04:00,7663.25,7663.5,7662.75,7663.25,191
2026-09-16T21:30:00-04:00,7663.25,7664.0,7663.25,7663.75,117
2026-09-16T21:31:00-04:00,7663.75,7665.0,7663.5,7664.75,205
2026-09-16T21:32:00-04:00,7665.0,7666.75,7665.0,7665.5,388
2026-09-16T21:33:00-04:00,7665.5,7665.5,7665.0,7665.0,144
2026-09-16T21:34:00-04:00,7665.0,7665.0,7664.0,7664.25,151
2026-09-16T21:35:00-04:00,7664.5,7665.0,7664.25,7664.75,164
2026-09-16T21:36:00-04:00,7664.75,7666.25,7664.5,7666.0,116
2026-09-16T21:37:00-04:00,7666.0,7666.0,7663.75,7663.75,154
2026-09-16T21:38:00-04:00,7663.75,7664.25,7663.5,7663.5,133
2026-09-16T21:39:00-04:00,7663.5,7664.0,7662.0,7662.25,235
2026-09-16T21:40:00-04:00,7662.0,7662.25,7661.25,7661.5,258
2026-09-16T21:41:00-04:00,7661.75,7661.75,7659.5,7659.75,409
2026-09-16T21:42:00-04:00,7660.0,7662.25,7660.0,7661.75,447
2026-09-16T21:43:00-04:00,7661.5,7663.75,7660.75,7663.0,731
2026-09-16T21:44:00-04:00,7663.25,7663.5,7662.75,7663.5,136
2026-09-16T21:45:00-04:00,7663.25,7664.0,7663.0,7663.5,137
2026-09-16T21:46:00-04:00,7663.5,7663.75,7663.25,7663.75,106
2026-09-16T21:47:00-04:00,7663.75,7664.0,7663.25,7663.5,127
2026-09-16T21:48:00-04:00,7663.25,7663.5,7663.0,7663.5,158
2026-09-16T21:49:00-04:00,7663.5,7664.25,7663.25,7663.5,98
2026-09-16T21:50:00-04:00,7663.25,7663.25,7662.25,7663.0,360
2026-09-16T21:51:00-04:00,7663.25,7663.75,7662.75,7662.75,301
2026-09-16T21:52:00-04:00,7663.0,7663.0,7661.0,7661.5,372
2026-09-16T21:53:00-04:00,7661.5,7662.0,7660.5,7661.75,368
2026-09-16T21:54:00-04:00,7662.0,7663.0,7661.5,7662.5,168
2026-09-16T21:55:00-04:00,7662.5,7663.0,7660.5,7660.5,145
2026-09-16T21:56:00-04:00,7660.5,7660.75,7658.5,7658.5,472
2026-09-16T21:57:00-04:00,7658.25,7661.5,7658.25,7661.0,337
2026-09-16T21:58:00-04:00,7660.75,7661.0,7659.5,7660.25,149
2026-09-16T21:59:00-04:00,7660.25,7660.5,7659.75,7660.0,194
2026-09-16T22:00:00-04:00,7660.0,7661.0,7660.0,7661.0,258
2026-09-16T22:01:00-04:00,7660.75,7662.0,7660.5,7661.25,168
2026-09-16T22:02:00-04:00,7661.25,7661.25,7659.75,7660.5,140
2026-09-16T22:03:00-04:00,7660.25,7663.0,7660.25,7662.75,246
2026-09-16T22:04:00-04:00,7663.0,7664.0,7662.75,7664.0,191
2026-09-16T22:05:00-04:00,7664.0,7664.75,7662.25,7662.5,272
2026-09-16T22:06:00-04:00,7662.5,7662.5,7660.75,7661.5,377
2026-09-16T22:07:00-04:00,7661.5,7662.5,7661.25,7662.25,187
2026-09-16T22:08:00-04:00,7662.25,7663.0,7661.75,7661.75,324
2026-09-16T22:09:00-04:00,7661.5,7662.0,7661.0,7661.5,127
2026-09-16T22:10:00-04:00,7661.5,7662.75,7661.5,7662.5,101
2026-09-16T22:11:00-04:00,7662.5,7662.5,7661.25,7662.0,161
2026-09-16T22:12:00-04:00,7662.25,7662.5,7661.0,7661.0,127
2026-09-16T22:13:00-04:00,7661.0,7662.0,7661.0,7661.75,197
2026-09-16T22:14:00-04:00,7662.0,7662.5,7661.25,7662.0,166
2026-09-16T22:15:00-04:00,7661.5,7662.25,7661.5,7662.25,87
2026-09-16T22:16:00-04:00,7662.0,7663.5,7662.0,7663.0,126
2026-09-16T22:17:00-04:00,7663.0,7663.0,7662.0,7662.75,86
2026-09-16T22:18:00-04:00,7662.75,7663.0,7661.75,7663.0,255
2026-09-16T22:19:00-04:00,7663.0,7663.75,7663.0,7663.25,174
2026-09-16T22:20:00-04:00,7663.25,7664.0,7662.5,7663.25,216
2026-09-16T22:21:00-04:00,7663.25,7664.0,7663.0,7663.0,50
2026-09-16T22:22:00-04:00,7663.25,7663.25,7662.25,7662.75,128
2026-09-16T22:23:00-04:00,7663.0,7664.25,7663.0,7663.75,83
2026-09-16T22:24:00-04:00,7664.0,7664.0,7662.5,7663.5,150
2026-09-16T22:25:00-04:00,7663.25,7664.0,7663.25,7663.75,110
2026-09-16T22:26:00-04:00,7664.0,7665.25,7664.0,7665.25,265
2026-09-16T22:27:00-04:00,7665.0,7665.25,7664.0,7664.0,192
2026-09-16T22:28:00-04:00,7663.75,7664.0,7663.25,7663.25,91
2026-09-16T22:29:00-04:00,7663.25,7664.25,7662.75,7663.75,394
2026-09-16T22:30:00-04:00,7664.0,7665.5,7663.75,7665.25,328
2026-09-16T22:31:00-04:00,7665.25,7666.25,7665.0,7666.25,244
2026-09-16T22:32:00-04:00,7666.0,7667.25,7665.75,7666.5,244
2026-09-16T22:33:00-04:00,7666.5,7666.75,7666.0,7666.75,285
2026-09-16T22:34:00-04:00,7666.5,7666.75,7665.75,7666.0,169
2026-09-16T22:35:00-04:00,7666.25,7667.25,7665.75,7667.0,290
2026-09-16T22:36:00-04:00,7667.0,7667.5,7667.0,7667.25,107
2026-09-16T22:37:00-04:00,7667.0,7667.25,7666.75,7667.25,87
2026-09-16T22:38:00-04:00,7667.0,7668.25,7667.0,7668.0,214
2026-09-16T22:39:00-04:00,7668.0,7668.75,7667.75,7668.0,166
2026-09-16T22:40:00-04:00,7667.75,7668.0,7667.75,7668.0,74
2026-09-16T22:41:00-04:00,7668.0,7668.5,7667.5,7668.5,131
2026-09-16T22:42:00-04:00,7668.75,7669.75,7668.75,7669.5,197
2026-09-16T22:43:00-04:00,7669.25,7669.75,7669.0,7669.0,133
2026-09-16T22:44:00-04:00,7669.0,7669.25,7668.5,7668.75,143
2026-09-16T22:45:00-04:00,7668.5,7668.75,7667.25,7667.75,148
2026-09-16T22:46:00-04:00,7667.75,7668.0,7666.75,7667.5,123
2026-09-16T22:47:00-04:00,7667.5,7668.25,7667.5,7668.0,60
2026-09-16T22:48:00-04:00,7668.0,7668.25,7667.75,7667.75,58
2026-09-16T22:49:00-04:00,7667.5,7667.75,7666.75,7667.75,162
2026-09-16T22:50:00-04:00,7667.5,7668.25,7667.5,7668.25,95
2026-09-16T22:51:00-04:00,7668.25,7668.25,7668.0,7668.25,64
2026-09-16T22:52:00-04:00,7668.25,7668.5,7667.25,7667.75,82
2026-09-16T22:53:00-04:00,7667.75,7667.75,7666.5,7666.5,128
2026-09-16T22:54:00-04:00,7666.25,7666.5,7665.0,7665.5,261
2026-09-16T22:55:00-04:00,7665.25,7665.75,7664.75,7665.5,138
2026-09-16T22:56:00-04:00,7665.5,7666.25,7665.5,7666.0,183
2026-09-16T22:57:00-04:00,7666.0,7666.5,7665.75,7666.5,60
2026-09-16T22:58:00-04:00,7666.5,7666.5,7665.0,7665.0,146
2026-09-16T22:59:00-04:00,7665.0,7665.5,7665.0,7665.25,106
2026-09-16T23:00:00-04:00,7665.25,7666.0,7664.75,7665.25,187
2026-09-16T23:01:00-04:00,7665.5,7665.5,7665.0,7665.25,122
2026-09-16T23:02:00-04:00,7665.0,7665.5,7664.75,7665.0,152
2026-09-16T23:03:00-04:00,7665.0,7665.5,7665.0,7665.25,74
2026-09-16T23:04:00-04:00,7665.5,7666.5,7665.5,7666.25,114
2026-09-16T23:05:00-04:00,7666.25,7666.75,7666.25,7666.5,68
2026-09-16T23:06:00-04:00,7666.75,7666.75,7666.0,7666.0,81
2026-09-16T23:07:00-04:00,7666.25,7666.5,7666.25,7666.25,73
2026-09-16T23:08:00-04:00,7666.25,7667.5,7666.25,7667.25,148
2026-09-16T23:09:00-04:00,7667.25,7667.25,7666.25,7666.25,72
2026-09-16T23:10:00-04:00,7666.5,7667.0,7665.5,7665.5,111
2026-09-16T23:11:00-04:00,7665.5,7666.0,7664.75,7665.75,103
2026-09-16T23:12:00-04:00,7666.0,7667.0,7666.0,7667.0,133
2026-09-16T23:13:00-04:00,7667.0,7667.0,7666.5,7666.75,37
2026-09-16T23:14:00-04:00,7667.0,7667.5,7666.75,7667.25,69
2026-09-16T23:15:00-04:00,7667.5,7667.75,7667.0,7667.0,89
2026-09-16T23:16:00-04:00,7667.25,7667.5,7666.75,7667.0,93
2026-09-16T23:17:00-04:00,7667.0,7667.25,7666.75,7666.75,70
2026-09-16T23:18:00-04:00,7666.5,7666.5,7665.75,7665.75,181
2026-09-16T23:19:00-04:00,7666.0,7666.5,7666.0,7666.25,79
2026-09-16T23:20:00-04:00,7666.0,7666.25,7664.75,7665.5,166
2026-09-16T23:21:00-04:00,7665.5,7666.5,7665.5,7666.25,95
2026-09-16T23:22:00-04:00,7666.5,7667.0,7666.0,7666.5,94
2026-09-16T23:23:00-04:00,7666.25,7667.0,7666.25,7667.0,54
2026-09-16T23:24:00-04:00,7667.0,7668.0,7667.0,7668.0,132
2026-09-16T23:25:00-04:00,7668.0,7668.0,7667.75,7667.75,47
2026-09-16T23:26:00-04:00,7667.5,7667.75,7667.5,7667.5,50
2026-09-16T23:27:00-04:00,7667.5,7668.25,7667.5,7668.0,74
2026-09-16T23:28:00-04:00,7668.0,7668.0,7667.75,7668.0,19
2026-09-16T23:29:00-04:00,7667.75,7668.0,7667.5,7668.0,86
2026-09-16T23:30:00-04:00,7667.75,7667.75,7667.0,7667.75,194
2026-09-16T23:31:00-04:00,7667.75,7667.75,7667.25,7667.25,71
2026-09-16T23:32:00-04:00,7667.25,7667.25,7666.75,7667.0,50
2026-09-16T23:33:00-04:00,7666.75,7667.5,7666.75,7667.25,73
2026-09-16T23:34:00-04:00,7667.0,7668.5,7667.0,7667.75,82
2026-09-16T23:35:00-04:00,7668.0,7668.0,7667.5,7667.5,31
2026-09-16T23:36:00-04:00,7667.75,7668.0,7667.0,7667.5,98
2026-09-16T23:37:00-04:00,7667.5,7667.75,7667.25,7667.75,51
2026-09-16T23:38:00-04:00,7667.75,7668.25,7667.75,7668.25,72
2026-09-16T23:39:00-04:00,7668.5,7668.75,7668.0,7668.75,61
2026-09-16T23:40:00-04:00,7668.75,7669.25,7668.5,7668.75,143
2026-09-16T23:41:00-04:00,7669.0,7669.75,7669.0,7669.75,177
2026-09-16T23:42:00-04:00,7669.75,7670.25,7669.5,7669.5,171
2026-09-16T23:43:00-04:00,7669.5,7669.5,7669.5,7669.5,69
2026-09-16T23:44:00-04:00,7669.75,7669.75,7669.25,7669.5,44
2026-09-16T23:45:00-04:00,7669.5,7669.75,7668.5,7668.5,279
2026-09-16T23:46:00-04:00,7668.75,7668.75,7667.5,7667.5,276
2026-09-16T23:47:00-04:00,7667.5,7668.0,7666.75,7667.5,136
2026-09-16T23:48:00-04:00,7667.75,7669.0,7667.75,7668.75,294
2026-09-16T23:49:00-04:00,7669.0,7669.5,7668.75,7669.25,100
2026-09-16T23:50:00-04:00,7669.25,7669.25,7668.25,7668.25,108
2026-09-16T23:51:00-04:00,7668.5,7668.75,7667.75,7668.0,146
2026-09-16T23:52:00-04:00,7668.0,7668.0,7667.75,7668.0,66
2026-09-16T23:53:00-04:00,7668.0,7668.25,7667.75,7668.0,130
2026-09-16T23:54:00-04:00,7668.0,7668.25,7667.75,7668.0,131
2026-09-16T23:55:00-04:00,7668.25,7669.0,7668.0,7668.25,230
2026-09-16T23:56:00-04:00,7668.25,7669.75,7668.25,7669.75,80
2026-09-16T23:57:00-04:00,7669.5,7670.0,7669.5,7670.0,126
2026-09-16T23:58:00-04:00,7669.75,7669.75,7669.5,7669.75,95
2026-09-17T00:09:00-04:00,7669.25,7669.25,7668.75,7668.75,48
2026-09-17T00:10:00-04:00,7668.75,7669.0,7668.5,7668.75,39
2026-09-17T00:11:00-04:00,7668.75,7668.75,7668.25,7668.5,125
2026-09-17T00:12:00-04:00,7668.5,7668.5,7667.5,7667.5,221
2026-09-17T00:13:00-04:00,7667.5,7668.0,7667.25,7668.0,103
2026-09-17T00:14:00-04:00,7667.75,7668.25,7667.5,7668.25,41
2026-09-17T00:15:00-04:00,7668.25,7668.25,7667.5,7667.75,140
2026-09-17T00:16:00-04:00,7667.75,7668.25,7667.5,7667.75,53
2026-09-17T00:17:00-04:00,7667.5,7667.75,7667.5,7667.5,47
2026-09-17T00:18:00-04:00,7667.75,7667.75,7667.5,7667.5,55
2026-09-17T00:19:00-04:00,7667.5,7667.75,7666.75,7666.75,159
2026-09-17T00:20:00-04:00,7666.75,7667.0,7666.5,7666.75,179
2026-09-17T00:21:00-04:00,7667.0,7667.0,7666.25,7667.0,98
2026-09-17T00:22:00-04:00,7666.75,7666.75,7666.25,7666.5,62
2026-09-17T00:23:00-04:00,7666.5,7666.5,7666.25,7666.5,55
2026-09-17T00:24:00-04:00,7666.5,7666.5,7666.5,7666.5,31
2026-09-17T00:25:00-04:00,7666.5,7666.75,7666.0,7666.25,91
2026-09-17T00:26:00-04:00,7666.25,7666.25,7665.75,7666.0,91
2026-09-17T00:27:00-04:00,7666.0,7667.25,7665.75,7667.25,102
2026-09-17T00:28:00-04:00,7667.25,7668.0,7667.25,7667.75,65
2026-09-17T00:29:00-04:00,7667.5,7667.5,7667.0,7667.25,48
2026-09-17T00:30:00-04:00,7667.25,7667.5,7666.0,7666.25,155
2026-09-17T00:31:00-04:00,7666.25,7667.5,7666.25,7667.25,116
2026-09-17T00:32:00-04:00,7667.5,7667.75,7666.5,7667.0,176
2026-09-17T00:33:00-04:00,7667.0,7667.0,7666.25,7666.5,62
2026-09-17T00:34:00-04:00,7666.5,7667.25,7666.5,7666.75,69
2026-09-17T00:35:00-04:00,7667.0,7667.5,7667.0,7667.5,60
2026-09-17T00:36:00-04:00,7667.25,7667.5,7666.75,7667.25,104
2026-09-17T00:37:00-04:00,7667.25,7668.25,7667.25,7667.75,89
2026-09-17T00:38:00-04:00,7668.0,7668.75,7668.0,7668.75,122
2026-09-17T00:39:00-04:00,7668.75,7669.25,7668.75,7669.0,77
2026-09-17T00:40:00-04:00,7669.0,7669.5,7669.0,7669.25,78
2026-09-17T00:41:00-04:00,7669.25,7669.5,7669.0,7669.5,53
2026-09-17T00:42:00-04:00,7669.25,7669.5,7668.5,7668.5,63
2026-09-17T00:43:00-04:00,7668.75,7670.25,7668.75,7669.5,324
2026-09-17T00:44:00-04:00,7669.25,7669.5,7668.75,7668.75,136
2026-09-17T00:45:00-04:00,7669.0,7669.75,7669.0,7669.25,92
2026-09-17T00:46:00-04:00,7669.25,7669.75,7669.25,7669.75,54
2026-09-17T00:47:00-04:00,7669.75,7670.0,7669.25,7669.25,101
2026-09-17T00:48:00-04:00,7669.5,7670.25,7669.5,7670.25,102
2026-09-17T00:49:00-04:00,7670.25,7670.25,7668.75,7668.75,84
2026-09-17T00:50:00-04:00,7668.75,7668.75,7668.0,7668.0,105
2026-09-17T00:51:00-04:00,7668.0,7668.25,7668.0,7668.25,75
2026-09-17T00:52:00-04:00,7668.0,7668.75,7667.75,7668.75,91
2026-09-17T00:53:00-04:00,7668.5,7668.5,7667.5,7667.75,89
2026-09-17T00:54:00-04:00,7667.5,7667.75,7666.5,7667.0,114
2026-09-17T00:55:00-04:00,7667.0,7667.5,7666.75,7667.5,54
2026-09-17T00:56:00-04:00,7667.5,7667.75,7667.25,7667.5,52
2026-09-17T00:57:00-04:00,7667.75,7668.0,7667.25,7667.25,50
2026-09-17T00:58:00-04:00,7667.25,7667.5,7667.25,7667.5,48
2026-09-17T00:59:00-04:00,7667.5,7667.5,7667.25,7667.25,35
2026-09-17T01:00:00-04:00,7667.25,7667.75,7667.0,7667.0,130
2026-09-17T01:01:00-04:00,7667.25,7667.25,7666.5,7667.0,95
2026-09-17T01:02:00-04:00,7666.75,7666.75,7666.5,7666.75,73
2026-09-17T01:03:00-04:00,7667.0,7667.25,7666.75,7666.75,62
2026-09-17T01:04:00-04:00,7666.75,7667.5,7666.75,7667.0,98
2026-09-17T01:05:00-04:00,7667.0,7667.0,7666.0,7666.5,172
2026-09-17T01:06:00-04:00,7666.5,7667.0,7666.5,7666.75,89
2026-09-17T01:07:00-04:00,7666.75,7666.75,7666.5,7666.5,50
2026-09-17T01:08:00-04:00,7666.5,7667.0,7666.25,7667.0,99
2026-09-17T01:09:00-04:00,7666.75,7666.75,7666.0,7666.0,59
2026-09-17T01:10:00-04:00,7666.0,7666.25,7665.25,7665.25,113
2026-09-17T01:11:00-04:00,7665.25,7665.5,7664.75,7664.75,128
2026-09-17T01:12:00-04:00,7665.0,7665.0,7664.5,7664.75,52
2026-09-17T01:13:00-04:00,7664.75,7665.75,7664.5,7664.5,108
2026-09-17T01:14:00-04:00,7664.5,7664.75,7664.0,7664.5,122
2026-09-17T01:15:00-04:00,7664.5,7664.75,7664.0,7664.5,157
2026-09-17T01:16:00-04:00,7664.25,7664.25,7664.0,7664.25,122
2026-09-17T01:17:00-04:00,7664.25,7664.5,7663.75,7664.5,127
2026-09-17T01:18:00-04:00,7664.25,7664.25,7663.5,7663.75,110
2026-09-17T01:19:00-04:00,7663.75,7664.25,7663.5,7663.75,256
2026-09-17T01:20:00-04:00,7663.75,7663.75,7663.0,7663.0,67
2026-09-17T01:21:00-04:00,7663.25,7663.5,7662.5,7663.25,184
2026-09-17T01:22:00-04:00,7663.0,7663.5,7663.0,7663.25,134
2026-09-17T01:23:00-04:00,7663.25,7663.5,7663.0,7663.0,194
2026-09-17T01:24:00-04:00,7662.75,7663.5,7662.5,7663.5,84
2026-09-17T01:25:00-04:00,7663.25,7665.25,7663.25,7665.25,191
2026-09-17T01:26:00-04:00,7665.0,7665.0,7664.25,7664.25,63
2026-09-17T01:27:00-04:00,7664.25,7664.75,7663.75,7664.0,87
2026-09-17T01:28:00-04:00,7664.0,7664.25,7664.0,7664.0,77
2026-09-17T01:29:00-04:00,7664.0,7664.0,7663.5,7663.5,76
2026-09-17T01:30:00-04:00,7663.5,7664.0,7662.25,7662.25,204
2026-09-17T01:31:00-04:00,7662.25,7662.25,7661.25,7662.25,413
2026-09-17T01:32:00-04:00,7662.25,7663.0,7661.75,7662.0,300
2026-09-17T01:33:00-04:00,7662.0,7662.5,7661.75,7662.25,125
2026-09-17T01:34:00-04:00,7662.5,7663.0,7662.5,7662.75,111
2026-09-17T01:35:00-04:00,7662.75,7662.75,7661.75,7662.0,175
2026-09-17T01:36:00-04:00,7662.0,7662.25,7660.25,7660.5,294
2026-09-17T01:37:00-04:00,7660.25,7660.75,7660.0,7660.5,182
2026-09-17T01:38:00-04:00,7660.5,7661.0,7660.5,7660.75,126
2026-09-17T01:39:00-04:00,7660.5,7661.5,7660.0,7661.25,238
2026-09-17T01:40:00-04:00,7661.25,7661.5,7660.5,7660.75,164
2026-09-17T01:41:00-04:00,7661.0,7661.25,7659.25,7659.25,269
2026-09-17T01:42:00-04:00,7659.25,7660.25,7659.25,7659.75,206
2026-09-17T01:43:00-04:00,7659.5,7659.75,7659.25,7659.5,100
2026-09-17T01:44:00-04:00,7659.25,7659.75,7659.0,7659.0,112
2026-09-17T01:45:00-04:00,7659.0,7660.0,7659.0,7659.5,120
2026-09-17T01:46:00-04:00,7659.75,7660.0,7659.5,7659.5,205
2026-09-17T01:47:00-04:00,7659.5,7659.75,7659.25,7659.25,126
2026-09-17T01:48:00-04:00,7659.25,7659.5,7659.25,7659.5,197
2026-09-17T01:49:00-04:00,7659.25,7659.5,7658.75,7659.25,91
2026-09-17T01:50:00-04:00,7659.25,7660.25,7658.75,7659.25,247
2026-09-17T01:51:00-04:00,7659.5,7659.5,7657.75,7658.25,182
2026-09-17T01:52:00-04:00,7658.5,7658.75,7658.0,7658.5,151
2026-09-17T01:53:00-04:00,7658.5,7658.5,7658.0,7658.0,81
2026-09-17T01:54:00-04:00,7658.25,7658.25,7657.75,7658.25,67
2026-09-17T01:55:00-04:00,7658.25,7658.25,7657.5,7657.75,111
2026-09-17T01:56:00-04:00,7657.75,7658.0,7657.5,7657.75,98
2026-09-17T01:57:00-04:00,7657.5,7657.5,7656.5,7656.5,278
2026-09-17T01:58:00-04:00,7656.5,7657.25,7656.25,7657.0,116
2026-09-17T01:59:00-04:00,7656.75,7657.5,7656.75,7657.25,83
2026-09-17T02:00:00-04:00,7657.0,7658.25,7656.75,7657.75,345
2026-09-17T02:01:00-04:00,7658.0,7659.25,7657.5,7658.5,224
2026-09-17T02:02:00-04:00,7658.25,7661.25,7658.25,7661.0,312
2026-09-17T02:03:00-04:00,7661.0,7663.0,7660.75,7663.0,291
2026-09-17T02:04:00-04:00,7663.0,7663.25,7661.75,7662.25,290
2026-09-17T02:05:00-04:00,7662.0,7663.25,7660.25,7662.75,443
2026-09-17T02:06:00-04:00,7662.75,7664.5,7662.75,7662.75,321
2026-09-17T02:07:00-04:00,7662.75,7663.0,7662.0,7662.5,342
2026-09-17T02:08:00-04:00,7662.75,7662.75,7661.75,7662.0,234
2026-09-17T02:09:00-04:00,7662.25,7662.25,7661.25,7661.5,265
2026-09-17T02:10:00-04:00,7661.5,7661.5,7660.25,7660.5,205
2026-09-17T02:11:00-04:00,7660.5,7661.25,7659.75,7660.75,244
2026-09-17T02:12:00-04:00,7661.0,7662.25,7660.75,7661.25,299
2026-09-17T02:13:00-04:00,7661.25,7661.75,7661.0,7661.25,220
2026-09-17T02:14:00-04:00,7661.25,7662.0,7661.0,7661.5,168
2026-09-17T02:15:00-04:00,7661.75,7661.75,7659.0,7659.0,341
2026-09-17T02:16:00-04:00,7659.25,7659.5,7658.5,7659.0,416
2026-09-17T02:17:00-04:00,7659.0,7661.75,7658.75,7661.5,405
2026-09-17T02:18:00-04:00,7661.5,7662.0,7660.5,7660.75,584
2026-09-17T02:19:00-04:00,7660.75,7661.5,7660.75,7661.5,175
2026-09-17T02:20:00-04:00,7661.5,7661.75,7660.75,7661.0,129
2026-09-17T02:21:00-04:00,7661.0,7662.5,7661.0,7662.5,302
2026-09-17T02:22:00-04:00,7662.5,7663.25,7662.5,7663.0,214
2026-09-17T02:23:00-04:00,7662.75,7663.5,7662.75,7663.25,186
2026-09-17T02:24:00-04:00,7663.25,7665.5,7663.25,7665.5,275
2026-09-17T02:25:00-04:00,7665.75,7666.5,7665.25,7666.25,404
2026-09-17T02:26:00-04:00,7666.25,7669.25,7666.25,7668.75,579
2026-09-17T02:27:00-04:00,7669.0,7669.25,7668.25,7669.0,497
2026-09-17T02:28:00-04:00,7668.75,7669.75,7668.25,7669.25,274
2026-09-17T02:29:00-04:00,7669.25,7671.5,7669.25,7671.25,625
2026-09-17T02:30:00-04:00,7671.25,7672.25,7671.0,7671.5,785
2026-09-17T02:31:00-04:00,7671.5,7673.25,7671.5,7672.0,448
2026-09-17T02:32:00-04:00,7672.0,7672.25,7671.25,7672.0,268
2026-09-17T02:33:00-04:00,7671.75,7674.0,7671.75,7672.75,483
2026-09-17T02:34:00-04:00,7672.75,7673.0,7671.75,7672.25,539
2026-09-17T02:35:00-04:00,7672.25,7673.25,7672.0,7672.75,196
2026-09-17T02:36:00-04:00,7672.5,7674.5,7672.5,7673.75,552
2026-09-17T02:37:00-04:00,7673.75,7675.0,7673.5,7674.0,266
2026-09-17T02:38:00-04:00,7673.75,7673.75,7672.5,7673.25,183
2026-09-17T02:39:00-04:00,7673.25,7673.5,7671.75,7672.0,134
2026-09-17T02:40:00-04:00,7672.25,7673.5,7672.25,7673.0,118
2026-09-17T02:41:00-04:00,7673.25,7674.0,7672.75,7673.25,352
2026-09-17T02:42:00-04:00,7673.25,7674.75,7673.0,7674.75,287
2026-09-17T02:43:00-04:00,7674.75,7676.75,7674.75,7676.75,374
2026-09-17T02:44:00-04:00,7676.5,7676.5,7675.75,7676.25,270
2026-09-17T02:45:00-04:00,7676.0,7677.0,7675.75,7676.75,498
2026-09-17T02:46:00-04:00,7677.0,7677.5,7676.75,7677.0,252
2026-09-17T02:47:00-04:00,7677.25,7677.25,7675.75,7676.0,248
2026-09-17T02:48:00-04:00,7676.25,7676.75,7675.0,7675.75,449
2026-09-17T02:49:00-04:00,7675.75,7676.5,7675.5,7676.0,131
2026-09-17T02:50:00-04:00,7676.0,7676.25,7675.5,7675.5,158
2026-09-17T02:51:00-04:00,7675.75,7676.5,7675.5,7676.5,131
2026-09-17T02:52:00-04:00,7676.5,7676.75,7675.75,7676.0,255
2026-09-17T02:53:00-04:00,7676.0,7676.75,7676.0,7676.75,144
2026-09-17T02:54:00-04:00,7676.75,7677.0,7676.25,7676.25,665
2026-09-17T02:55:00-04:00,7676.25,7676.25,7675.0,7675.0,280
2026-09-17T02:56:00-04:00,7675.25,7675.75,7675.0,7675.75,333
2026-09-17T02:57:00-04:00,7675.5,7675.5,7674.25,7675.25,417
2026-09-17T02:58:00-04:00,7675.25,7675.5,7674.25,7675.25,230
2026-09-17T02:59:00-04:00,7675.25,7675.5,7675.0,7675.25,200
2026-09-17T03:00:00-04:00,7675.25,7675.75,7674.0,7674.0,888
2026-09-17T03:01:00-04:00,7674.0,7676.0,7673.5,7675.75,482
2026-09-17T03:02:00-04:00,7675.75,7677.25,7675.5,7676.25,703
2026-09-17T03:03:00-04:00,7676.0,7677.5,7675.5,7677.25,435
2026-09-17T03:04:00-04:00,7677.25,7679.0,7677.0,7678.5,686
2026-09-17T03:05:00-04:00,7678.25,7680.0,7678.25,7679.25,1009
2026-09-17T03:06:00-04:00,7679.5,7680.75,7679.5,7680.5,600
2026-09-17T03:07:00-04:00,7680.5,7681.5,7680.0,7681.25,419
2026-09-17T03:08:00-04:00,7681.25,7683.25,7681.25,7682.5,878
2026-09-17T03:09:00-04:00,7682.5,7683.0,7681.75,7682.5,342
2026-09-17T03:10:00-04:00,7682.75,7683.5,7682.25,7683.25,318
2026-09-17T03:11:00-04:00,7683.5,7684.0,7682.25,7682.5,527
2026-09-17T03:12:00-04:00,7682.5,7682.75,7681.0,7681.25,444
2026-09-17T03:13:00-04:00,7681.25,7681.75,7679.75,7680.25,546
2026-09-17T03:14:00-04:00,7680.25,7680.5,7679.5,7680.25,534
2026-09-17T03:15:00-04:00,7680.5,7680.5,7679.5,7679.5,373
2026-09-17T03:16:00-04:00,7679.75,7681.25,7679.75,7681.0,333
2026-09-17T03:17:00-04:00,7681.0,7683.75,7681.0,7683.0,473
2026-09-17T03:18:00-04:00,7683.0,7683.5,7682.0,7682.0,364
2026-09-17T03:19:00-04:00,7682.0,7682.0,7680.5,7680.75,344
2026-09-17T03:20:00-04:00,7680.5,7681.25,7680.25,7680.75,374
2026-09-17T03:21:00-04:00,7681.0,7681.0,7679.25,7679.5,696
2026-09-17T03:22:00-04:00,7679.5,7680.75,7678.75,7680.75,438
2026-09-17T03:23:00-04:00,7680.75,7682.25,7680.75,7682.0,264
2026-09-17T03:24:00-04:00,7682.0,7683.0,7682.0,7682.25,253
2026-09-17T03:25:00-04:00,7682.25,7682.75,7682.0,7682.75,338
2026-09-17T03:26:00-04:00,7682.5,7683.0,7682.25,7682.75,629
2026-09-17T03:27:00-04:00,7682.75,7683.75,7682.5,7683.5,267
2026-09-17T03:28:00-04:00,7683.75,7687.0,7683.75,7686.75,1971
2026-09-17T03:29:00-04:00,7686.5,7687.0,7686.25,7686.75,602
2026-09-17T03:30:00-04:00,7686.5,7689.25,7686.5,7687.25,1189
2026-09-17T03:31:00-04:00,7687.25,7687.5,7686.5,7686.5,243
2026-09-17T03:32:00-04:00,7686.5,7686.75,7686.25,7686.75,657
2026-09-17T03:33:00-04:00,7686.75,7687.0,7685.75,7686.75,655
2026-09-17T03:34:00-04:00,7686.75,7687.5,7686.5,7686.5,843
2026-09-17T03:35:00-04:00,7686.5,7686.5,7685.0,7685.25,465
2026-09-17T03:36:00-04:00,7685.25,7686.75,7685.25,7686.25,405
2026-09-17T03:37:00-04:00,7686.0,7686.25,7685.25,7686.25,277
2026-09-17T03:38:00-04:00,7686.25,7686.5,7685.5,7685.75,360
2026-09-17T03:39:00-04:00,7685.75,7686.5,7685.25,7686.5,413
2026-09-17T03:40:00-04:00,7686.25,7686.5,7685.5,7685.75,180
2026-09-17T03:41:00-04:00,7685.75,7686.75,7685.5,7685.5,261
2026-09-17T03:42:00-04:00,7685.5,7685.75,7684.75,7685.5,398
2026-09-17T03:43:00-04:00,7685.5,7686.25,7685.5,7685.75,353
2026-09-17T03:44:00-04:00,7686.0,7686.25,7685.5,7685.75,367
2026-09-17T03:45:00-04:00,7685.75,7685.75,7684.25,7685.0,321
2026-09-17T03:46:00-04:00,7685.0,7685.75,7684.5,7685.5,332
2026-09-17T03:47:00-04:00,7685.75,7686.25,7685.0,7685.75,238
2026-09-17T03:48:00-04:00,7686.0,7686.25,7684.5,7684.75,453
2026-09-17T03:49:00-04:00,7684.75,7684.75,7683.0,7683.0,650
2026-09-17T03:50:00-04:00,7683.0,7683.0,7681.5,7681.75,790
2026-09-17T03:51:00-04:00,7682.0,7683.5,7681.5,7683.25,449
2026-09-17T03:52:00-04:00,7683.25,7683.5,7681.75,7682.0,312
2026-09-17T03:53:00-04:00,7681.75,7682.25,7681.5,7682.25,429
2026-09-17T03:54:00-04:00,7682.5,7682.5,7680.5,7680.75,480
2026-09-17T03:55:00-04:00,7680.75,7680.75,7679.75,7679.75,419
2026-09-17T03:56:00-04:00,7679.75,7680.0,7679.0,7679.25,413
2026-09-17T03:57:00-04:00,7679.25,7679.75,7679.0,7679.5,207
2026-09-17T03:58:00-04:00,7679.5,7680.25,7679.25,7679.5,326
2026-09-17T03:59:00-04:00,7679.5,7680.5,7679.5,7680.25,227
2026-09-17T04:00:00-04:00,7680.0,7680.75,7679.5,7680.5,819
2026-09-17T04:01:00-04:00,7680.75,7681.75,7679.75,7681.0,721
2026-09-17T04:02:00-04:00,7681.0,7681.75,7680.0,7681.25,390
2026-09-17T04:03:00-04:00,7681.0,7681.25,7678.25,7678.5,436
2026-09-17T04:04:00-04:00,7678.5,7680.75,7678.5,7680.75,359
2026-09-17T04:05:00-04:00,7680.5,7681.0,7679.25,7680.0,256
2026-09-17T04:06:00-04:00,7680.25,7680.5,7679.0,7679.0,321
2026-09-17T04:07:00-04:00,7679.25,7680.0,7679.0,7679.75,521
2026-09-17T04:08:00-04:00,7679.75,7680.0,7679.25,7680.0,357
2026-09-17T04:09:00-04:00,7679.75,7680.0,7679.25,7679.5,376
2026-09-17T04:10:00-04:00,7679.25,7680.25,7678.0,7678.5,400
2026-09-17T04:11:00-04:00,7678.5,7678.75,7677.5,7677.75,206
2026-09-17T04:12:00-04:00,7677.75,7677.75,7674.75,7675.75,731
2026-09-17T04:13:00-04:00,7675.5,7675.5,7673.5,7674.0,582
2026-09-17T04:14:00-04:00,7674.25,7675.25,7674.0,7674.5,352
2026-09-17T04:15:00-04:00,7674.25,7675.0,7673.75,7674.75,302
2026-09-17T04:16:00-04:00,7674.5,7674.5,7673.0,7673.75,307
2026-09-17T04:17:00-04:00,7673.75,7675.25,7672.75,7672.75,291
2026-09-17T04:18:00-04:00,7672.75,7673.0,7671.25,7671.5,379
2026-09-17T04:19:00-04:00,7671.5,7673.0,7671.25,7672.75,407
2026-09-17T04:20:00-04:00,7672.75,7673.5,7672.25,7673.0,320
2026-09-17T04:21:00-04:00,7673.0,7673.5,7672.75,7673.0,148
2026-09-17T04:22:00-04:00,7673.0,7674.5,7672.75,7673.25,406
2026-09-17T04:23:00-04:00,7673.0,7673.75,7672.75,7673.0,184
2026-09-17T04:24:00-04:00,7673.0,7675.25,7672.75,7675.25,243
2026-09-17T04:25:00-04:00,7675.25,7676.75,7675.0,7676.25,327
2026-09-17T04:26:00-04:00,7676.5,7676.75,7676.0,7676.0,328
2026-09-17T04:27:00-04:00,7676.25,7677.0,7675.75,7677.0,362
2026-09-17T04:28:00-04:00,7677.25,7677.25,7675.5,7675.75,275
2026-09-17T04:29:00-04:00,7675.75,7678.25,7675.5,7677.75,443
2026-09-17T04:30:00-04:00,7677.75,7679.0,7676.5,7677.0,669
2026-09-17T04:31:00-04:00,7677.25,7678.25,7677.0,7677.0,326
2026-09-17T04:32:00-04:00,7677.25,7677.75,7676.25,7677.0,247
2026-09-17T04:33:00-04:00,7677.0,7678.0,7676.25,7677.75,247
2026-09-17T04:34:00-04:00,7677.75,7679.75,7677.75,7679.75,218
2026-09-17T04:35:00-04:00,7679.75,7680.5,7679.0,7679.25,424
2026-09-17T04:36:00-04:00,7679.25,7679.25,7678.5,7679.0,166
2026-09-17T04:37:00-04:00,7679.25,7680.25,7679.0,7680.25,154
2026-09-17T04:38:00-04:00,7680.0,7680.0,7679.25,7679.25,209
2026-09-17T04:39:00-04:00,7679.25,7680.5,7679.0,7680.25,162
2026-09-17T04:40:00-04:00,7680.5,7680.75,7679.0,7679.75,200
2026-09-17T04:41:00-04:00,7679.5,7679.75,7678.5,7678.75,89
2026-09-17T04:42:00-04:00,7678.75,7679.5,7678.0,7678.5,193
2026-09-17T04:43:00-04:00,7678.5,7678.75,7678.0,7678.5,194
2026-09-17T04:44:00-04:00,7678.75,7679.25,7678.5,7679.0,112
2026-09-17T04:45:00-04:00,7679.0,7679.5,7678.75,7679.5,129
2026-09-17T04:46:00-04:00,7679.5,7679.5,7678.75,7679.25,176
2026-09-17T04:47:00-04:00,7679.25,7680.75,7679.0,7680.25,138
2026-09-17T04:48:00-04:00,7680.25,7680.75,7680.0,7680.25,193
2026-09-17T04:49:00-04:00,7680.5,7680.5,7680.25,7680.25,262
2026-09-17T04:50:00-04:00,7680.5,7681.0,7680.25,7681.0,144
2026-09-17T04:51:00-04:00,7681.0,7681.5,7681.0,7681.0,137
2026-09-17T04:52:00-04:00,7681.25,7681.5,7680.25,7680.75,287
2026-09-17T04:53:00-04:00,7680.75,7682.75,7680.75,7682.75,350
2026-09-17T04:54:00-04:00,7682.75,7684.0,7682.75,7683.5,358
2026-09-17T04:55:00-04:00,7683.5,7683.75,7683.0,7683.0,351
2026-09-17T04:56:00-04:00,7683.25,7684.25,7682.5,7683.5,284
2026-09-17T04:57:00-04:00,7683.25,7684.25,7683.25,7684.25,277
2026-09-17T04:58:00-04:00,7684.25,7684.5,7683.5,7684.0,157
2026-09-17T04:59:00-04:00,7684.0,7684.0,7683.0,7683.25,244
2026-09-17T05:00:00-04:00,7683.25,7684.75,7683.0,7684.75,240
2026-09-17T05:01:00-04:00,7684.75,7685.75,7684.5,7685.75,216
2026-09-17T05:02:00-04:00,7685.75,7686.5,7684.75,7685.25,283
2026-09-17T05:03:00-04:00,7685.0,7685.5,7684.0,7685.5,184
2026-09-17T05:04:00-04:00,7685.25,7685.25,7684.5,7685.0,248
2026-09-17T05:05:00-04:00,7685.25,7685.5,7684.75,7685.25,251
2026-09-17T05:06:00-04:00,7685.25,7685.75,7685.25,7685.5,181
2026-09-17T05:07:00-04:00,7685.75,7687.0,7685.75,7686.75,240
2026-09-17T05:08:00-04:00,7687.0,7687.0,7685.75,7686.5,113
2026-09-17T05:09:00-04:00,7686.25,7686.25,7685.75,7686.25,215
2026-09-17T05:10:00-04:00,7686.5,7688.75,7686.5,7688.75,342
2026-09-17T05:11:00-04:00,7689.0,7689.25,7688.5,7688.75,426
2026-09-17T05:12:00-04:00,7688.75,7689.0,7687.75,7688.0,314
2026-09-17T05:13:00-04:00,7688.0,7688.5,7687.25,7687.25,398
2026-09-17T05:14:00-04:00,7687.25,7687.25,7686.5,7686.75,187
2026-09-17T05:15:00-04:00,7686.75,7687.75,7686.5,7686.75,183
2026-09-17T05:16:00-04:00,7686.75,7686.75,7685.75,7686.0,183
2026-09-17T05:17:00-04:00,7686.0,7686.5,7685.0,7685.5,353
2026-09-17T05:18:00-04:00,7685.5,7686.25,7685.25,7685.75,162
2026-09-17T05:19:00-04:00,7685.75,7685.75,7684.5,7684.5,263
2026-09-17T05:20:00-04:00,7684.5,7686.0,7684.25,7685.5,525
2026-09-17T05:21:00-04:00,7685.5,7685.75,7684.75,7685.75,176
2026-09-17T05:22:00-04:00,7685.75,7685.75,7685.0,7685.25,140
2026-09-17T05:23:00-04:00,7685.25,7685.5,7685.0,7685.5,119
2026-09-17T05:24:00-04:00,7685.25,7685.25,7684.75,7685.25,318
2026-09-17T05:25:00-04:00,7685.25,7685.25,7684.25,7684.5,287
2026-09-17T05:26:00-04:00,7684.5,7684.5,7683.5,7684.0,470
2026-09-17T05:27:00-04:00,7684.0,7684.5,7683.75,7684.5,286
2026-09-17T05:28:00-04:00,7684.5,7684.75,7683.75,7684.0,111
2026-09-17T05:29:00-04:00,7684.25,7684.5,7683.5,7683.75,195
2026-09-17T05:30:00-04:00,7683.5,7684.25,7683.5,7683.75,227
2026-09-17T05:31:00-04:00,7683.75,7686.0,7683.75,7685.5,255
2026-09-17T05:32:00-04:00,7685.25,7686.0,7685.25,7686.0,106
2026-09-17T05:33:00-04:00,7686.0,7686.5,7685.5,7686.25,149
2026-09-17T05:34:00-04:00,7686.25,7686.75,7686.0,7686.25,95
2026-09-17T05:35:00-04:00,7686.25,7686.75,7686.0,7686.5,178
2026-09-17T05:36:00-04:00,7686.5,7686.5,7685.5,7685.75,487
2026-09-17T05:37:00-04:00,7685.75,7686.75,7685.5,7686.5,188
2026-09-17T05:38:00-04:00,7686.25,7687.0,7685.0,7685.5,374
2026-09-17T05:39:00-04:00,7685.25,7686.25,7685.25,7685.25,429
2026-09-17T05:40:00-04:00,7685.0,7686.0,7685.0,7685.5,366
2026-09-17T05:41:00-04:00,7685.75,7685.75,7685.25,7685.25,252
2026-09-17T05:42:00-04:00,7685.25,7686.0,7685.25,7685.5,73
2026-09-17T05:43:00-04:00,7685.25,7686.0,7685.25,7686.0,250
2026-09-17T05:44:00-04:00,7686.25,7686.5,7685.5,7685.75,239
2026-09-17T05:45:00-04:00,7685.5,7685.75,7684.75,7684.75,110
2026-09-17T05:46:00-04:00,7684.75,7684.75,7683.25,7683.5,313
2026-09-17T05:47:00-04:00,7683.5,7683.5,7682.5,7682.75,122
2026-09-17T05:48:00-04:00,7682.75,7682.75,7681.25,7681.75,298
2026-09-17T05:49:00-04:00,7681.75,7682.0,7681.25,7682.0,218
2026-09-17T05:50:00-04:00,7682.25,7683.5,7682.25,7682.5,120
2026-09-17T05:51:00-04:00,7682.75,7683.0,7682.25,7682.5,260
2026-09-17T05:52:00-04:00,7682.75,7683.25,7682.5,7683.25,231
2026-09-17T05:53:00-04:00,7683.25,7683.75,7683.0,7683.25,174
2026-09-17T05:54:00-04:00,7683.25,7684.0,7683.25,7683.75,127
2026-09-17T05:55:00-04:00,7683.75,7685.0,7683.5,7683.75,330
2026-09-17T05:56:00-04:00,7683.75,7683.75,7683.25,7683.75,218
2026-09-17T05:57:00-04:00,7683.75,7683.75,7683.0,7683.0,252
2026-09-17T05:58:00-04:00,7683.0,7683.0,7682.25,7682.75,115
2026-09-17T05:59:00-04:00,7682.5,7683.0,7682.5,7682.75,94
2026-09-17T06:00:00-04:00,7682.5,7683.5,7682.5,7683.5,122
2026-09-17T06:01:00-04:00,7683.25,7683.5,7682.5,7683.25,170
2026-09-17T06:02:00-04:00,7683.5,7683.5,7682.75,7683.25,136
2026-09-17T06:03:00-04:00,7683.5,7684.75,7683.5,7684.25,238
2026-09-17T06:04:00-04:00,7684.25,7684.75,7684.0,7684.25,97
2026-09-17T06:05:00-04:00,7684.25,7685.0,7684.0,7684.5,238
2026-09-17T06:06:00-04:00,7684.5,7685.25,7684.0,7685.25,404
2026-09-17T06:07:00-04:00,7685.25,7687.0,7685.0,7686.5,475
2026-09-17T06:08:00-04:00,7686.25,7687.0,7686.25,7686.5,382
2026-09-17T06:09:00-04:00,7686.75,7686.75,7685.75,7685.75,137
2026-09-17T06:10:00-04:00,7685.75,7686.0,7685.25,7686.0,142
2026-09-17T06:11:00-04:00,7685.75,7686.75,7685.75,7686.75,118
2026-09-17T06:12:00-04:00,7686.75,7686.75,7686.0,7686.0,167
2026-09-17T06:13:00-04:00,7686.0,7686.75,7685.75,7685.75,125
2026-09-17T06:14:00-04:00,7686.0,7686.25,7685.25,7685.25,156
2026-09-17T06:15:00-04:00,7685.25,7685.75,7684.75,7685.25,174
2026-09-17T06:16:00-04:00,7685.25,7686.0,7685.0,7685.0,138
2026-09-17T06:17:00-04:00,7685.25,7685.5,7685.25,7685.25,353
2026-09-17T06:18:00-04:00,7685.25,7686.0,7684.75,7685.0,192
2026-09-17T06:19:00-04:00,7684.75,7684.75,7683.5,7683.5,235
2026-09-17T06:20:00-04:00,7683.5,7684.25,7683.5,7684.0,225
2026-09-17T06:21:00-04:00,7684.25,7684.5,7684.0,7684.0,244
2026-09-17T06:22:00-04:00,7684.25,7685.5,7684.0,7685.25,196
2026-09-17T06:23:00-04:00,7685.25,7687.0,7685.0,7687.0,333
2026-09-17T06:24:00-04:00,7687.0,7688.5,7686.75,7688.5,423
2026-09-17T06:25:00-04:00,7688.5,7688.5,7688.0,7688.0,256
2026-09-17T06:26:00-04:00,7688.25,7689.25,7688.0,7689.0,239
2026-09-17T06:27:00-04:00,7689.0,7689.25,7688.5,7688.75,132
2026-09-17T06:28:00-04:00,7688.75,7689.25,7688.5,7689.0,327
2026-09-17T06:29:00-04:00,7689.25,7689.5,7687.25,7687.5,477
2026-09-17T06:30:00-04:00,7687.75,7689.5,7687.25,7688.0,1418
2026-09-17T06:31:00-04:00,7688.0,7688.0,7686.75,7687.0,313
2026-09-17T06:32:00-04:00,7687.0,7687.25,7686.5,7686.75,181
2026-09-17T06:33:00-04:00,7686.75,7686.75,7686.0,7686.25,112
2026-09-17T06:34:00-04:00,7686.25,7686.5,7685.75,7685.75,255
2026-09-17T06:35:00-04:00,7686.0,7687.0,7685.5,7687.0,553
2026-09-17T06:36:00-04:00,7686.75,7687.25,7686.5,7687.25,187
2026-09-17T06:37:00-04:00,7687.0,7688.25,7687.0,7687.75,460
2026-09-17T06:38:00-04:00,7687.75,7688.0,7687.25,7687.25,223
2026-09-17T06:39:00-04:00,7687.25,7687.75,7687.0,7687.25,239
2026-09-17T06:40:00-04:00,7687.25,7687.75,7686.5,7686.5,124
2026-09-17T06:41:00-04:00,7686.25,7686.5,7684.5,7684.75,283
2026-09-17T06:42:00-04:00,7684.75,7685.25,7684.5,7684.75,197
2026-09-17T06:43:00-04:00,7684.75,7685.0,7684.25,7685.0,208
2026-09-17T06:44:00-04:00,7685.0,7685.25,7684.75,7684.75,152
2026-09-17T06:45:00-04:00,7684.75,7685.25,7684.25,7685.0,137
2026-09-17T06:46:00-04:00,7684.75,7685.5,7684.5,7685.25,111
2026-09-17T06:47:00-04:00,7685.0,7685.25,7684.75,7685.0,108
2026-09-17T06:48:00-04:00,7685.0,7685.25,7684.5,7685.0,179
2026-09-17T06:49:00-04:00,7684.75,7685.0,7684.5,7685.0,147
2026-09-17T06:50:00-04:00,7685.0,7685.75,7685.0,7685.5,130
2026-09-17T06:51:00-04:00,7685.75,7687.0,7685.75,7686.25,159
2026-09-17T06:52:00-04:00,7686.0,7687.0,7685.75,7686.5,170
2026-09-17T06:53:00-04:00,7686.25,7686.75,7686.25,7686.5,144
2026-09-17T06:54:00-04:00,7686.5,7686.5,7686.0,7686.25,136
2026-09-17T06:55:00-04:00,7686.5,7686.75,7686.0,7686.5,118
2026-09-17T06:56:00-04:00,7686.5,7687.75,7686.5,7687.5,186
2026-09-17T06:57:00-04:00,7687.25,7688.0,7687.0,7687.75,113
2026-09-17T06:58:00-04:00,7687.5,7688.5,7687.5,7688.25,127
2026-09-17T06:59:00-04:00,7688.25,7688.75,7687.5,7687.5,414
2026-09-17T07:00:00-04:00,7687.75,7690.0,7687.75,7689.75,1445
2026-09-17T07:01:00-04:00,7689.75,7690.75,7688.75,7689.0,1051
2026-09-17T07:02:00-04:00,7688.75,7689.75,7688.5,7689.25,851
2026-09-17T07:03:00-04:00,7689.25,7689.5,7687.75,7688.0,321
2026-09-17T07:04:00-04:00,7687.75,7688.25,7687.5,7688.0,664
2026-09-17T07:05:00-04:00,7688.25,7688.5,7687.75,7688.5,667
2026-09-17T07:06:00-04:00,7688.5,7688.75,7687.5,7688.25,320
2026-09-17T07:07:00-04:00,7688.25,7688.75,7687.5,7688.25,715
2026-09-17T07:08:00-04:00,7688.25,7688.25,7687.25,7687.5,558
2026-09-17T07:09:00-04:00,7687.5,7687.75,7687.0,7687.0,482
2026-09-17T07:10:00-04:00,7687.0,7687.25,7686.5,7686.5,598
2026-09-17T07:11:00-04:00,7686.5,7686.75,7685.75,7686.0,508
2026-09-17T07:12:00-04:00,7686.0,7687.5,7686.0,7686.5,543
2026-09-17T07:13:00-04:00,7686.5,7688.5,7686.25,7688.5,647
2026-09-17T07:14:00-04:00,7688.5,7688.5,7687.5,7688.0,367
2026-09-17T07:15:00-04:00,7688.25,7688.75,7687.0,7687.25,253
2026-09-17T07:16:00-04:00,7687.25,7687.5,7685.75,7686.25,338
2026-09-17T07:17:00-04:00,7686.0,7686.0,7684.75,7685.0,419
2026-09-17T07:18:00-04:00,7684.75,7685.25,7684.75,7685.25,332
2026-09-17T07:19:00-04:00,7685.25,7686.5,7685.25,7686.0,334
2026-09-17T07:20:00-04:00,7686.25,7688.25,7686.0,7687.5,815
2026-09-17T07:21:00-04:00,7687.75,7688.0,7687.25,7687.5,404
2026-09-17T07:22:00-04:00,7687.25,7687.5,7685.75,7686.25,450
2026-09-17T07:23:00-04:00,7686.25,7687.25,7686.0,7686.75,255
2026-09-17T07:24:00-04:00,7686.75,7687.25,7686.0,7686.0,146
2026-09-17T07:25:00-04:00,7686.0,7686.25,7685.25,7685.5,222
2026-09-17T07:26:00-04:00,7685.5,7687.0,7685.0,7686.75,291
2026-09-17T07:27:00-04:00,7686.75,7687.25,7686.5,7686.5,465
2026-09-17T07:28:00-04:00,7686.5,7686.5,7685.75,7686.0,342
2026-09-17T07:29:00-04:00,7686.0,7686.75,7685.5,7686.25,209
2026-09-17T07:30:00-04:00,7686.0,7686.25,7685.25,7685.75,267
2026-09-17T07:31:00-04:00,7685.75,7686.5,7685.5,7686.5,426
2026-09-17T07:32:00-04:00,7686.25,7687.5,7686.25,7687.25,234
2026-09-17T07:33:00-04:00,7687.0,7687.0,7685.25,7686.0,268
2026-09-17T07:34:00-04:00,7686.0,7686.0,7685.25,7685.25,397
2026-09-17T07:35:00-04:00,7685.5,7686.5,7685.25,7686.5,424
2026-09-17T07:36:00-04:00,7686.25,7687.25,7686.25,7686.25,245
2026-09-17T07:37:00-04:00,7686.25,7686.5,7684.5,7685.25,318
2026-09-17T07:38:00-04:00,7685.25,7686.25,7685.25,7686.25,175
2026-09-17T07:39:00-04:00,7686.25,7686.75,7686.25,7686.5,155
2026-09-17T07:40:00-04:00,7686.25,7686.25,7684.25,7684.5,251
2026-09-17T07:41:00-04:00,7684.75,7684.75,7684.0,7684.0,373
2026-09-17T07:42:00-04:00,7684.0,7684.75,7683.75,7684.5,370
2026-09-17T07:43:00-04:00,7684.5,7684.75,7684.25,7684.5,157
2026-09-17T07:44:00-04:00,7684.75,7684.75,7683.0,7683.0,231
2026-09-17T07:45:00-04:00,7683.0,7683.5,7682.5,7683.25,221
2026-09-17T07:46:00-04:00,7683.0,7684.25,7683.0,7684.0,288
2026-09-17T07:47:00-04:00,7684.25,7684.25,7683.75,7684.25,228
2026-09-17T07:48:00-04:00,7684.5,7685.0,7684.25,7684.25,249
2026-09-17T07:49:00-04:00,7684.5,7684.75,7683.5,7683.5,417
2026-09-17T07:50:00-04:00,7683.75,7683.75,7682.25,7683.25,531
2026-09-17T07:51:00-04:00,7683.0,7684.0,7682.75,7684.0,330
2026-09-17T07:52:00-04:00,7684.0,7684.25,7683.5,7684.0,328
2026-09-17T07:53:00-04:00,7684.25,7685.25,7684.0,7685.25,380
2026-09-17T07:54:00-04:00,7685.25,7688.0,7685.0,7687.0,930
2026-09-17T07:55:00-04:00,7687.0,7688.25,7687.0,7687.5,438
2026-09-17T07:56:00-04:00,7687.5,7687.5,7685.5,7686.5,364
2026-09-17T07:57:00-04:00,7686.75,7687.75,7686.75,7687.75,340
2026-09-17T07:58:00-04:00,7687.75,7693.75,7687.5,7692.5,5761
2026-09-17T07:59:00-04:00,7692.5,7695.5,7691.5,7695.25,3037
2026-09-17T08:00:00-04:00,7695.0,7695.5,7692.75,7693.5,1890
2026-09-17T08:01:00-04:00,7693.5,7694.25,7692.0,7692.25,586
2026-09-17T08:02:00-04:00,7692.0,7692.75,7691.0,7692.25,708
2026-09-17T08:03:00-04:00,7692.25,7692.5,7690.0,7691.25,665
2026-09-17T08:04:00-04:00,7691.25,7695.75,7691.25,7694.5,4199
2026-09-17T08:05:00-04:00,7694.75,7697.75,7693.5,7696.75,2346
2026-09-17T08:06:00-04:00,7696.75,7697.0,7695.5,7696.25,974
2026-09-17T08:07:00-04:00,7696.0,7696.25,7694.25,7695.5,694
2026-09-17T08:08:00-04:00,7695.75,7697.75,7695.75,7697.0,1016
2026-09-17T08:09:00-04:00,7697.0,7701.75,7696.75,7701.5,3842
2026-09-17T08:10:00-04:00,7701.5,7703.5,7700.75,7701.25,1941
2026-09-17T08:11:00-04:00,7701.0,7702.75,7701.0,7702.0,855
2026-09-17T08:12:00-04:00,7702.0,7702.5,7701.25,7702.25,936
2026-09-17T08:13:00-04:00,7702.25,7702.25,7700.75,7701.75,978
2026-09-17T08:14:00-04:00,7701.25,7702.0,7700.75,7701.75,656
2026-09-17T08:15:00-04:00,7702.0,7703.25,7701.25,7703.25,1526
2026-09-17T08:16:00-04:00,7703.25,7704.5,7702.75,7704.0,2395
2026-09-17T08:17:00-04:00,7704.0,7706.0,7704.0,7705.5,1948
2026-09-17T08:18:00-04:00,7705.25,7706.0,7704.25,7705.75,848
2026-09-17T08:19:00-04:00,7705.5,7708.25,7705.5,7708.0,1166
2026-09-17T08:20:00-04:00,7708.25,7709.5,7708.0,7709.25,2028
2026-09-17T08:21:00-04:00,7709.0,7710.75,7709.0,7710.0,2411
2026-09-17T08:22:00-04:00,7710.25,7710.5,7709.5,7710.0,1261
2026-09-17T08:23:00-04:00,7710.0,7711.5,7710.0,7711.5,1153
2026-09-17T08:24:00-04:00,7711.5,7712.0,7710.0,7710.75,849
2026-09-17T08:25:00-04:00,7710.75,7712.75,7710.0,7712.5,1572
2026-09-17T08:26:00-04:00,7712.25,7713.5,7711.5,7713.0,1027
2026-09-17T08:27:00-04:00,7713.25,7714.75,7712.0,7714.5,1519
2026-09-17T08:28:00-04:00,7714.75,7715.5,7714.25,7714.75,1571
2026-09-17T08:29:00-04:00,7714.5,7716.75,7714.5,7716.5,1351
2026-09-17T08:30:00-04:00,7716.25,7717.5,7713.0,7717.0,1749
2026-09-17T08:31:00-04:00,7717.25,7717.5,7715.5,7716.5,1803
2026-09-17T08:32:00-04:00,7716.75,7720.5,7716.5,7718.75,2324
2026-09-17T08:33:00-04:00,7718.5,7721.25,7716.25,7721.0,1342
2026-09-17T08:34:00-04:00,7721.0,7722.25,7720.75,7721.25,1725
2026-09-17T08:35:00-04:00,7721.5,7722.25,7719.75,7720.5,1781
2026-09-17T08:36:00-04:00,7720.5,7720.75,7719.0,7719.5,2308
2026-09-17T08:37:00-04:00,7719.25,7719.5,7718.0,7718.75,1829
2026-09-17T08:38:00-04:00,7718.5,7720.0,7717.5,7719.25,1484
2026-09-17T08:39:00-04:00,7719.5,7721.0,7718.25,7720.75,1466
2026-09-17T08:40:00-04:00,7720.5,7721.5,7720.0,7720.25,935
2026-09-17T08:41:00-04:00,7720.25,7720.75,7719.25,7719.25,863
2026-09-17T08:42:00-04:00,7719.5,7720.0,7718.75,7719.75,1151
2026-09-17T08:43:00-04:00,7720.0,7720.75,7719.75,7720.5,1004
2026-09-17T08:44:00-04:00,7720.5,7720.5,7717.5,7717.75,1338
2026-09-17T08:45:00-04:00,7717.75,7718.0,7716.5,7717.0,1494
2026-09-17T08:46:00-04:00,7717.0,7717.25,7715.75,7717.0,1317
2026-09-17T08:47:00-04:00,7716.75,7717.0,7715.75,7716.0,1183
2026-09-17T08:48:00-04:00,7716.0,7716.75,7715.25,7715.75,1449
2026-09-17T08:49:00-04:00,7716.0,7717.25,7715.75,7716.25,1189
2026-09-17T08:50:00-04:00,7716.5,7718.75,7716.25,7718.5,783
2026-09-17T08:51:00-04:00,7718.25,7720.0,7718.0,7718.75,869
2026-09-17T08:52:00-04:00,7718.5,7718.5,7717.25,7717.5,643
2026-09-17T08:53:00-04:00,7717.75,7717.75,7716.75,7717.0,859
2026-09-17T08:54:00-04:00,7717.0,7718.25,7716.75,7718.0,546
2026-09-17T08:55:00-04:00,7718.0,7718.0,7716.5,7716.75,618
2026-09-17T08:56:00-04:00,7716.75,7717.75,7716.25,7717.5,910
2026-09-17T08:57:00-04:00,7717.75,7719.25,7717.75,7718.75,508
2026-09-17T08:58:00-04:00,7718.5,7718.5,7717.5,7717.75,799
2026-09-17T08:59:00-04:00,7718.0,7718.0,7717.25,7717.5,581
2026-09-17T09:00:00-04:00,7717.75,7721.75,7716.5,7721.5,1766
2026-09-17T09:01:00-04:00,7721.5,7722.0,7720.0,7720.25,816
2026-09-17T09:02:00-04:00,7720.25,7721.0,7720.0,7720.5,1057
2026-09-17T09:03:00-04:00,7720.75,7721.0,7719.5,7719.75,1220
2026-09-17T09:04:00-04:00,7720.0,7720.0,7718.0,7718.5,706
2026-09-17T09:05:00-04:00,7718.75,7719.0,7717.0,7718.0,955
2026-09-17T09:06:00-04:00,7717.75,7718.25,7716.75,7717.0,764
2026-09-17T09:07:00-04:00,7717.25,7718.0,7716.5,7717.25,951
2026-09-17T09:08:00-04:00,7717.25,7719.5,7717.25,7718.25,621
2026-09-17T09:09:00-04:00,7718.25,7718.25,7716.5,7716.5,546
2026-09-17T09:10:00-04:00,7716.5,7717.5,7715.75,7715.75,1481
2026-09-17T09:11:00-04:00,7715.75,7716.25,7714.75,7716.25,765
2026-09-17T09:12:00-04:00,7716.0,7716.75,7715.5,7716.25,606
2026-09-17T09:13:00-04:00,7716.0,7717.5,7716.0,7716.5,730
2026-09-17T09:14:00-04:00,7716.5,7717.0,7716.0,7716.0,901
2026-09-17T09:15:00-04:00,7716.0,7716.5,7715.5,7716.25,839
2026-09-17T09:16:00-04:00,7716.25,7718.5,7715.75,7717.25,2215
2026-09-17T09:17:00-04:00,7717.5,7717.5,7716.25,7717.0,735
2026-09-17T09:18:00-04:00,7717.25,7717.75,7716.25,7716.75,959
2026-09-17T09:19:00-04:00,7717.0,7717.25,7715.75,7715.75,509
2026-09-17T09:20:00-04:00,7716.0,7717.0,7715.5,7716.0,572
2026-09-17T09:21:00-04:00,7716.25,7716.75,7714.75,7715.25,591
2026-09-17T09:22:00-04:00,7715.25,7716.0,7714.75,7716.0,300
2026-09-17T09:23:00-04:00,7715.75,7715.75,7714.75,7714.75,552
2026-09-17T09:24:00-04:00,7714.75,7715.0,7713.5,7713.75,1010
2026-09-17T09:25:00-04:00,7713.75,7714.5,7713.5,7714.0,1563
2026-09-17T09:26:00-04:00,7714.25,7715.75,7714.25,7715.5,663
2026-09-17T09:27:00-04:00,7715.75,7717.0,7715.25,7716.0,1670
2026-09-17T09:28:00-04:00,7715.75,7716.75,7714.75,7715.0,1122
2026-09-17T09:29:00-04:00,7715.25,7715.25,7712.5,7713.25,2170
2026-09-17T09:30:00-04:00,7713.5,7716.25,7708.25,7711.75,15230
2026-09-17T09:31:00-04:00,7711.75,7711.75,7703.25,7703.25,7652
2026-09-17T09:32:00-04:00,7703.5,7706.0,7702.25,7704.25,6329
2026-09-17T09:33:00-04:00,7704.5,7705.0,7701.25,7702.0,4124
2026-09-17T09:34:00-04:00,7701.75,7702.25,7695.5,7695.5,5908
2026-09-17T09:35:00-04:00,7695.75,7696.5,7693.5,7695.0,5954
2026-09-17T09:36:00-04:00,7695.0,7697.75,7692.5,7695.0,7012
2026-09-17T09:37:00-04:00,7694.75,7696.0,7693.0,7694.0,4511
2026-09-17T09:38:00-04:00,7693.75,7694.5,7692.0,7693.0,4069
2026-09-17T09:39:00-04:00,7692.75,7694.5,7691.75,7693.0,4903
2026-09-17T09:40:00-04:00,7693.0,7694.25,7690.25,7691.5,6789
2026-09-17T09:41:00-04:00,7691.5,7693.75,7688.5,7689.75,5479
2026-09-17T09:42:00-04:00,7689.75,7691.5,7688.25,7690.75,4542
2026-09-17T09:43:00-04:00,7691.0,7692.75,7690.0,7691.75,4897
2026-09-17T09:44:00-04:00,7691.5,7693.5,7689.75,7690.5,3830
2026-09-17T09:45:00-04:00,7690.75,7691.75,7689.0,7689.25,6310
2026-09-17T09:46:00-04:00,7689.25,7692.5,7688.25,7692.25,5594
2026-09-17T09:47:00-04:00,7692.0,7696.0,7691.0,7693.75,5558
2026-09-17T09:48:00-04:00,7693.75,7694.25,7689.25,7691.0,4459
2026-09-17T09:49:00-04:00,7691.0,7695.0,7688.75,7694.75,5143
2026-09-17T09:50:00-04:00,7695.0,7697.25,7693.75,7697.0,5916
2026-09-17T09:51:00-04:00,7697.0,7697.25,7691.5,7694.25,4993
2026-09-17T09:52:00-04:00,7694.0,7695.25,7693.25,7694.5,4127
2026-09-17T09:53:00-04:00,7694.5,7694.5,7691.5,7693.0,3073
2026-09-17T09:54:00-04:00,7692.75,7695.5,7691.25,7691.25,4493
2026-09-17T09:55:00-04:00,7691.0,7693.5,7690.5,7691.25,4836
2026-09-17T09:56:00-04:00,7691.5,7692.5,7690.25,7690.5,4014
2026-09-17T09:57:00-04:00,7690.25,7691.0,7688.5,7690.25,5386
2026-09-17T09:58:00-04:00,7690.25,7692.0,7689.75,7690.0,2481
2026-09-17T09:59:00-04:00,7690.0,7693.75,7689.75,7693.75,2463
2026-09-17T10:00:00-04:00,7693.5,7693.75,7687.25,7687.5,5116
2026-09-17T10:01:00-04:00,7687.5,7687.5,7684.5,7687.0,6168
2026-09-17T10:02:00-04:00,7687.0,7687.0,7684.5,7685.5,3604
2026-09-17T10:03:00-04:00,7685.25,7687.25,7683.75,7687.25,3491
2026-09-17T10:04:00-04:00,7687.25,7688.25,7685.5,7686.75,3406
2026-09-17T10:05:00-04:00,7687.0,7687.25,7684.0,7685.25,3382
2026-09-17T10:06:00-04:00,7685.25,7687.25,7685.0,7686.25,3481
2026-09-17T10:07:00-04:00,7686.25,7686.25,7681.75,7681.75,3540
2026-09-17T10:08:00-04:00,7681.75,7684.0,7680.5,7683.0,4181
2026-09-17T10:09:00-04:00,7683.0,7684.5,7681.25,7683.0,3346
2026-09-17T10:10:00-04:00,7683.0,7685.75,7682.5,7684.75,4028
2026-09-17T10:11:00-04:00,7684.75,7685.5,7681.75,7684.5,2640
2026-09-17T10:12:00-04:00,7684.75,7686.0,7683.75,7685.25,2804
2026-09-17T10:13:00-04:00,7685.0,7689.0,7684.5,7689.0,3982
2026-09-17T10:14:00-04:00,7689.0,7692.75,7688.75,7692.25,5474
2026-09-17T10:15:00-04:00,7692.25,7693.25,7691.0,7691.75,4873
2026-09-17T10:16:00-04:00,7691.75,7694.75,7691.75,7693.75,3834
2026-09-17T10:17:00-04:00,7693.75,7695.25,7693.0,7693.25,4202
2026-09-17T10:18:00-04:00,7693.0,7695.5,7692.5,7694.5,3275
2026-09-17T10:19:00-04:00,7694.75,7695.75,7693.25,7695.75,2758
2026-09-17T10:20:00-04:00,7695.5,7696.5,7693.25,7695.25,3484
2026-09-17T10:21:00-04:00,7695.25,7698.0,7695.0,7697.5,3395
2026-09-17T10:22:00-04:00,7697.5,7700.5,7697.5,7699.0,4152
2026-09-17T10:23:00-04:00,7698.75,7701.5,7698.75,7701.0,2947
2026-09-17T10:24:00-04:00,7700.75,7701.5,7698.5,7700.75,3575
2026-09-17T10:25:00-04:00,7700.75,7702.0,7699.75,7700.5,3406
2026-09-17T10:26:00-04:00,7700.25,7702.25,7699.75,7702.25,4519
2026-09-17T10:27:00-04:00,7702.0,7703.75,7701.0,7703.25,2910
2026-09-17T10:28:00-04:00,7703.5,7703.75,7699.25,7699.75,3331
2026-09-17T10:29:00-04:00,7699.75,7700.25,7697.0,7697.75,4038
2026-09-17T10:30:00-04:00,7697.5,7699.75,7697.0,7699.5,2874
2026-09-17T10:31:00-04:00,7699.25,7700.75,7697.0,7698.25,2757
2026-09-17T10:32:00-04:00,7698.25,7698.5,7696.25,7698.5,2323
2026-09-17T10:33:00-04:00,7698.75,7699.75,7697.25,7697.75,2515
2026-09-17T10:34:00-04:00,7697.5,7701.25,7697.25,7700.75,2143
2026-09-17T10:35:00-04:00,7700.75,7701.5,7698.25,7699.75,2481
2026-09-17T10:36:00-04:00,7699.75,7700.5,7698.25,7699.25,2255
2026-09-17T10:37:00-04:00,7699.25,7701.0,7699.0,7700.0,1789
2026-09-17T10:38:00-04:00,7700.0,7700.75,7698.75,7700.25,2135
2026-09-17T10:39:00-04:00,7700.0,7701.0,7697.25,7697.75,2636
2026-09-17T10:40:00-04:00,7697.75,7702.0,7697.25,7701.5,2856
2026-09-17T10:41:00-04:00,7701.25,7702.75,7699.25,7702.75,2984
2026-09-17T10:42:00-04:00,7702.5,7703.25,7701.5,7701.75,2779
2026-09-17T10:43:00-04:00,7701.75,7703.0,7701.0,7701.0,2999
2026-09-17T10:44:00-04:00,7701.0,7701.75,7699.25,7699.5,3092
2026-09-17T10:45:00-04:00,7699.5,7700.25,7697.75,7697.75,3701
2026-09-17T10:46:00-04:00,7697.75,7698.75,7694.25,7695.0,4105
2026-09-17T10:47:00-04:00,7695.0,7695.5,7691.75,7692.75,3437
2026-09-17T10:48:00-04:00,7692.75,7694.5,7692.5,7693.25,3005
2026-09-17T10:49:00-04:00,7693.25,7693.75,7691.25,7693.0,2866
2026-09-17T10:50:00-04:00,7693.0,7693.75,7691.0,7691.25,2797
2026-09-17T10:51:00-04:00,7691.25,7693.0,7691.25,7692.25,2980
2026-09-17T10:52:00-04:00,7692.25,7692.25,7690.25,7690.5,3336
2026-09-17T10:53:00-04:00,7690.5,7691.0,7688.25,7688.75,3494
2026-09-17T10:54:00-04:00,7688.75,7688.75,7685.5,7686.5,5132
2026-09-17T10:55:00-04:00,7686.25,7687.75,7684.75,7685.5,3913
2026-09-17T10:56:00-04:00,7685.5,7688.0,7684.5,7687.5,3337
2026-09-17T10:57:00-04:00,7687.25,7690.25,7687.25,7688.5,3669
2026-09-17T10:58:00-04:00,7688.5,7691.5,7687.5,7687.5,2955
2026-09-17T10:59:00-04:00,7687.75,7688.75,7686.5,7688.25,2459
2026-09-17T11:00:00-04:00,7688.0,7689.5,7686.5,7688.25,3998
2026-09-17T11:01:00-04:00,7688.25,7688.5,7686.5,7686.75,3124
2026-09-17T11:02:00-04:00,7686.75,7688.25,7686.25,7688.25,1848
2026-09-17T11:03:00-04:00,7688.0,7690.25,7687.5,7688.75,2281
2026-09-17T11:04:00-04:00,7688.5,7688.75,7686.0,7686.25,2138
2026-09-17T11:05:00-04:00,7686.25,7687.0,7684.25,7684.25,2673
2026-09-17T11:06:00-04:00,7684.25,7687.0,7683.75,7686.75,2464
2026-09-17T11:07:00-04:00,7686.75,7688.5,7685.0,7687.75,2687
2026-09-17T11:08:00-04:00,7688.0,7689.0,7686.75,7689.0,1796
2026-09-17T11:09:00-04:00,7689.0,7689.25,7686.75,7688.0,1890
2026-09-17T11:10:00-04:00,7688.0,7688.5,7686.75,7687.75,2212
2026-09-17T11:11:00-04:00,7688.0,7691.0,7687.5,7690.5,3015
2026-09-17T11:12:00-04:00,7690.75,7691.25,7688.75,7689.25,3095
2026-09-17T11:13:00-04:00,7689.5,7692.0,7688.75,7692.0,2760
2026-09-17T11:14:00-04:00,7691.75,7692.75,7690.5,7692.0,2548
2026-09-17T11:15:00-04:00,7691.75,7692.0,7689.75,7690.5,2645
2026-09-17T11:16:00-04:00,7690.5,7693.5,7690.0,7693.25,2278
2026-09-17T11:17:00-04:00,7693.25,7694.75,7692.0,7694.5,2108
2026-09-17T11:18:00-04:00,7694.25,7695.25,7693.25,7695.0,1710
2026-09-17T11:19:00-04:00,7695.0,7695.5,7693.5,7694.75,1736
2026-09-17T11:20:00-04:00,7695.0,7695.25,7692.25,7692.75,2063
2026-09-17T11:21:00-04:00,7693.0,7693.5,7691.75,7692.5,1521
2026-09-17T11:22:00-04:00,7692.5,7694.0,7691.0,7693.75,1773
2026-09-17T11:23:00-04:00,7693.75,7694.0,7692.0,7692.0,1364
2026-09-17T11:24:00-04:00,7692.0,7693.5,7691.0,7693.25,1770
2026-09-17T11:25:00-04:00,7693.25,7697.25,7693.0,7697.25,3058
2026-09-17T11:26:00-04:00,7697.25,7697.25,7695.25,7695.5,2067
2026-09-17T11:27:00-04:00,7695.5,7698.0,7695.25,7695.75,2918
2026-09-17T11:28:00-04:00,7695.75,7696.5,7694.5,7696.25,1653
2026-09-17T11:29:00-04:00,7696.25,7697.25,7696.0,7696.25,2298
2026-09-17T11:30:00-04:00,7696.25,7697.75,7695.5,7696.25,2206
2026-09-17T11:31:00-04:00,7696.5,7697.5,7696.25,7697.25,1718
2026-09-17T11:32:00-04:00,7697.25,7697.75,7696.25,7696.75,1299
2026-09-17T11:33:00-04:00,7696.75,7697.0,7695.75,7696.5,1478
2026-09-17T11:34:00-04:00,7696.25,7698.75,7695.25,7698.0,2485
2026-09-17T11:35:00-04:00,7698.25,7700.0,7697.5,7698.75,3008
2026-09-17T11:36:00-04:00,7698.75,7700.0,7698.25,7700.0,2131
2026-09-17T11:37:00-04:00,7699.75,7701.25,7699.25,7700.0,2009
2026-09-17T11:38:00-04:00,7700.0,7700.25,7699.5,7700.25,1346
2026-09-17T11:39:00-04:00,7700.25,7701.0,7699.75,7701.0,1307
2026-09-17T11:40:00-04:00,7700.75,7703.0,7700.75,7703.0,2296
2026-09-17T11:41:00-04:00,7703.0,7704.5,7701.5,7703.75,2455
2026-09-17T11:42:00-04:00,7703.75,7705.75,7703.5,7705.75,2133
2026-09-17T11:43:00-04:00,7705.5,7706.25,7703.75,7703.75,3357
2026-09-17T11:44:00-04:00,7703.75,7704.25,7702.75,7703.5,2346
2026-09-17T11:45:00-04:00,7703.5,7704.5,7702.75,7703.25,2329
2026-09-17T11:46:00-04:00,7703.25,7705.0,7703.0,7704.75,1751
2026-09-17T11:47:00-04:00,7704.5,7704.75,7703.5,7703.75,1316
2026-09-17T11:48:00-04:00,7703.5,7704.75,7703.25,7704.0,1553
2026-09-17T11:49:00-04:00,7704.25,7705.5,7703.25,7704.25,2532
2026-09-17T11:50:00-04:00,7704.5,7705.5,7701.75,7703.0,2702
2026-09-17T11:51:00-04:00,7703.0,7704.0,7702.5,7703.5,1382
2026-09-17T11:52:00-04:00,7703.5,7705.5,7703.0,7705.5,1955
2026-09-17T11:53:00-04:00,7705.5,7705.5,7703.25,7703.75,2594
2026-09-17T11:54:00-04:00,7703.75,7705.5,7703.75,7705.0,2146
2026-09-17T11:55:00-04:00,7704.75,7705.25,7704.0,7704.0,1424
2026-09-17T11:56:00-04:00,7704.0,7704.25,7701.75,7702.75,2641
2026-09-17T11:57:00-04:00,7702.75,7703.0,7701.5,7702.0,1565
2026-09-17T11:58:00-04:00,7702.0,7704.75,7701.75,7704.75,1451
2026-09-17T11:59:00-04:00,7704.5,7706.5,7704.0,7706.5,2089
2026-09-17T12:00:00-04:00,7706.5,7707.25,7705.0,7707.25,3438
2026-09-17T12:01:00-04:00,7707.25,7707.25,7705.25,7705.75,1864
2026-09-17T12:02:00-04:00,7705.75,7706.25,7704.75,7706.0,1953
2026-09-17T12:03:00-04:00,7706.0,7707.0,7705.5,7706.25,1350
2026-09-17T12:04:00-04:00,7706.5,7706.75,7704.25,7704.5,1224
2026-09-17T12:05:00-04:00,7704.25,7705.25,7702.75,7703.0,2415
2026-09-17T12:06:00-04:00,7703.0,7703.0,7701.5,7701.5,2903
2026-09-17T12:07:00-04:00,7701.75,7703.75,7701.5,7703.25,1926
2026-09-17T12:08:00-04:00,7703.5,7703.75,7702.25,7703.25,912
2026-09-17T12:09:00-04:00,7703.25,7706.25,7703.25,7705.75,1354
2026-09-17T12:10:00-04:00,7705.75,7706.25,7705.0,7705.0,1570
2026-09-17T12:11:00-04:00,7705.0,7705.25,7703.5,7703.5,1575
2026-09-17T12:12:00-04:00,7703.5,7704.0,7703.0,7704.0,1367
2026-09-17T12:13:00-04:00,7704.0,7704.0,7702.25,7702.75,982
2026-09-17T12:14:00-04:00,7703.0,7704.0,7702.5,7704.0,1108
2026-09-17T12:15:00-04:00,7703.75,7704.5,7702.75,7704.0,1127
2026-09-17T12:16:00-04:00,7704.25,7704.5,7703.5,7704.25,888
2026-09-17T12:17:00-04:00,7704.0,7704.75,7704.0,7704.5,677
2026-09-17T12:18:00-04:00,7704.5,7705.0,7703.75,7705.0,1050
2026-09-17T12:19:00-04:00,7704.75,7705.0,7703.0,7704.0,1500
2026-09-17T12:20:00-04:00,7703.75,7704.5,7703.25,7703.5,1206
2026-09-17T12:21:00-04:00,7703.75,7705.0,7703.75,7704.75,920
2026-09-17T12:22:00-04:00,7705.0,7706.0,7704.5,7705.0,2302
2026-09-17T12:23:00-04:00,7705.25,7706.0,7704.5,7705.75,1341
2026-09-17T12:24:00-04:00,7705.75,7706.75,7705.75,7706.0,1715
2026-09-17T12:25:00-04:00,7706.0,7707.0,7705.75,7706.0,1163
2026-09-17T12:26:00-04:00,7706.25,7707.25,7705.5,7706.75,1472
2026-09-17T12:27:00-04:00,7706.75,7707.25,7706.25,7707.0,1050
2026-09-17T12:28:00-04:00,7707.25,7707.5,7706.0,7706.0,1448
2026-09-17T12:29:00-04:00,7706.25,7706.5,7705.0,7706.25,1899
2026-09-17T12:30:00-04:00,7706.25,7707.75,7706.0,7707.25,1857
2026-09-17T12:31:00-04:00,7707.0,7707.0,7704.5,7704.5,2009
2026-09-17T12:32:00-04:00,7704.25,7705.0,7702.0,7702.25,2523
2026-09-17T12:33:00-04:00,7702.25,7702.5,7700.5,7701.0,2703
2026-09-17T12:34:00-04:00,7700.75,7702.0,7700.75,7702.0,1925
2026-09-17T12:35:00-04:00,7702.0,7702.5,7701.5,7702.25,1952
2026-09-17T12:36:00-04:00,7702.0,7703.25,7701.0,7703.25,1635
2026-09-17T12:37:00-04:00,7703.25,7704.0,7702.25,7704.0,1319
2026-09-17T12:38:00-04:00,7703.75,7704.25,7702.75,7704.25,1587
2026-09-17T12:39:00-04:00,7704.0,7704.0,7702.25,7703.0,1172
2026-09-17T12:40:00-04:00,7703.0,7704.5,7702.0,7704.5,1731
2026-09-17T12:41:00-04:00,7704.25,7705.0,7704.0,7704.5,1588
2026-09-17T12:42:00-04:00,7704.5,7706.0,7704.5,7706.0,2014
2026-09-17T12:43:00-04:00,7706.0,7707.0,7705.25,7707.0,1660
2026-09-17T12:44:00-04:00,7707.0,7707.75,7706.5,7707.5,1412
2026-09-17T12:45:00-04:00,7707.5,7707.75,7706.25,7706.5,1280
2026-09-17T12:46:00-04:00,7706.25,7706.75,7705.75,7706.25,1475
2026-09-17T12:47:00-04:00,7706.5,7708.0,7706.5,7707.0,2038
2026-09-17T12:48:00-04:00,7707.0,7707.5,7705.5,7705.75,1312
2026-09-17T12:49:00-04:00,7705.75,7706.25,7705.25,7705.75,1062
2026-09-17T12:50:00-04:00,7706.0,7706.25,7705.25,7705.25,1083
2026-09-17T12:51:00-04:00,7705.5,7706.75,7705.25,7705.5,1346
2026-09-17T12:52:00-04:00,7705.5,7706.5,7705.5,7706.5,760
2026-09-17T12:53:00-04:00,7706.25,7706.75,7705.75,7706.25,829
2026-09-17T12:54:00-04:00,7706.25,7706.5,7704.75,7705.0,1217
2026-09-17T12:55:00-04:00,7705.0,7705.5,7699.25,7700.0,13021
2026-09-17T12:56:00-04:00,7700.0,7701.25,7699.25,7700.75,4881
2026-09-17T12:57:00-04:00,7700.75,7700.75,7697.0,7700.5,4459
2026-09-17T12:58:00-04:00,7700.75,7703.5,7700.25,7702.75,3253
2026-09-17T12:59:00-04:00,7703.0,7706.0,7702.75,7706.0,2523
2026-09-17T13:00:00-04:00,7706.0,7708.0,7705.0,7707.0,3341
2026-09-17T13:01:00-04:00,7707.25,7708.75,7707.0,7708.75,1807
2026-09-17T13:02:00-04:00,7708.75,7708.75,7705.75,7706.0,2635
2026-09-17T13:03:00-04:00,7705.75,7706.0,7704.25,7705.25,2498
2026-09-17T13:04:00-04:00,7705.5,7707.75,7705.0,7707.75,1410
2026-09-17T13:05:00-04:00,7707.75,7708.0,7706.75,7707.75,1139
2026-09-17T13:06:00-04:00,7707.75,7709.25,7707.0,7708.25,1787
2026-09-17T13:07:00-04:00,7708.25,7709.0,7707.75,7709.0,947
2026-09-17T13:08:00-04:00,7709.0,7709.0,7706.0,7706.0,1227
2026-09-17T13:09:00-04:00,7706.25,7706.25,7704.25,7705.25,1476
2026-09-17T13:10:00-04:00,7705.0,7705.5,7703.5,7704.25,1833
2026-09-17T13:11:00-04:00,7704.25,7705.0,7703.75,7704.0,1517
2026-09-17T13:12:00-04:00,7703.75,7704.5,7702.75,7703.0,1020
2026-09-17T13:13:00-04:00,7703.0,7705.25,7703.0,7704.5,1252
2026-09-17T13:14:00-04:00,7704.5,7705.5,7703.5,7703.5,1343
2026-09-17T13:15:00-04:00,7703.75,7704.5,7703.0,7704.0,1244
2026-09-17T13:16:00-04:00,7704.0,7704.25,7703.0,7704.25,1099
2026-09-17T13:17:00-04:00,7704.0,7704.5,7703.25,7703.75,1213
2026-09-17T13:18:00-04:00,7703.5,7703.75,7702.25,7702.75,1328
2026-09-17T13:19:00-04:00,7702.5,7704.0,7702.5,7703.25,957
2026-09-17T13:20:00-04:00,7703.0,7703.75,7701.75,7702.25,1714
2026-09-17T13:21:00-04:00,7702.0,7702.0,7700.5,7701.0,1671
2026-09-17T13:22:00-04:00,7701.0,7702.75,7701.0,7701.75,1565
2026-09-17T13:23:00-04:00,7701.75,7703.0,7701.5,7702.0,1389
2026-09-17T13:24:00-04:00,7702.0,7703.5,7699.75,7700.25,1497
2026-09-17T13:25:00-04:00,7700.5,7701.75,7700.25,7701.75,1591
2026-09-17T13:26:00-04:00,7701.5,7701.5,7699.5,7700.5,1355
2026-09-17T13:27:00-04:00,7700.25,7702.5,7700.25,7702.25,1256
2026-09-17T13:28:00-04:00,7702.0,7702.25,7701.0,7701.25,904
2026-09-17T13:29:00-04:00,7701.5,7702.0,7700.5,7702.0,1027
2026-09-17T13:30:00-04:00,7702.0,7702.75,7700.5,7701.0,1649
2026-09-17T13:31:00-04:00,7700.75,7701.75,7700.25,7701.0,1037
2026-09-17T13:32:00-04:00,7701.25,7703.0,7701.0,7703.0,1209
2026-09-17T13:33:00-04:00,7702.75,7703.5,7702.5,7703.0,949
2026-09-17T13:34:00-04:00,7703.0,7704.75,7703.0,7704.75,1290
2026-09-17T13:35:00-04:00,7704.75,7705.25,7704.25,7704.5,1393
2026-09-17T13:36:00-04:00,7704.5,7704.5,7703.0,7703.75,834
2026-09-17T13:37:00-04:00,7703.75,7705.0,7703.0,7703.0,1289
2026-09-17T13:38:00-04:00,7703.25,7704.5,7703.25,7703.75,949
2026-09-17T13:39:00-04:00,7704.0,7704.5,7703.0,7703.75,1504
2026-09-17T13:40:00-04:00,7703.75,7705.5,7703.75,7704.5,1664
2026-09-17T13:41:00-04:00,7704.75,7706.5,7704.75,7705.75,1540
2026-09-17T13:42:00-04:00,7705.75,7706.25,7704.5,7705.25,1396
2026-09-17T13:43:00-04:00,7705.5,7705.5,7704.75,7705.25,746
2026-09-17T13:44:00-04:00,7705.0,7706.0,7705.0,7706.0,1113
2026-09-17T13:45:00-04:00,7705.75,7706.25,7705.25,7706.25,930
2026-09-17T13:46:00-04:00,7706.25,7707.5,7706.0,7707.25,1413
2026-09-17T13:47:00-04:00,7707.25,7708.0,7706.25,7706.5,1373
2026-09-17T13:48:00-04:00,7706.25,7706.5,7705.75,7706.5,1243
2026-09-17T13:49:00-04:00,7706.25,7706.5,7705.75,7706.0,1514
2026-09-17T13:50:00-04:00,7706.0,7706.0,7704.5,7704.5,1848
2026-09-17T13:51:00-04:00,7704.5,7705.75,7704.5,7705.75,1336
2026-09-17T13:52:00-04:00,7705.75,7705.75,7704.5,7704.5,846
2026-09-17T13:53:00-04:00,7704.5,7705.25,7704.25,7705.0,1810
2026-09-17T13:54:00-04:00,7705.25,7705.25,7704.75,7705.0,952
2026-09-17T13:55:00-04:00,7705.0,7706.0,7705.0,7705.75,1883
2026-09-17T13:56:00-04:00,7706.0,7706.25,7705.25,7706.0,759
2026-09-17T13:57:00-04:00,7706.0,7707.75,7706.0,7706.75,1897
2026-09-17T13:58:00-04:00,7707.0,7707.75,7706.75,7707.0,1090
2026-09-17T13:59:00-04:00,7707.0,7707.75,7706.25,7707.75,1320
2026-09-17T14:00:00-04:00,7707.75,7708.0,7706.75,7707.0,1493
2026-09-17T14:01:00-04:00,7707.0,7708.0,7706.5,7707.75,1327
2026-09-17T14:02:00-04:00,7707.75,7708.5,7707.25,7707.5,1153
2026-09-17T14:03:00-04:00,7707.5,7709.25,7707.0,7709.0,1137
2026-09-17T14:04:00-04:00,7709.25,7709.75,7708.5,7709.25,2210
2026-09-17T14:05:00-04:00,7709.0,7710.0,7708.5,7709.25,1767
2026-09-17T14:06:00-04:00,7709.5,7709.5,7707.25,7707.5,1646
2026-09-17T14:07:00-04:00,7707.75,7708.0,7706.5,7706.75,2028
2026-09-17T14:08:00-04:00,7706.5,7707.0,7705.75,7706.5,1396
2026-09-17T14:09:00-04:00,7706.5,7706.75,7705.75,7706.75,1545
2026-09-17T14:10:00-04:00,7706.5,7707.25,7705.75,7707.25,2178
2026-09-17T14:11:00-04:00,7707.5,7708.25,7706.5,7706.75,2229
2026-09-17T14:12:00-04:00,7706.5,7708.25,7706.5,7708.0,881
2026-09-17T14:13:00-04:00,7707.75,7708.5,7707.5,7708.25,1860
2026-09-17T14:14:00-04:00,7708.0,7709.25,7708.0,7708.75,1483
2026-09-17T14:15:00-04:00,7709.0,7710.75,7709.0,7710.75,1903
2026-09-17T14:16:00-04:00,7710.5,7711.25,7709.5,7709.5,2614
2026-09-17T14:17:00-04:00,7709.5,7710.0,7708.75,7708.75,1751
2026-09-17T14:18:00-04:00,7708.75,7709.25,7707.75,7708.5,1451
2026-09-17T14:19:00-04:00,7708.5,7710.25,7708.5,7710.25,1234
2026-09-17T14:20:00-04:00,7710.25,7710.75,7710.0,7710.25,1348
2026-09-17T14:21:00-04:00,7710.5,7710.5,7709.0,7709.0,1326
2026-09-17T14:22:00-04:00,7709.0,7709.0,7708.25,7708.5,1824
2026-09-17T14:23:00-04:00,7708.75,7708.75,7708.0,7708.5,818
2026-09-17T14:24:00-04:00,7708.75,7708.75,7707.0,7707.25,2880
2026-09-17T14:25:00-04:00,7707.25,7708.5,7706.75,7707.75,1953
2026-09-17T14:26:00-04:00,7708.0,7708.75,7707.75,7708.5,1276
2026-09-17T14:27:00-04:00,7708.75,7709.25,7708.5,7709.25,1701
2026-09-17T14:28:00-04:00,7709.25,7709.5,7708.25,7709.25,839
2026-09-17T14:29:00-04:00,7709.5,7709.75,7708.5,7708.5,2250
2026-09-17T14:30:00-04:00,7708.75,7710.25,7708.5,7709.25,2865
2026-09-17T14:31:00-04:00,7709.0,7709.75,7707.75,7707.75,1199
2026-09-17T14:32:00-04:00,7708.0,7709.25,7707.75,7708.0,1124
2026-09-17T14:33:00-04:00,7708.0,7708.5,7707.5,7707.75,1532
2026-09-17T14:34:00-04:00,7707.75,7707.75,7706.25,7706.5,1327
2026-09-17T14:35:00-04:00,7706.5,7706.75,7705.75,7706.0,1295
2026-09-17T14:36:00-04:00,7705.75,7706.25,7703.75,7704.0,2587
2026-09-17T14:37:00-04:00,7704.25,7705.0,7703.75,7704.75,1486
2026-09-17T14:38:00-04:00,7704.5,7704.5,7703.5,7703.5,1710
2026-09-17T14:39:00-04:00,7703.5,7704.25,7703.25,7703.5,1738
2026-09-17T14:40:00-04:00,7703.5,7704.5,7702.75,7704.5,1803
2026-09-17T14:41:00-04:00,7704.25,7705.25,7704.0,7704.75,1482
2026-09-17T14:42:00-04:00,7704.5,7704.75,7703.25,7704.25,1319
2026-09-17T14:43:00-04:00,7704.25,7704.75,7704.0,7704.5,1447
2026-09-17T14:44:00-04:00,7704.25,7705.25,7704.0,7704.75,1877
2026-09-17T14:45:00-04:00,7705.0,7706.0,7704.25,7705.5,2148
2026-09-17T14:46:00-04:00,7705.5,7705.75,7705.0,7705.5,1204
2026-09-17T14:47:00-04:00,7705.5,7706.0,7705.0,7705.75,1125
2026-09-17T14:48:00-04:00,7705.75,7707.25,7705.5,7707.25,1252
2026-09-17T14:49:00-04:00,7707.0,7708.0,7706.0,7706.25,1428
2026-09-17T14:50:00-04:00,7706.25,7706.5,7705.5,7706.0,1047
2026-09-17T14:51:00-04:00,7706.0,7706.5,7705.25,7705.5,1351
2026-09-17T14:52:00-04:00,7705.5,7706.0,7703.5,7703.75,1511
2026-09-17T14:53:00-04:00,7703.5,7704.25,7703.25,7704.0,1521
2026-09-17T14:54:00-04:00,7704.0,7704.5,7703.5,7704.25,1582
2026-09-17T14:55:00-04:00,7704.5,7704.75,7704.0,7704.25,1349
2026-09-17T14:56:00-04:00,7704.0,7704.5,7703.75,7704.25,1158
2026-09-17T14:57:00-04:00,7704.25,7705.75,7704.0,7705.5,2124
2026-09-17T14:58:00-04:00,7705.5,7705.75,7704.75,7705.25,1395
2026-09-17T14:59:00-04:00,7705.5,7706.0,7705.0,7705.75,928
2026-09-17T15:00:00-04:00,7705.75,7708.25,7705.5,7708.0,2694
2026-09-17T15:01:00-04:00,7708.0,7708.75,7707.5,7708.75,1672
2026-09-17T15:02:00-04:00,7708.5,7709.25,7707.75,7709.0,1511
2026-09-17T15:03:00-04:00,7709.25,7709.5,7708.75,7709.25,1977
2026-09-17T15:04:00-04:00,7709.25,7710.0,7709.0,7709.75,2435
2026-09-17T15:05:00-04:00,7709.75,7711.5,7709.75,7711.25,2666
2026-09-17T15:06:00-04:00,7711.25,7711.75,7710.75,7711.75,1958
2026-09-17T15:07:00-04:00,7711.5,7711.75,7709.5,7710.25,1865
2026-09-17T15:08:00-04:00,7710.5,7710.75,7709.75,7710.25,1223
2026-09-17T15:09:00-04:00,7710.0,7710.25,7708.5,7709.25,1839
2026-09-17T15:10:00-04:00,7709.25,7709.75,7708.75,7709.5,1501
2026-09-17T15:11:00-04:00,7709.25,7709.75,7708.5,7708.75,1126
2026-09-17T15:12:00-04:00,7708.75,7709.75,7708.0,7709.5,1467
2026-09-17T15:13:00-04:00,7709.5,7710.0,7708.75,7709.75,1520
2026-09-17T15:14:00-04:00,7710.0,7710.25,7708.5,7709.0,1546
2026-09-17T15:15:00-04:00,7709.0,7709.5,7708.5,7709.25,1017
2026-09-17T15:16:00-04:00,7709.25,7709.5,7708.0,7708.5,1716
2026-09-17T15:17:00-04:00,7708.25,7708.75,7708.25,7708.5,856
2026-09-17T15:18:00-04:00,7708.5,7710.5,7708.5,7710.0,1043
2026-09-17T15:19:00-04:00,7710.0,7710.25,7709.5,7710.25,1092
2026-09-17T15:20:00-04:00,7710.25,7710.25,7709.5,7709.75,1343
2026-09-17T15:21:00-04:00,7709.75,7710.0,7708.25,7708.75,1261
2026-09-17T15:22:00-04:00,7708.75,7708.75,7708.0,7708.25,1099
2026-09-17T15:23:00-04:00,7708.25,7708.75,7707.75,7708.0,1180
2026-09-17T15:24:00-04:00,7708.25,7708.25,7707.0,7707.25,1030
2026-09-17T15:25:00-04:00,7707.25,7708.75,7707.25,7708.75,1224
2026-09-17T15:26:00-04:00,7708.75,7709.0,7706.75,7706.75,1175
2026-09-17T15:27:00-04:00,7706.75,7707.25,7706.25,7706.75,1291
2026-09-17T15:28:00-04:00,7707.0,7707.5,7706.5,7707.25,1368
2026-09-17T15:29:00-04:00,7707.25,7707.5,7706.25,7706.75,1590
2026-09-17T15:30:00-04:00,7706.75,7709.25,7706.75,7709.25,1973
2026-09-17T15:31:00-04:00,7709.25,7710.25,7709.0,7709.75,2360
2026-09-17T15:32:00-04:00,7710.0,7710.0,7708.75,7709.0,1614
2026-09-17T15:33:00-04:00,7709.0,7709.25,7708.25,7709.0,1459
2026-09-17T15:34:00-04:00,7709.0,7709.25,7708.5,7709.0,1198
2026-09-17T15:35:00-04:00,7709.25,7710.25,7709.0,7709.75,1781
2026-09-17T15:36:00-04:00,7710.0,7711.0,7710.0,7710.0,1544
2026-09-17T15:37:00-04:00,7710.25,7711.25,7710.25,7710.75,1713
2026-09-17T15:38:00-04:00,7711.0,7711.5,7710.5,7710.75,2750
2026-09-17T15:39:00-04:00,7711.0,7711.0,7710.0,7710.5,1372
2026-09-17T15:40:00-04:00,7710.75,7710.75,7709.25,7709.5,3999
2026-09-17T15:41:00-04:00,7709.25,7710.0,7709.0,7709.25,2108
2026-09-17T15:42:00-04:00,7709.0,7709.5,7708.0,7709.0,1675
2026-09-17T15:43:00-04:00,7709.0,7711.0,7709.0,7710.75,2889
2026-09-17T15:44:00-04:00,7710.5,7712.0,7710.5,7711.75,2300
2026-09-17T15:45:00-04:00,7711.5,7711.75,7709.75,7710.25,3498
2026-09-17T15:46:00-04:00,7710.5,7710.75,7708.25,7708.5,2088
2026-09-17T15:47:00-04:00,7708.5,7709.5,7708.25,7709.25,2194
2026-09-17T15:48:00-04:00,7709.25,7709.75,7709.0,7709.25,1562
2026-09-17T15:49:00-04:00,7709.25,7710.0,7707.75,7708.25,2603
2026-09-17T15:50:00-04:00,7708.5,7711.75,7707.75,7711.25,7634
2026-09-17T15:51:00-04:00,7711.25,7713.75,7711.0,7713.5,4043
2026-09-17T15:52:00-04:00,7713.75,7713.75,7711.5,7712.75,3820
2026-09-17T15:53:00-04:00,7712.75,7715.5,7712.0,7714.5,4691
2026-09-17T15:54:00-04:00,7714.5,7715.5,7710.75,7711.25,7555
2026-09-17T15:55:00-04:00,7711.25,7712.5,7709.75,7710.75,6395
2026-09-17T15:56:00-04:00,7710.75,7712.25,7710.5,7712.0,3216
2026-09-17T15:57:00-04:00,7712.25,7712.75,7710.5,7710.75,4526
2026-09-17T15:58:00-04:00,7710.75,7711.25,7709.0,7709.25,8588
2026-09-17T15:59:00-04:00,7709.5,7710.0,7705.0,7707.25,55983
2026-09-17T16:00:00-04:00,7707.25,7708.0,7704.75,7705.25,11951
2026-09-17T16:01:00-04:00,7705.5,7706.25,7705.0,7706.0,2855
2026-09-17T16:02:00-04:00,7706.0,7706.5,7705.25,7706.25,1654
2026-09-17T16:03:00-04:00,7706.25,7706.25,7705.0,7705.5,1778
2026-09-17T16:04:00-04:00,7705.5,7706.0,7705.0,7705.0,1149
2026-09-17T16:05:00-04:00,7705.0,7707.75,7705.0,7707.5,2498
2026-09-17T16:06:00-04:00,7707.75,7707.75,7706.5,7707.5,1012
2026-09-17T16:07:00-04:00,7707.5,7708.25,7707.25,7708.0,560
2026-09-17T16:08:00-04:00,7708.0,7708.5,7707.75,7707.75,757
2026-09-17T16:09:00-04:00,7708.0,7708.25,7707.5,7708.0,754
2026-09-17T16:10:00-04:00,7707.75,7708.0,7706.75,7707.25,696
2026-09-17T16:11:00-04:00,7707.25,7707.75,7707.0,7707.25,708
2026-09-17T16:12:00-04:00,7707.25,7707.25,7705.5,7705.5,929
2026-09-17T16:13:00-04:00,7705.75,7706.0,7704.75,7704.75,938
2026-09-17T16:14:00-04:00,7705.0,7705.25,7704.0,7704.5,2186
2026-09-17T16:15:00-04:00,7704.25,7705.25,7704.0,7704.5,768
2026-09-17T16:16:00-04:00,7704.5,7704.75,7702.0,7702.25,1849
2026-09-17T16:17:00-04:00,7702.25,7703.25,7702.0,7703.0,489
2026-09-17T16:18:00-04:00,7703.0,7703.5,7703.0,7703.25,344
2026-09-17T16:19:00-04:00,7703.0,7703.5,7702.25,7702.25,310
2026-09-17T16:20:00-04:00,7702.0,7702.75,7702.0,7702.25,293
2026-09-17T16:21:00-04:00,7702.25,7703.0,7702.0,7702.25,366
2026-09-17T16:22:00-04:00,7702.5,7703.0,7702.25,7702.5,369
2026-09-17T16:23:00-04:00,7702.75,7702.75,7702.25,7702.25,196
2026-09-17T16:24:00-04:00,7702.25,7702.75,7702.0,7702.25,396
2026-09-17T16:25:00-04:00,7702.25,7702.5,7702.0,7702.5,211
2026-09-17T16:26:00-04:00,7702.75,7703.0,7702.5,7702.75,149
2026-09-17T16:27:00-04:00,7702.75,7702.75,7702.25,7702.5,242
2026-09-17T16:28:00-04:00,7702.5,7702.5,7701.75,7702.25,297
2026-09-17T16:29:00-04:00,7702.25,7702.5,7702.0,7702.0,210
2026-09-17T16:30:00-04:00,7701.75,7702.25,7701.5,7701.5,261
2026-09-17T16:31:00-04:00,7701.5,7702.0,7701.5,7701.75,225
2026-09-17T16:32:00-04:00,7702.0,7702.0,7701.5,7701.75,217
2026-09-17T16:33:00-04:00,7701.5,7702.25,7701.5,7702.25,139
2026-09-17T16:34:00-04:00,7702.25,7702.5,7701.5,7701.75,257
2026-09-17T16:35:00-04:00,7701.75,7702.75,7701.75,7702.5,263
2026-09-17T16:36:00-04:00,7702.5,7703.0,7702.5,7702.5,97
2026-09-17T16:37:00-04:00,7702.75,7702.75,7702.25,7702.75,233
2026-09-17T16:38:00-04:00,7702.5,7703.0,7702.5,7702.75,285
2026-09-17T16:39:00-04:00,7702.5,7703.0,7702.5,7702.5,161
2026-09-17T16:40:00-04:00,7702.5,7702.75,7702.5,7702.5,240
2026-09-17T16:41:00-04:00,7702.75,7703.0,7702.75,7703.0,280
2026-09-17T16:42:00-04:00,7702.75,7703.0,7702.0,7702.0,207
2026-09-17T16:43:00-04:00,7702.0,7702.0,7701.5,7701.75,379
2026-09-17T16:44:00-04:00,7701.5,7702.0,7701.5,7701.75,374
2026-09-17T16:45:00-04:00,7701.5,7701.75,7701.0,7701.25,504
2026-09-17T16:46:00-04:00,7701.25,7701.75,7701.25,7701.75,255
2026-09-17T16:47:00-04:00,7701.5,7701.75,7701.25,7701.25,229
2026-09-17T16:48:00-04:00,7701.5,7702.0,7701.25,7702.0,174
2026-09-17T16:49:00-04:00,7702.0,7702.0,7701.25,7701.5,399
2026-09-17T16:50:00-04:00,7701.5,7701.5,7701.0,7701.0,386
2026-09-17T16:51:00-04:00,7701.0,7702.25,7701.0,7702.25,204
2026-09-17T16:52:00-04:00,7702.25,7702.5,7702.0,7702.5,250
2026-09-17T16:53:00-04:00,7702.5,7702.75,7702.25,7702.5,203
2026-09-17T16:54:00-04:00,7702.5,7703.0,7702.5,7702.75,158
2026-09-17T16:55:00-04:00,7702.5,7703.25,7702.5,7703.25,166
2026-09-17T16:56:00-04:00,7703.0,7703.25,7702.75,7703.0,204
2026-09-17T16:57:00-04:00,7703.0,7704.0,7703.0,7703.0,449
2026-09-17T16:58:00-04:00,7702.75,7703.25,7702.75,7703.0,214
2026-09-17T16:59:00-04:00,7703.0,7703.0,7701.75,7702.25,338
2026-09-17T18:00:00-04:00,7703.5,7704.25,7702.5,7703.25,0
2026-09-17T18:01:00-04:00,7703.5,7704.0,7702.5,7703.5,286
2026-09-17T18:02:00-04:00,7703.0,7703.0,7701.25,7701.5,128
2026-09-17T18:03:00-04:00,7701.25,7701.5,7701.25,7701.5,72
2026-09-17T18:04:00-04:00,7701.75,7701.75,7701.0,7701.25,70
2026-09-17T18:05:00-04:00,7701.5,7702.0,7700.75,7701.5,122
2026-09-17T18:06:00-04:00,7701.5,7701.5,7700.75,7701.0,133
2026-09-17T18:07:00-04:00,7701.0,7701.0,7700.0,7700.5,202
2026-09-17T18:08:00-04:00,7700.25,7700.5,7699.5,7700.0,218
2026-09-17T18:09:00-04:00,7700.0,7700.25,7699.5,7700.0,54
2026-09-17T18:10:00-04:00,7700.25,7700.5,7700.25,7700.25,72
2026-09-17T18:11:00-04:00,7700.5,7700.75,7700.5,7700.75,66
2026-09-17T18:12:00-04:00,7700.75,7701.25,7700.75,7700.75,76
2026-09-17T18:13:00-04:00,7700.5,7701.0,7700.5,7700.75,40
2026-09-17T18:14:00-04:00,7701.0,7701.5,7701.0,7701.5,68
2026-09-17T18:15:00-04:00,7701.25,7701.5,7701.0,7701.0,36
2026-09-17T18:16:00-04:00,7701.25,7701.25,7700.75,7700.75,74
2026-09-17T18:17:00-04:00,7700.5,7700.5,7699.75,7700.0,83
2026-09-17T18:18:00-04:00,7700.25,7700.5,7700.25,7700.25,27
2026-09-17T18:19:00-04:00,7700.5,7700.5,7700.0,7700.5,36
2026-09-17T18:20:00-04:00,7700.75,7701.0,7699.5,7700.0,73
2026-09-17T18:21:00-04:00,7699.75,7700.0,7699.25,7700.0,68
2026-09-17T18:22:00-04:00,7700.0,7700.0,7699.25,7699.5,43
2026-09-17T18:23:00-04:00,7699.25,7699.5,7698.5,7699.25,195
2026-09-17T18:24:00-04:00,7699.0,7699.5,7699.0,7699.0,41
2026-09-17T18:25:00-04:00,7699.5,7700.0,7699.0,7699.0,105
2026-09-17T18:26:00-04:00,7699.5,7699.5,7698.5,7698.75,112
2026-09-17T18:27:00-04:00,7698.75,7699.0,7698.25,7698.75,72
2026-09-17T18:28:00-04:00,7698.75,7698.75,7698.0,7698.25,84
2026-09-17T18:29:00-04:00,7698.25,7698.25,7697.75,7698.0,127
2026-09-17T18:30:00-04:00,7697.75,7698.0,7697.5,7697.75,92
2026-09-17T18:31:00-04:00,7697.75,7698.25,7697.75,7698.25,80
2026-09-17T18:32:00-04:00,7698.25,7698.5,7698.0,7698.0,97
2026-09-17T18:33:00-04:00,7698.0,7698.0,7697.5,7697.5,77
2026-09-17T18:34:00-04:00,7697.5,7698.0,7697.5,7697.75,26
2026-09-17T18:35:00-04:00,7698.0,7698.0,7697.75,7698.0,61
2026-09-17T18:36:00-04:00,7698.0,7699.25,7698.0,7698.5,126
2026-09-17T18:37:00-04:00,7698.5,7699.0,7697.75,7698.75,321
2026-09-17T18:38:00-04:00,7698.75,7698.75,7698.0,7698.25,123
2026-09-17T18:39:00-04:00,7698.25,7698.5,7698.0,7698.25,94
2026-09-17T18:40:00-04:00,7698.25,7698.25,7697.25,7697.5,108
2026-09-17T18:41:00-04:00,7697.5,7697.75,7697.25,7697.75,126
2026-09-17T18:42:00-04:00,7697.5,7697.5,7697.0,7697.25,89
2026-09-17T18:43:00-04:00,7697.25,7697.5,7697.25,7697.5,89
2026-09-17T18:44:00-04:00,7697.5,7698.25,7697.0,7698.0,69
2026-09-17T18:45:00-04:00,7698.0,7698.25,7698.0,7698.0,44
2026-09-17T18:46:00-04:00,7698.25,7698.25,7697.25,7698.0,100
2026-09-17T18:47:00-04:00,7698.0,7698.25,7698.0,7698.0,33
2026-09-17T18:48:00-04:00,7698.0,7698.25,7698.0,7698.0,35
2026-09-17T18:49:00-04:00,7698.0,7698.0,7697.75,7698.0,24
2026-09-17T18:50:00-04:00,7698.0,7698.25,7697.75,7697.75,77
2026-09-17T18:51:00-04:00,7697.75,7697.75,7697.25,7697.75,55
2026-09-17T18:52:00-04:00,7697.75,7698.0,7697.75,7697.75,74
2026-09-17T18:53:00-04:00,7697.75,7697.75,7697.25,7697.75,28
2026-09-17T18:54:00-04:00,7697.5,7697.75,7697.0,7697.0,47
2026-09-17T18:55:00-04:00,7697.25,7698.0,7697.0,7698.0,76
2026-09-17T18:56:00-04:00,7698.0,7698.0,7697.75,7698.0,15
2026-09-17T18:57:00-04:00,7698.25,7698.5,7698.0,7698.25,56
2026-09-17T18:58:00-04:00,7698.25,7698.75,7698.25,7698.75,91
2026-09-17T18:59:00-04:00,7698.75,7699.25,7698.75,7699.0,49
2026-09-17T19:00:00-04:00,7699.25,7699.75,7699.25,7699.75,126
2026-09-17T19:01:00-04:00,7700.0,7700.25,7699.75,7700.0,93
2026-09-17T19:02:00-04:00,7700.0,7700.0,7699.75,7699.75,58
2026-09-17T19:03:00-04:00,7699.75,7700.25,7699.75,7700.25,77
2026-09-17T19:04:00-04:00,7700.25,7700.75,7700.25,7700.5,106
2026-09-17T19:05:00-04:00,7700.5,7701.5,7700.5,7701.5,184
2026-09-17T19:06:00-04:00,7701.5,7701.5,7701.0,7701.5,85
2026-09-17T19:07:00-04:00,7701.5,7701.5,7701.25,7701.25,18
2026-09-17T19:08:00-04:00,7701.5,7701.75,7701.5,7701.75,52
2026-09-17T19:09:00-04:00,7701.75,7701.75,7701.5,7701.75,61
2026-09-17T19:10:00-04:00,7701.75,7702.0,7701.75,7702.0,53
2026-09-17T19:11:00-04:00,7702.0,7702.0,7700.75,7700.75,67
2026-09-17T19:12:00-04:00,7700.75,7701.0,7700.0,7701.0,165
2026-09-17T19:13:00-04:00,7700.75,7701.0,7699.5,7700.0,111
2026-09-17T19:14:00-04:00,7699.75,7700.25,7699.75,7700.0,58
2026-09-17T19:15:00-04:00,7700.0,7700.25,7699.75,7699.75,36
2026-09-17T19:16:00-04:00,7700.0,7700.0,7699.0,7699.5,44
2026-09-17T19:17:00-04:00,7699.75,7700.0,7699.75,7700.0,35
2026-09-17T19:18:00-04:00,7699.75,7700.25,7699.75,7700.25,59
2026-09-17T19:19:00-04:00,7700.25,7700.25,7700.25,7700.25,12
2026-09-17T19:20:00-04:00,7700.0,7700.5,7700.0,7700.25,18
2026-09-17T19:21:00-04:00,7700.5,7700.75,7700.0,7700.25,47
2026-09-17T19:22:00-04:00,7700.0,7700.75,7700.0,7700.75,26
2026-09-17T19:23:00-04:00,7700.75,7701.5,7700.75,7701.0,71
2026-09-17T19:24:00-04:00,7701.0,7701.0,7700.75,7700.75,22
2026-09-17T19:25:00-04:00,7700.75,7701.0,7700.25,7700.25,22
2026-09-17T19:26:00-04:00,7700.5,7700.5,7699.75,7699.75,54
2026-09-17T19:27:00-04:00,7699.75,7700.25,7699.25,7700.25,79
2026-09-17T19:28:00-04:00,7700.25,7700.25,7700.0,7700.0,14
2026-09-17T19:29:00-04:00,7700.0,7700.25,7700.0,7700.0,9
2026-09-17T19:30:00-04:00,7700.0,7700.5,7699.5,7700.5,124
2026-09-17T19:31:00-04:00,7700.25,7700.5,7699.75,7699.75,67
2026-09-17T19:32:00-04:00,7700.0,7700.25,7700.0,7700.25,27
2026-09-17T19:33:00-04:00,7700.25,7701.0,7700.0,7701.0,73
2026-09-17T19:34:00-04:00,7701.0,7701.0,7700.5,7700.75,24
2026-09-17T19:35:00-04:00,7700.75,7700.75,7700.75,7700.75,11
2026-09-17T19:36:00-04:00,7700.75,7700.75,7700.5,7700.75,4
2026-09-17T19:37:00-04:00,7700.75,7701.5,7700.75,7701.25,40
2026-09-17T19:38:00-04:00,7701.0,7701.5,7700.5,7701.0,86
2026-09-17T19:39:00-04:00,7701.0,7701.25,7701.0,7701.0,18
2026-09-17T19:40:00-04:00,7701.0,7701.5,7701.0,7701.25,54
2026-09-17T19:41:00-04:00,7701.5,7702.0,7701.5,7701.75,71
2026-09-17T19:42:00-04:00,7701.5,7702.0,7701.5,7702.0,50
2026-09-17T19:43:00-04:00,7702.25,7702.25,7701.0,7701.0,51
2026-09-17T19:44:00-04:00,7701.25,7701.5,7701.25,7701.25,48
2026-09-17T19:45:00-04:00,7701.5,7701.75,7700.75,7701.5,88
2026-09-17T19:46:00-04:00,7701.25,7702.0,7701.0,7701.75,74
2026-09-17T19:47:00-04:00,7701.75,7702.5,7701.25,7701.25,75
2026-09-17T19:48:00-04:00,7701.5,7701.5,7701.0,7701.0,43
2026-09-17T19:49:00-04:00,7701.25,7701.5,7701.0,7701.5,64
2026-09-17T19:50:00-04:00,7701.5,7701.5,7700.5,7700.75,49
2026-09-17T19:51:00-04:00,7701.0,7701.75,7700.5,7701.0,236
2026-09-17T19:52:00-04:00,7701.0,7701.5,7700.75,7701.25,91
2026-09-17T19:53:00-04:00,7701.25,7701.25,7701.0,7701.25,27
2026-09-17T19:54:00-04:00,7701.25,7702.0,7701.25,7701.5,47
2026-09-17T19:55:00-04:00,7701.5,7701.75,7701.25,7701.25,46
2026-09-17T19:56:00-04:00,7701.5,7701.75,7701.5,7701.5,47
2026-09-17T19:57:00-04:00,7701.5,7701.5,7701.0,7701.5,51
2026-09-17T19:58:00-04:00,7701.25,7701.25,7701.0,7701.25,43
2026-09-17T19:59:00-04:00,7701.25,7701.5,7700.75,7700.75,76
2026-09-17T20:00:00-04:00,7700.75,7701.5,7698.5,7699.0,651
2026-09-17T20:01:00-04:00,7699.0,7701.25,7698.75,7701.25,455
2026-09-17T20:02:00-04:00,7701.25,7701.75,7700.0,7700.75,236
2026-09-17T20:03:00-04:00,7700.75,7701.0,7699.25,7700.0,251
2026-09-17T20:04:00-04:00,7700.0,7700.75,7699.75,7700.0,165
2026-09-17T20:05:00-04:00,7700.0,7700.5,7699.25,7700.0,195
2026-09-17T20:06:00-04:00,7700.25,7701.0,7700.25,7701.0,151
2026-09-17T20:07:00-04:00,7701.0,7701.0,7698.0,7699.0,251
2026-09-17T20:08:00-04:00,7698.75,7699.75,7698.75,7699.5,140
2026-09-17T20:09:00-04:00,7699.75,7700.25,7699.75,7700.0,87
2026-09-17T20:10:00-04:00,7700.25,7700.25,7698.75,7699.25,72
2026-09-17T20:11:00-04:00,7699.25,7699.75,7698.75,7699.25,93
2026-09-17T20:12:00-04:00,7699.25,7699.25,7698.0,7698.25,109
2026-09-17T20:13:00-04:00,7698.5,7699.5,7698.5,7699.5,104
2026-09-17T20:14:00-04:00,7699.5,7701.25,7699.5,7701.25,144
2026-09-17T20:15:00-04:00,7701.0,7701.5,7700.5,7700.75,258
2026-09-17T20:16:00-04:00,7700.75,7700.75,7699.75,7700.5,113
2026-09-17T20:17:00-04:00,7700.25,7701.0,7700.25,7700.5,83
2026-09-17T20:18:00-04:00,7700.5,7702.0,7700.5,7702.0,131
2026-09-17T20:19:00-04:00,7702.0,7702.0,7701.25,7701.5,111
2026-09-17T20:20:00-04:00,7701.5,7701.5,7701.0,7701.0,83
2026-09-17T20:21:00-04:00,7701.25,7701.25,7700.25,7700.75,131
2026-09-17T20:22:00-04:00,7700.75,7701.5,7700.75,7701.25,167
2026-09-17T20:23:00-04:00,7701.25,7702.0,7701.0,7701.75,147
2026-09-17T20:24:00-04:00,7701.75,7702.25,7701.25,7702.0,140
2026-09-17T20:25:00-04:00,7702.0,7702.5,7701.75,7702.5,113
2026-09-17T20:26:00-04:00,7702.5,7702.75,7701.75,7702.5,158
2026-09-17T20:27:00-04:00,7702.75,7702.75,7701.5,7701.75,141
2026-09-17T20:28:00-04:00,7701.75,7701.75,7700.25,7700.5,212
2026-09-17T20:29:00-04:00,7700.5,7701.25,7700.25,7701.0,115
2026-09-17T20:30:00-04:00,7701.0,7702.25,7701.0,7702.0,189
2026-09-17T20:31:00-04:00,7702.25,7702.25,7701.5,7701.75,147
2026-09-17T20:32:00-04:00,7702.0,7702.25,7701.5,7702.25,118
2026-09-17T20:33:00-04:00,7702.25,7702.25,7701.5,7701.5,105
2026-09-17T20:34:00-04:00,7701.75,7703.0,7701.5,7702.75,156
2026-09-17T20:35:00-04:00,7702.75,7702.75,7702.25,7702.25,55
2026-09-17T20:36:00-04:00,7702.5,7702.5,7701.5,7701.75,109
2026-09-17T20:37:00-04:00,7702.0,7702.25,7701.75,7701.75,55
2026-09-17T20:38:00-04:00,7702.0,7702.0,7700.75,7700.75,178
2026-09-17T20:39:00-04:00,7700.75,7701.0,7699.75,7699.75,137
2026-09-17T20:40:00-04:00,7699.75,7700.0,7698.75,7699.0,218
2026-09-17T20:41:00-04:00,7699.25,7699.75,7699.0,7699.25,208
2026-09-17T20:42:00-04:00,7699.5,7699.5,7698.75,7699.0,273
2026-09-17T20:43:00-04:00,7699.0,7700.25,7699.0,7700.25,132
2026-09-17T20:44:00-04:00,7700.5,7701.75,7700.5,7701.25,166
2026-09-17T20:45:00-04:00,7701.25,7701.5,7700.0,7700.25,194
2026-09-17T20:46:00-04:00,7700.25,7700.75,7699.75,7700.25,77
2026-09-17T20:47:00-04:00,7700.5,7700.75,7699.5,7699.5,114
2026-09-17T20:48:00-04:00,7699.75,7699.75,7699.0,7699.0,55
2026-09-17T20:49:00-04:00,7699.0,7699.25,7698.75,7699.0,64
2026-09-17T20:50:00-04:00,7699.0,7699.75,7698.25,7699.25,215
2026-09-17T20:51:00-04:00,7699.5,7699.5,7698.75,7699.0,84
2026-09-17T20:52:00-04:00,7699.0,7699.5,7699.0,7699.5,99
2026-09-17T20:53:00-04:00,7699.5,7699.75,7699.25,7699.25,73
2026-09-17T20:54:00-04:00,7699.5,7699.75,7699.25,7699.5,74
2026-09-17T20:55:00-04:00,7699.5,7699.5,7699.0,7699.25,76
2026-09-17T20:56:00-04:00,7699.5,7699.5,7699.0,7699.25,88
2026-09-17T20:57:00-04:00,7699.5,7699.5,7699.25,7699.5,62
2026-09-17T20:58:00-04:00,7699.5,7699.5,7699.0,7699.5,88
2026-09-17T20:59:00-04:00,7699.5,7699.5,7699.25,7699.5,125
2026-09-17T21:00:00-04:00,7699.5,7701.25,7699.5,7699.5,313
2026-09-17T21:01:00-04:00,7699.5,7700.0,7698.25,7698.75,232
2026-09-17T21:02:00-04:00,7698.75,7699.25,7698.5,7698.75,162
2026-09-17T21:03:00-04:00,7698.75,7698.75,7698.25,7698.75,82
2026-09-17T21:04:00-04:00,7698.75,7699.0,7698.0,7698.5,118
2026-09-17T21:05:00-04:00,7698.25,7699.5,7698.25,7698.75,133
2026-09-17T21:06:00-04:00,7698.75,7699.5,7698.25,7699.25,103
2026-09-17T21:07:00-04:00,7699.0,7699.5,7699.0,7699.5,48
2026-09-17T21:08:00-04:00,7699.75,7699.75,7698.25,7698.75,136
2026-09-17T21:09:00-04:00,7698.75,7699.0,7698.5,7698.5,78
2026-09-17T21:10:00-04:00,7698.5,7698.5,7698.0,7698.5,127
2026-09-17T21:11:00-04:00,7698.75,7699.0,7698.25,7699.0,63
2026-09-17T21:12:00-04:00,7698.75,7698.75,7698.25,7698.5,48
2026-09-17T21:13:00-04:00,7698.5,7698.5,7697.5,7697.75,193
2026-09-17T21:14:00-04:00,7698.0,7698.5,7697.75,7698.0,66
2026-09-17T21:15:00-04:00,7697.75,7697.75,7697.25,7697.5,95
2026-09-17T21:16:00-04:00,7697.5,7697.75,7696.0,7696.75,288
2026-09-17T21:17:00-04:00,7697.0,7697.25,7697.0,7697.25,111
2026-09-17T21:18:00-04:00,7697.25,7697.5,7697.0,7697.0,98
2026-09-17T21:19:00-04:00,7697.0,7697.75,7696.75,7697.5,161
2026-09-17T21:20:00-04:00,7697.5,7698.0,7696.75,7697.75,121
2026-09-17T21:21:00-04:00,7697.5,7698.5,7697.5,7698.0,123
2026-09-17T21:22:00-04:00,7698.0,7698.0,7697.0,7697.25,64
2026-09-17T21:23:00-04:00,7697.5,7697.5,7696.75,7696.75,42
2026-09-17T21:24:00-04:00,7696.75,7697.75,7696.75,7697.25,83
2026-09-17T21:25:00-04:00,7697.5,7697.5,7696.75,7697.0,64
2026-09-17T21:26:00-04:00,7697.0,7697.25,7697.0,7697.0,67
2026-09-17T21:27:00-04:00,7697.0,7697.25,7696.75,7697.0,82
2026-09-17T21:28:00-04:00,7697.0,7697.5,7697.0,7697.5,53
2026-09-17T21:29:00-04:00,7697.25,7697.5,7697.0,7697.25,45
2026-09-17T21:30:00-04:00,7697.5,7697.75,7697.25,7697.75,100
2026-09-17T21:31:00-04:00,7697.5,7697.5,7696.5,7696.5,81
2026-09-17T21:32:00-04:00,7696.5,7697.0,7696.25,7696.75,131
2026-09-17T21:33:00-04:00,7696.75,7696.75,7696.5,7696.5,54
2026-09-17T21:34:00-04:00,7696.5,7697.5,7696.5,7697.25,58
2026-09-17T21:35:00-04:00,7697.0,7697.25,7696.5,7697.25,61
2026-09-17T21:36:00-04:00,7697.25,7698.0,7697.25,7697.75,107
2026-09-17T21:37:00-04:00,7697.75,7698.0,7697.5,7697.5,81
2026-09-17T21:38:00-04:00,7697.75,7697.75,7697.5,7697.5,106
2026-09-17T21:39:00-04:00,7697.5,7698.25,7697.5,7697.5,218
2026-09-17T21:40:00-04:00,7697.5,7698.25,7697.5,7698.25,70
2026-09-17T21:41:00-04:00,7698.25,7699.25,7698.25,7699.25,114
2026-09-17T21:42:00-04:00,7699.25,7699.75,7698.75,7699.0,146
2026-09-17T21:43:00-04:00,7699.0,7699.25,7698.5,7699.0,133
2026-09-17T21:44:00-04:00,7699.0,7699.0,7697.5,7697.5,139
2026-09-17T21:45:00-04:00,7697.75,7699.0,7697.75,7699.0,133
2026-09-17T21:46:00-04:00,7698.75,7699.0,7698.5,7699.0,55
2026-09-17T21:47:00-04:00,7699.0,7699.5,7699.0,7699.5,125
2026-09-17T21:48:00-04:00,7699.5,7700.5,7699.5,7700.25,179
2026-09-17T21:49:00-04:00,7700.25,7700.75,7700.0,7700.0,86
2026-09-17T21:50:00-04:00,7700.25,7700.25,7698.75,7698.75,125
2026-09-17T21:51:00-04:00,7698.75,7699.25,7698.5,7699.25,92
2026-09-17T21:52:00-04:00,7699.5,7700.25,7699.0,7700.25,76
2026-09-17T21:53:00-04:00,7700.0,7700.5,7699.75,7700.25,132
2026-09-17T21:54:00-04:00,7700.25,7700.25,7700.0,7700.0,72
2026-09-17T21:55:00-04:00,7700.0,7700.0,7699.25,7699.5,100
2026-09-17T21:56:00-04:00,7699.75,7700.25,7699.75,7700.0,65
2026-09-17T21:57:00-04:00,7700.25,7701.0,7700.25,7700.75,129
2026-09-17T21:58:00-04:00,7700.75,7701.0,7700.5,7701.0,48
2026-09-17T21:59:00-04:00,7701.0,7701.25,7700.75,7701.0,98
2026-09-17T22:00:00-04:00,7701.0,7701.5,7700.75,7701.0,166
2026-09-17T22:01:00-04:00,7701.0,7701.75,7700.75,7701.75,155
2026-09-17T22:02:00-04:00,7701.75,7701.75,7701.25,7701.5,87
2026-09-17T22:03:00-04:00,7701.5,7701.75,7701.0,7701.0,64
2026-09-17T22:04:00-04:00,7701.0,7701.25,7700.75,7700.75,78
2026-09-17T22:05:00-04:00,7700.75,7701.5,7700.75,7701.25,62
2026-09-17T22:06:00-04:00,7701.25,7701.25,7700.5,7700.5,80
2026-09-17T22:07:00-04:00,7700.5,7700.75,7700.25,7700.5,64
2026-09-17T22:08:00-04:00,7700.25,7700.5,7700.25,7700.25,68
2026-09-17T22:09:00-04:00,7700.25,7700.25,7700.0,7700.25,37
2026-09-17T22:10:00-04:00,7700.25,7700.25,7699.0,7699.5,185
2026-09-17T22:11:00-04:00,7699.5,7700.25,7699.5,7699.5,36
2026-09-17T22:12:00-04:00,7699.75,7700.0,7699.5,7700.0,60
2026-09-17T22:13:00-04:00,7699.75,7700.25,7699.75,7700.25,58
2026-09-17T22:14:00-04:00,7700.5,7700.75,7700.25,7700.75,65
2026-09-17T22:15:00-04:00,7700.75,7700.75,7700.25,7700.5,33
2026-09-17T22:16:00-04:00,7700.5,7701.0,7700.25,7701.0,112
2026-09-17T22:17:00-04:00,7701.0,7701.0,7700.5,7700.5,42
2026-09-17T22:18:00-04:00,7700.5,7701.5,7700.5,7701.25,52
2026-09-17T22:19:00-04:00,7701.25,7701.5,7701.25,7701.5,53
2026-09-17T22:20:00-04:00,7701.75,7702.0,7701.75,7702.0,89
2026-09-17T22:21:00-04:00,7702.0,7702.25,7701.5,7701.75,93
2026-09-17T22:22:00-04:00,7701.75,7701.75,7701.25,7701.25,26
2026-09-17T22:23:00-04:00,7701.5,7702.5,7701.5,7702.5,80
2026-09-17T22:24:00-04:00,7702.5,7703.0,7702.25,7702.75,81
2026-09-17T22:25:00-04:00,7702.75,7703.0,7702.5,7702.75,55
2026-09-17T22:26:00-04:00,7702.5,7702.75,7702.5,7702.5,87
2026-09-17T22:27:00-04:00,7702.5,7702.75,7701.75,7702.75,99
2026-09-17T22:28:00-04:00,7702.75,7702.75,7702.5,7702.75,21
2026-09-17T22:29:00-04:00,7702.75,7703.25,7702.75,7703.0,92
2026-09-17T22:30:00-04:00,7703.0,7703.25,7702.5,7703.25,102
2026-09-17T22:31:00-04:00,7703.0,7703.5,7702.5,7702.75,120
2026-09-17T22:32:00-04:00,7702.75,7703.0,7702.5,7703.0,51
2026-09-17T22:33:00-04:00,7703.25,7703.5,7703.0,7703.5,71
2026-09-17T22:34:00-04:00,7703.75,7704.0,7703.75,7703.75,85
2026-09-17T22:35:00-04:00,7704.0,7704.0,7703.25,7703.25,101
2026-09-17T22:36:00-04:00,7703.5,7703.75,7703.5,7703.75,47
2026-09-17T22:37:00-04:00,7703.5,7703.5,7702.75,7703.0,99
2026-09-17T22:38:00-04:00,7702.75,7702.75,7702.25,7702.75,48
2026-09-17T22:39:00-04:00,7702.75,7703.25,7702.75,7703.0,49
2026-09-17T22:40:00-04:00,7703.0,7703.25,7702.75,7703.0,27
2026-09-17T22:41:00-04:00,7703.25,7703.25,7703.25,7703.25,32
2026-09-17T22:42:00-04:00,7703.25,7704.25,7703.25,7704.0,51
2026-09-17T22:43:00-04:00,7704.25,7704.25,7703.5,7703.5,34
2026-09-17T22:44:00-04:00,7703.5,7703.75,7703.0,7703.0,91
2026-09-17T22:45:00-04:00,7703.0,7704.0,7703.0,7703.5,111
2026-09-17T22:46:00-04:00,7703.25,7703.5,7703.25,7703.5,63
2026-09-17T22:47:00-04:00,7703.75,7703.75,7703.25,7703.75,83
2026-09-17T22:48:00-04:00,7703.75,7703.75,7703.5,7703.5,29
2026-09-17T22:49:00-04:00,7703.5,7704.0,7703.5,7703.75,73
2026-09-17T22:50:00-04:00,7704.0,7704.25,7703.75,7704.0,143
2026-09-17T22:51:00-04:00,7704.0,7704.25,7703.75,7704.0,72
2026-09-17T22:52:00-04:00,7704.0,7704.25,7703.5,7703.5,85
2026-09-17T22:53:00-04:00,7703.5,7703.75,7703.5,7703.5,100
2026-09-17T22:54:00-04:00,7703.5,7705.0,7702.75,7703.75,470
2026-09-17T22:55:00-04:00,7703.5,7704.25,7703.0,7704.25,234
2026-09-17T22:56:00-04:00,7704.25,7704.5,7703.0,7703.5,113
2026-09-17T22:57:00-04:00,7703.75,7703.75,7703.0,7703.25,102
2026-09-17T22:58:00-04:00,7703.25,7703.75,7703.0,7703.5,67
2026-09-17T22:59:00-04:00,7703.5,7704.0,7703.5,7703.75,48
2026-09-17T23:00:00-04:00,7703.75,7704.0,7703.5,7703.75,194
2026-09-17T23:01:00-04:00,7704.0,7704.0,7703.5,7703.75,79
2026-09-17T23:02:00-04:00,7703.75,7704.25,7703.75,7704.0,113
2026-09-17T23:03:00-04:00,7704.0,7704.75,7704.0,7704.5,55
2026-09-17T23:04:00-04:00,7704.75,7705.75,7704.25,7705.75,221
2026-09-17T23:05:00-04:00,7705.75,7706.25,7705.75,7706.0,176
2026-09-17T23:06:00-04:00,7706.0,7706.25,7706.0,7706.25,125
2026-09-17T23:07:00-04:00,7706.0,7707.0,7706.0,7707.0,213
2026-09-17T23:08:00-04:00,7707.0,7708.0,7707.0,7707.75,374
2026-09-17T23:09:00-04:00,7707.5,7708.0,7707.25,7707.5,130
2026-09-17T23:10:00-04:00,7707.5,7708.25,7707.5,7708.25,90
2026-09-17T23:11:00-04:00,7708.25,7708.5,7708.0,7708.25,262
2026-09-17T23:12:00-04:00,7708.25,7709.25,7708.25,7709.25,225
2026-09-17T23:13:00-04:00,7709.0,7709.5,7708.75,7708.75,316
2026-09-17T23:14:00-04:00,7708.75,7709.25,7708.75,7709.25,148
2026-09-17T23:15:00-04:00,7709.0,7709.0,7708.0,7708.5,137
2026-09-17T23:16:00-04:00,7708.5,7708.75,7708.25,7708.5,61
2026-09-17T23:17:00-04:00,7708.5,7708.75,7707.5,7707.75,152
2026-09-17T23:18:00-04:00,7708.0,7708.0,7707.0,7707.5,187
2026-09-17T23:19:00-04:00,7707.5,7708.0,7707.5,7708.0,62
2026-09-17T23:20:00-04:00,7708.0,7709.25,7708.0,7709.25,118
2026-09-17T23:21:00-04:00,7709.25,7709.5,7709.0,7709.25,51
2026-09-17T23:22:00-04:00,7709.25,7709.25,7709.0,7709.25,58
2026-09-17T23:23:00-04:00,7709.25,7709.5,7708.75,7708.75,179
2026-09-17T23:24:00-04:00,7709.0,7709.25,7708.5,7708.5,87
2026-09-17T23:25:00-04:00,7708.75,7709.0,7708.75,7709.0,92
2026-09-17T23:26:00-04:00,7708.75,7709.75,7708.75,7709.5,98
2026-09-17T23:27:00-04:00,7709.5,7709.5,7709.25,7709.5,27
2026-09-17T23:28:00-04:00,7709.5,7709.75,7709.25,7709.75,61
2026-09-17T23:29:00-04:00,7709.75,7709.75,7709.0,7709.0,59
2026-09-17T23:30:00-04:00,7709.0,7709.25,7708.5,7709.0,180
2026-09-17T23:31:00-04:00,7709.0,7709.0,7708.5,7708.75,133
2026-09-17T23:32:00-04:00,7708.5,7709.0,7708.5,7709.0,73
2026-09-17T23:33:00-04:00,7709.0,7710.0,7709.0,7709.75,128
2026-09-17T23:34:00-04:00,7710.0,7710.5,7709.5,7709.75,278
2026-09-17T23:35:00-04:00,7710.0,7710.75,7710.0,7710.5,97
2026-09-17T23:36:00-04:00,7710.5,7711.0,7710.25,7710.5,128
2026-09-17T23:37:00-04:00,7710.75,7710.75,7710.25,7710.75,72
2026-09-17T23:38:00-04:00,7710.5,7710.75,7710.5,7710.5,41
2026-09-17T23:39:00-04:00,7710.5,7710.75,7710.0,7710.75,109
2026-09-17T23:40:00-04:00,7710.75,7711.25,7710.75,7711.25,98
2026-09-17T23:41:00-04:00,7711.25,7711.5,7711.25,7711.25,90
2026-09-17T23:42:00-04:00,7711.5,7711.5,7711.25,7711.5,69
2026-09-17T23:43:00-04:00,7711.75,7711.75,7711.5,7711.75,20
2026-09-17T23:44:00-04:00,7711.75,7712.0,7711.25,7711.5,126
2026-09-17T23:45:00-04:00,7711.75,7713.75,7711.75,7713.0,309
2026-09-17T23:46:00-04:00,7713.25,7713.75,7713.25,7713.25,132
2026-09-17T23:47:00-04:00,7713.25,7714.25,7713.25,7714.0,187
2026-09-17T23:48:00-04:00,7714.0,7714.0,7713.25,7714.0,205
2026-09-17T23:49:00-04:00,7714.25,7714.25,7713.75,7713.75,123
2026-09-17T23:50:00-04:00,7713.75,7714.0,7713.5,7714.0,78
2026-09-17T23:51:00-04:00,7714.25,7714.25,7713.5,7713.5,69
2026-09-17T23:52:00-04:00,7713.5,7713.5,7713.0,7713.25,147
2026-09-17T23:53:00-04:00,7713.25,7713.5,7712.75,7713.0,59
2026-09-17T23:54:00-04:00,7713.0,7713.5,7712.75,7713.25,42
2026-09-17T23:55:00-04:00,7713.25,7713.25,7712.75,7713.25,80
2026-09-17T23:56:00-04:00,7713.25,7713.5,7713.25,7713.25,58
2026-09-17T23:57:00-04:00,7713.5,7713.5,7713.0,7713.0,62
2026-09-17T23:58:00-04:00,7712.75,7713.5,7712.5,7713.25,87
2026-09-18T00:09:00-04:00,7714.75,7715.0,7714.75,7715.0,60
2026-09-18T00:10:00-04:00,7715.0,7715.5,7715.0,7715.25,102
2026-09-18T00:11:00-04:00,7715.25,7715.5,7715.0,7715.25,70
2026-09-18T00:12:00-04:00,7715.25,7715.75,7715.25,7715.5,82
2026-09-18T00:13:00-04:00,7715.5,7715.5,7715.25,7715.25,13
2026-09-18T00:14:00-04:00,7715.25,7715.25,7714.5,7714.75,99
2026-09-18T00:15:00-04:00,7714.75,7715.5,7714.75,7715.0,152
2026-09-18T00:16:00-04:00,7714.75,7715.0,7714.5,7715.0,58
2026-09-18T00:17:00-04:00,7715.0,7715.0,7714.75,7714.75,61
2026-09-18T00:18:00-04:00,7715.0,7715.0,7713.75,7714.0,100
2026-09-18T00:19:00-04:00,7714.25,7715.0,7714.25,7714.75,56
2026-09-18T00:20:00-04:00,7714.5,7714.75,7713.75,7713.75,81
2026-09-18T00:21:00-04:00,7713.75,7714.25,7713.75,7714.0,82
2026-09-18T00:22:00-04:00,7714.0,7714.25,7714.0,7714.0,85
2026-09-18T00:23:00-04:00,7714.0,7714.25,7714.0,7714.25,80
2026-09-18T00:24:00-04:00,7714.25,7714.25,7713.75,7714.0,71
2026-09-18T00:25:00-04:00,7713.75,7713.75,7712.75,7713.5,203
2026-09-18T00:26:00-04:00,7713.5,7714.0,7713.5,7714.0,53
2026-09-18T00:27:00-04:00,7714.0,7715.0,7713.75,7715.0,95
2026-09-18T00:28:00-04:00,7714.75,7715.0,7714.5,7714.75,41
2026-09-18T00:29:00-04:00,7714.75,7715.0,7714.75,7715.0,42
2026-09-18T00:30:00-04:00,7715.25,7716.0,7715.25,7715.75,179
2026-09-18T00:31:00-04:00,7715.75,7716.5,7715.75,7716.5,82
2026-09-18T00:32:00-04:00,7716.5,7716.75,7716.5,7716.5,91
2026-09-18T00:33:00-04:00,7716.5,7717.0,7716.5,7716.75,56
2026-09-18T00:34:00-04:00,7716.75,7716.75,7715.75,7716.0,95
2026-09-18T00:35:00-04:00,7716.0,7716.25,7716.0,7716.0,53
2026-09-18T00:36:00-04:00,7716.0,7716.0,7715.5,7715.5,46
2026-09-18T00:37:00-04:00,7715.75,7716.0,7715.25,7715.75,102
2026-09-18T00:38:00-04:00,7715.75,7715.75,7715.5,7715.75,64
2026-09-18T00:39:00-04:00,7716.0,7716.0,7715.75,7716.0,52
2026-09-18T00:40:00-04:00,7716.0,7716.25,7715.5,7716.0,49
2026-09-18T00:41:00-04:00,7716.25,7716.5,7716.0,7716.5,58
2026-09-18T00:42:00-04:00,7716.5,7717.75,7716.5,7717.5,172
2026-09-18T00:43:00-04:00,7717.75,7719.25,7717.25,7719.0,344
2026-09-18T00:44:00-04:00,7718.75,7719.25,7718.5,7718.75,116
2026-09-18T00:45:00-04:00,7719.0,7719.5,7718.5,7719.25,123
2026-09-18T00:46:00-04:00,7719.0,7719.25,7718.5,7719.25,100
2026-09-18T00:47:00-04:00,7719.25,7719.25,7718.75,7718.75,98
2026-09-18T00:48:00-04:00,7718.75,7719.25,7718.75,7719.0,56
2026-09-18T00:49:00-04:00,7719.25,7719.5,7719.25,7719.25,64
2026-09-18T00:50:00-04:00,7719.5,7720.25,7719.5,7719.75,258
2026-09-18T00:51:00-04:00,7719.5,7720.25,7719.5,7720.25,108
2026-09-18T00:52:00-04:00,7720.0,7721.0,7720.0,7721.0,223
2026-09-18T00:53:00-04:00,7721.0,7721.0,7720.75,7721.0,130
2026-09-18T00:54:00-04:00,7721.25,7721.25,7720.0,7720.25,147
2026-09-18T00:55:00-04:00,7720.25,7721.0,7720.0,7720.75,336
2026-09-18T00:56:00-04:00,7720.75,7721.75,7720.75,7721.75,113
2026-09-18T00:57:00-04:00,7721.5,7721.75,7721.5,7721.5,110
2026-09-18T00:58:00-04:00,7721.5,7721.5,7721.25,7721.25,50
2026-09-18T00:59:00-04:00,7721.25,7721.75,7721.25,7721.75,41
2026-09-18T01:00:00-04:00,7721.5,7721.5,7721.25,7721.5,137
2026-09-18T01:01:00-04:00,7721.5,7721.75,7721.5,7721.5,61
2026-09-18T01:02:00-04:00,7721.75,7722.0,7721.5,7721.75,47
2026-09-18T01:03:00-04:00,7721.5,7722.0,7721.5,7721.75,112
2026-09-18T01:04:00-04:00,7722.0,7722.5,7721.75,7722.5,118
2026-09-18T01:05:00-04:00,7722.25,7722.5,7721.75,7722.0,105
2026-09-18T01:06:00-04:00,7722.0,7722.0,7721.75,7721.75,62
2026-09-18T01:07:00-04:00,7722.0,7722.5,7722.0,7722.5,92
2026-09-18T01:08:00-04:00,7722.5,7722.5,7721.75,7722.0,99
2026-09-18T01:09:00-04:00,7722.0,7722.25,7722.0,7722.0,75
2026-09-18T01:10:00-04:00,7722.25,7722.5,7722.0,7722.5,78
2026-09-18T01:11:00-04:00,7722.5,7723.0,7722.5,7723.0,135
2026-09-18T01:12:00-04:00,7723.0,7723.0,7722.25,7722.75,113
2026-09-18T01:13:00-04:00,7722.75,7723.0,7722.25,7722.25,78
2026-09-18T01:14:00-04:00,7722.5,7723.0,7722.5,7722.75,85
2026-09-18T01:15:00-04:00,7723.0,7723.5,7723.0,7723.25,142
2026-09-18T01:16:00-04:00,7723.25,7723.5,7723.25,7723.25,92
2026-09-18T01:17:00-04:00,7723.25,7723.5,7722.75,7722.75,77
2026-09-18T01:18:00-04:00,7723.0,7723.0,7722.5,7723.0,98
2026-09-18T01:19:00-04:00,7723.0,7723.0,7722.75,7722.75,54
2026-09-18T01:20:00-04:00,7723.0,7723.0,7722.75,7722.75,69
2026-09-18T01:21:00-04:00,7722.75,7723.0,7722.25,7722.75,163
2026-09-18T01:22:00-04:00,7723.0,7723.0,7722.5,7722.75,59
2026-09-18T01:23:00-04:00,7722.75,7723.25,7722.75,7723.25,97
2026-09-18T01:24:00-04:00,7723.25,7723.5,7723.0,7723.5,117
2026-09-18T01:25:00-04:00,7723.75,7724.5,7723.5,7724.25,242
2026-09-18T01:26:00-04:00,7724.25,7724.25,7723.25,7723.5,146
2026-09-18T01:27:00-04:00,7723.5,7723.5,7722.25,7722.5,197
2026-09-18T01:28:00-04:00,7722.25,7722.75,7722.25,7722.5,74
2026-09-18T01:29:00-04:00,7722.75,7724.0,7722.75,7723.25,142
2026-09-18T01:30:00-04:00,7723.5,7725.0,7723.0,7725.0,307
2026-09-18T01:31:00-04:00,7725.0,7725.25,7724.25,7724.75,195
2026-09-18T01:32:00-04:00,7724.75,7725.5,7724.75,7725.0,112
2026-09-18T01:33:00-04:00,7725.25,7725.5,7725.25,7725.25,166
2026-09-18T01:34:00-04:00,7725.25,7725.25,7725.0,7725.0,89
2026-09-18T01:35:00-04:00,7725.0,7725.5,7725.0,7725.25,99
2026-09-18T01:36:00-04:00,7725.25,7726.0,7725.0,7726.0,178
2026-09-18T01:37:00-04:00,7725.75,7726.0,7725.25,7725.75,177
2026-09-18T01:38:00-04:00,7726.0,7727.0,7725.75,7726.75,394
2026-09-18T01:39:00-04:00,7726.75,7728.0,7726.75,7727.75,314
2026-09-18T01:40:00-04:00,7727.75,7728.25,7727.5,7728.0,286
2026-09-18T01:41:00-04:00,7728.25,7728.5,7727.75,7727.75,232
2026-09-18T01:42:00-04:00,7728.0,7728.0,7727.25,7728.0,185
2026-09-18T01:43:00-04:00,7728.25,7728.75,7728.25,7728.5,264
2026-09-18T01:44:00-04:00,7728.5,7730.0,7728.25,7730.0,338
2026-09-18T01:45:00-04:00,7729.75,7730.25,7729.25,7729.25,287
2026-09-18T01:46:00-04:00,7729.25,7729.25,7727.75,7727.75,202
2026-09-18T01:47:00-04:00,7728.0,7728.5,7727.0,7727.5,257
2026-09-18T01:48:00-04:00,7727.5,7728.5,7727.0,7728.5,241
2026-09-18T01:49:00-04:00,7728.0,7728.5,7727.0,7727.0,317
2026-09-18T01:50:00-04:00,7727.0,7728.5,7727.0,7728.5,209
2026-09-18T01:51:00-04:00,7728.5,7728.5,7727.5,7727.5,117
2026-09-18T01:52:00-04:00,7727.75,7728.0,7726.5,7726.5,115
2026-09-18T01:53:00-04:00,7726.75,7727.25,7726.5,7727.0,95
2026-09-18T01:54:00-04:00,7727.0,7727.25,7726.25,7726.5,159
2026-09-18T01:55:00-04:00,7726.25,7726.5,7726.0,7726.25,152
2026-09-18T01:56:00-04:00,7726.25,7726.5,7725.75,7726.0,137
2026-09-18T01:57:00-04:00,7726.0,7726.5,7725.75,7726.0,149
2026-09-18T01:58:00-04:00,7726.25,7726.25,7726.0,7726.25,117
2026-09-18T01:59:00-04:00,7726.25,7727.0,7726.0,7726.75,213
2026-09-18T02:00:00-04:00,7726.75,7728.0,7726.75,7727.75,286
2026-09-18T02:01:00-04:00,7727.75,7728.75,7727.5,7728.75,451
2026-09-18T02:02:00-04:00,7728.75,7729.0,7727.5,7729.0,491
2026-09-18T02:03:00-04:00,7729.25,7729.25,7728.0,7728.25,299
2026-09-18T02:04:00-04:00,7728.25,7728.25,7727.0,7728.0,216
2026-09-18T02:05:00-04:00,7728.0,7728.0,7726.75,7727.5,212
2026-09-18T02:06:00-04:00,7727.5,7728.25,7727.0,7727.25,196
2026-09-18T02:07:00-04:00,7727.5,7727.5,7727.0,7727.25,104
2026-09-18T02:08:00-04:00,7727.5,7727.75,7727.25,7727.5,140
2026-09-18T02:09:00-04:00,7727.25,7727.5,7727.0,7727.25,144
2026-09-18T02:10:00-04:00,7727.5,7727.75,7727.25,7727.25,174
2026-09-18T02:11:00-04:00,7727.5,7727.75,7727.5,7727.75,148
2026-09-18T02:12:00-04:00,7727.75,7728.25,7727.5,7727.5,179
2026-09-18T02:13:00-04:00,7727.75,7727.75,7727.5,7727.75,70
2026-09-18T02:14:00-04:00,7727.75,7728.25,7727.75,7728.0,128
2026-09-18T02:15:00-04:00,7728.0,7729.0,7727.5,7727.75,300
2026-09-18T02:16:00-04:00,7727.75,7728.0,7727.5,7727.75,169
2026-09-18T02:17:00-04:00,7727.5,7727.5,7726.75,7727.25,168
2026-09-18T02:18:00-04:00,7727.0,7727.0,7725.75,7726.25,200
2026-09-18T02:19:00-04:00,7726.5,7727.25,7726.5,7726.5,143
2026-09-18T02:20:00-04:00,7726.5,7727.0,7726.25,7726.5,73
2026-09-18T02:21:00-04:00,7726.5,7728.25,7726.5,7728.0,160
2026-09-18T02:22:00-04:00,7728.0,7729.75,7728.0,7729.25,232
2026-09-18T02:23:00-04:00,7729.0,7730.25,7729.0,7729.5,351
2026-09-18T02:24:00-04:00,7729.75,7730.0,7729.25,7729.5,106
2026-09-18T02:25:00-04:00,7729.5,7730.75,7729.5,7730.25,407
2026-09-18T02:26:00-04:00,7730.0,7730.0,7729.25,7729.25,319
2026-09-18T02:27:00-04:00,7729.5,7730.0,7729.25,7729.75,208
2026-09-18T02:28:00-04:00,7729.75,7730.0,7729.5,7729.75,159
2026-09-18T02:29:00-04:00,7729.75,7729.75,7728.25,7728.75,379
2026-09-18T02:30:00-04:00,7728.75,7730.25,7728.75,7730.25,320
2026-09-18T02:31:00-04:00,7730.25,7731.5,7730.0,7731.5,265
2026-09-18T02:32:00-04:00,7731.5,7732.75,7731.5,7732.75,450
2026-09-18T02:33:00-04:00,7732.75,7733.5,7732.75,7732.75,415
2026-09-18T02:34:00-04:00,7733.0,7733.5,7732.5,7733.0,193
2026-09-18T02:35:00-04:00,7733.0,7733.75,7733.0,7733.5,204
2026-09-18T02:36:00-04:00,7733.5,7733.5,7732.25,7732.25,285
2026-09-18T02:37:00-04:00,7732.5,7732.75,7732.25,7732.5,87
2026-09-18T02:38:00-04:00,7732.75,7733.5,7732.75,7733.5,235
2026-09-18T02:39:00-04:00,7733.25,7734.25,7733.0,7734.25,300
2026-09-18T02:40:00-04:00,7734.0,7734.25,7733.25,7734.0,173
2026-09-18T02:41:00-04:00,7734.0,7734.5,7734.0,7734.25,186
2026-09-18T02:42:00-04:00,7734.25,7734.25,7732.5,7733.25,224
2026-09-18T02:43:00-04:00,7733.25,7733.5,7732.75,7733.25,154
2026-09-18T02:44:00-04:00,7733.5,7733.75,7732.75,7733.5,274
2026-09-18T02:45:00-04:00,7733.5,7733.75,7732.5,7733.75,253
2026-09-18T02:46:00-04:00,7733.75,7734.5,7733.5,7733.75,231
2026-09-18T02:47:00-04:00,7733.75,7734.25,7733.25,7733.25,255
2026-09-18T02:48:00-04:00,7733.25,7734.25,7733.25,7733.75,238
2026-09-18T02:49:00-04:00,7733.75,7734.0,7733.5,7734.0,118
2026-09-18T02:50:00-04:00,7734.0,7734.25,7733.5,7733.75,119
2026-09-18T02:51:00-04:00,7734.0,7734.25,7733.75,7734.0,151
2026-09-18T02:52:00-04:00,7734.0,7734.5,7733.75,7734.5,128
2026-09-18T02:53:00-04:00,7734.5,7734.5,7733.25,7733.5,186
2026-09-18T02:54:00-04:00,7733.5,7734.0,7733.5,7733.5,118
2026-09-18T02:55:00-04:00,7733.75,7733.75,7733.5,7733.5,150
2026-09-18T02:56:00-04:00,7733.5,7734.0,7733.5,7733.75,177
2026-09-18T02:57:00-04:00,7733.5,7734.5,7733.25,7734.0,205
2026-09-18T02:58:00-04:00,7734.25,7734.5,7734.0,7734.25,133
2026-09-18T02:59:00-04:00,7734.5,7734.75,7733.75,7733.75,235
2026-09-18T03:00:00-04:00,7733.75,7734.25,7733.5,7733.5,519
2026-09-18T03:01:00-04:00,7733.5,7734.25,7733.5,7733.75,389
2026-09-18T03:02:00-04:00,7733.75,7733.75,7732.25,7733.25,334
2026-09-18T03:03:00-04:00,7733.25,7733.5,7732.75,7733.5,204
2026-09-18T03:04:00-04:00,7733.5,7734.75,7732.75,7733.5,370
2026-09-18T03:05:00-04:00,7733.5,7733.5,7732.75,7732.75,219
2026-09-18T03:06:00-04:00,7733.0,7733.0,7732.25,7732.75,213
2026-09-18T03:07:00-04:00,7732.75,7733.25,7732.5,7733.0,271
2026-09-18T03:08:00-04:00,7733.25,7734.0,7733.0,7733.75,195
2026-09-18T03:09:00-04:00,7733.5,7734.0,7733.0,7733.75,303
2026-09-18T03:10:00-04:00,7733.75,7735.5,7733.5,7735.0,325
2026-09-18T03:11:00-04:00,7735.0,7735.0,7733.75,7734.5,302
2026-09-18T03:12:00-04:00,7734.5,7735.25,7734.25,7735.25,196
2026-09-18T03:13:00-04:00,7735.25,7736.0,7734.25,7734.5,419
2026-09-18T03:14:00-04:00,7734.5,7734.75,7733.25,7733.25,196
2026-09-18T03:15:00-04:00,7733.25,7734.25,7733.25,7733.25,269
2026-09-18T03:16:00-04:00,7733.25,7734.75,7733.0,7734.25,278
2026-09-18T03:17:00-04:00,7734.25,7735.0,7733.75,7734.5,204
2026-09-18T03:18:00-04:00,7734.5,7735.25,7734.25,7734.75,163
2026-09-18T03:19:00-04:00,7735.0,7735.0,7734.25,7734.5,271
2026-09-18T03:20:00-04:00,7734.5,7735.25,7734.25,7734.5,249
2026-09-18T03:21:00-04:00,7734.5,7734.75,7734.0,7734.0,290
2026-09-18T03:22:00-04:00,7733.75,7734.5,7733.75,7734.5,399
2026-09-18T03:23:00-04:00,7734.25,7735.25,7734.25,7735.0,291
2026-09-18T03:24:00-04:00,7735.0,7735.25,7733.75,7734.75,386
2026-09-18T03:25:00-04:00,7735.0,7736.25,7734.75,7736.0,580
2026-09-18T03:26:00-04:00,7736.25,7737.25,7736.0,7736.75,407
2026-09-18T03:27:00-04:00,7736.75,7737.0,7736.5,7737.0,231
2026-09-18T03:28:00-04:00,7736.75,7737.75,7736.75,7737.0,461
2026-09-18T03:29:00-04:00,7737.0,7738.0,7737.0,7737.75,234
2026-09-18T03:30:00-04:00,7738.0,7738.75,7737.75,7738.75,383
2026-09-18T03:31:00-04:00,7738.75,7739.25,7737.0,7737.25,353
2026-09-18T03:32:00-04:00,7737.0,7737.25,7736.25,7736.5,460
2026-09-18T03:33:00-04:00,7736.5,7736.75,7735.75,7735.75,357
2026-09-18T03:34:00-04:00,7735.75,7736.0,7735.0,7735.75,317
2026-09-18T03:35:00-04:00,7736.0,7736.25,7735.5,7735.75,182
2026-09-18T03:36:00-04:00,7735.75,7736.0,7735.25,7736.0,188
2026-09-18T03:37:00-04:00,7736.0,7736.5,7735.25,7736.0,365
2026-09-18T03:38:00-04:00,7735.75,7736.25,7734.5,7736.0,528
2026-09-18T03:39:00-04:00,7736.25,7737.0,7735.75,7736.5,368
2026-09-18T03:40:00-04:00,7736.5,7736.5,7734.5,7734.5,252
2026-09-18T03:41:00-04:00,7734.75,7735.5,7734.0,7734.75,417
2026-09-18T03:42:00-04:00,7735.0,7735.0,7733.25,7733.25,284
2026-09-18T03:43:00-04:00,7733.25,7734.75,7733.25,7734.5,681
2026-09-18T03:44:00-04:00,7734.5,7735.0,7734.0,7734.25,132
2026-09-18T03:45:00-04:00,7734.25,7734.5,7734.0,7734.0,250
2026-09-18T03:46:00-04:00,7734.25,7734.5,7733.75,7734.0,166
2026-09-18T03:47:00-04:00,7734.0,7735.75,7734.0,7735.5,490
2026-09-18T03:48:00-04:00,7735.5,7735.5,7734.5,7735.0,211
2026-09-18T03:49:00-04:00,7735.0,7735.25,7735.0,7735.25,174
2026-09-18T03:50:00-04:00,7735.5,7735.5,7734.25,7734.5,163
2026-09-18T03:51:00-04:00,7734.5,7734.75,7734.25,7734.75,123
2026-09-18T03:52:00-04:00,7734.75,7735.25,7734.25,7735.25,207
2026-09-18T03:53:00-04:00,7735.5,7736.5,7735.5,7736.25,145
2026-09-18T03:54:00-04:00,7736.25,7736.75,7736.0,7736.75,90
2026-09-18T03:55:00-04:00,7736.5,7736.5,7735.5,7735.75,173
2026-09-18T03:56:00-04:00,7735.75,7735.75,7735.25,7735.5,229
2026-09-18T03:57:00-04:00,7735.5,7735.5,7734.75,7735.25,160
2026-09-18T03:58:00-04:00,7735.25,7736.0,7734.75,7735.25,470
2026-09-18T03:59:00-04:00,7735.25,7735.25,7733.75,7734.5,301
2026-09-18T04:00:00-04:00,7734.25,7735.5,7733.75,7734.5,677
2026-09-18T04:01:00-04:00,7734.25,7735.0,7733.0,7733.5,517
2026-09-18T04:02:00-04:00,7733.5,7734.5,7733.5,7734.25,283
2026-09-18T04:03:00-04:00,7734.25,7734.5,7733.75,7733.75,140
2026-09-18T04:04:00-04:00,7733.75,7734.25,7732.5,7732.5,384
2026-09-18T04:05:00-04:00,7732.5,7733.0,7732.0,7733.0,287
2026-09-18T04:06:00-04:00,7733.25,7733.5,7732.5,7732.5,206
2026-09-18T04:07:00-04:00,7732.75,7733.5,7732.5,7732.5,189
2026-09-18T04:08:00-04:00,7732.5,7733.0,7732.25,7732.5,269
2026-09-18T04:09:00-04:00,7732.5,7732.5,7730.5,7730.5,208
2026-09-18T04:10:00-04:00,7730.75,7731.5,7730.0,7731.0,290
2026-09-18T04:11:00-04:00,7730.75,7730.75,7729.5,7729.5,258
2026-09-18T04:12:00-04:00,7729.75,7730.25,7728.75,7729.25,716
2026-09-18T04:13:00-04:00,7729.5,7730.5,7729.0,7729.75,251
2026-09-18T04:14:00-04:00,7729.75,7730.0,7729.0,7729.25,144
2026-09-18T04:15:00-04:00,7729.25,7729.25,7728.5,7729.0,262
2026-09-18T04:16:00-04:00,7729.0,7729.75,7729.0,7729.5,148
2026-09-18T04:17:00-04:00,7729.5,7730.0,7729.5,7729.75,204
2026-09-18T04:18:00-04:00,7729.75,7730.25,7729.5,7729.5,146
2026-09-18T04:19:00-04:00,7729.75,7730.25,7729.25,7730.25,208
2026-09-18T04:20:00-04:00,7730.25,7732.0,7730.25,7731.5,316
2026-09-18T04:21:00-04:00,7731.5,7731.75,7730.25,7731.0,226
2026-09-18T04:22:00-04:00,7731.0,7731.0,7729.75,7729.75,195
2026-09-18T04:23:00-04:00,7730.0,7730.25,7728.75,7728.75,267
2026-09-18T04:24:00-04:00,7729.0,7729.5,7728.5,7729.0,199
2026-09-18T04:25:00-04:00,7729.25,7729.75,7729.25,7729.5,135
2026-09-18T04:26:00-04:00,7729.25,7729.25,7728.25,7729.0,152
2026-09-18T04:27:00-04:00,7729.0,7729.0,7728.0,7728.5,272
2026-09-18T04:28:00-04:00,7728.5,7728.5,7726.5,7726.5,530
2026-09-18T04:29:00-04:00,7726.5,7726.75,7725.0,7725.25,520
2026-09-18T04:30:00-04:00,7725.5,7726.25,7724.5,7726.0,434
2026-09-18T04:31:00-04:00,7726.0,7726.75,7725.75,7726.5,271
2026-09-18T04:32:00-04:00,7726.75,7727.75,7725.5,7727.5,398
2026-09-18T04:33:00-04:00,7727.5,7727.75,7726.75,7727.5,194
2026-09-18T04:34:00-04:00,7727.5,7727.75,7727.0,7727.5,138
2026-09-18T04:35:00-04:00,7727.5,7728.25,7727.25,7727.25,185
2026-09-18T04:36:00-04:00,7727.25,7727.5,7727.0,7727.25,226
2026-09-18T04:37:00-04:00,7727.25,7727.25,7726.75,7727.0,165
2026-09-18T04:38:00-04:00,7727.25,7728.0,7726.25,7726.25,221
2026-09-18T04:39:00-04:00,7726.25,7727.5,7726.25,7727.5,164
2026-09-18T04:40:00-04:00,7727.25,7728.0,7726.75,7728.0,240
2026-09-18T04:41:00-04:00,7727.75,7728.0,7727.5,7727.75,299
2026-09-18T04:42:00-04:00,7727.75,7727.75,7727.25,7727.25,143
2026-09-18T04:43:00-04:00,7727.25,7727.75,7727.0,7727.5,230
2026-09-18T04:44:00-04:00,7727.5,7729.25,7727.5,7729.0,296
2026-09-18T04:45:00-04:00,7728.75,7730.25,7728.75,7728.75,289
2026-09-18T04:46:00-04:00,7728.75,7729.0,7728.25,7728.5,168
2026-09-18T04:47:00-04:00,7728.5,7728.75,7728.25,7728.5,67
2026-09-18T04:48:00-04:00,7728.75,7729.25,7728.5,7728.75,288
2026-09-18T04:49:00-04:00,7728.5,7729.0,7728.25,7728.5,178
2026-09-18T04:50:00-04:00,7728.75,7729.5,7728.75,7729.25,103
2026-09-18T04:51:00-04:00,7729.25,7729.25,7728.75,7729.25,236
2026-09-18T04:52:00-04:00,7729.0,7729.5,7728.25,7728.75,309
2026-09-18T04:53:00-04:00,7728.75,7729.25,7728.75,7728.75,178
2026-09-18T04:54:00-04:00,7729.0,7729.25,7727.5,7727.5,289
2026-09-18T04:55:00-04:00,7727.5,7728.25,7727.0,7728.25,167
2026-09-18T04:56:00-04:00,7728.25,7728.75,7727.75,7728.75,137
2026-09-18T04:57:00-04:00,7728.75,7729.0,7728.0,7728.0,100
2026-09-18T04:58:00-04:00,7728.0,7728.0,7727.25,7727.5,131
2026-09-18T04:59:00-04:00,7727.75,7727.75,7727.25,7727.5,82
2026-09-18T05:00:00-04:00,7727.5,7727.5,7726.5,7726.75,438
2026-09-18T05:01:00-04:00,7727.0,7727.0,7726.0,7726.0,183
2026-09-18T05:02:00-04:00,7726.0,7726.5,7725.5,7726.25,197
2026-09-18T05:03:00-04:00,7726.5,7727.0,7726.25,7727.0,206
2026-09-18T05:04:00-04:00,7727.0,7727.25,7726.5,7726.5,196
2026-09-18T05:05:00-04:00,7726.5,7727.0,7726.25,7727.0,168
2026-09-18T05:06:00-04:00,7727.0,7727.5,7727.0,7727.25,288
2026-09-18T05:07:00-04:00,7727.5,7727.5,7727.0,7727.25,143
2026-09-18T05:08:00-04:00,7727.0,7728.5,7727.0,7728.5,121
2026-09-18T05:09:00-04:00,7728.5,7728.5,7726.75,7726.75,172
2026-09-18T05:10:00-04:00,7726.75,7727.75,7726.25,7727.75,272
2026-09-18T05:11:00-04:00,7727.75,7728.25,7727.5,7728.25,44
2026-09-18T05:12:00-04:00,7728.25,7728.25,7727.25,7727.25,77
2026-09-18T05:13:00-04:00,7727.25,7727.5,7727.25,7727.25,73
2026-09-18T05:14:00-04:00,7727.25,7727.25,7726.75,7726.75,93
2026-09-18T05:15:00-04:00,7726.75,7727.0,7726.5,7727.0,103
2026-09-18T05:16:00-04:00,7727.0,7727.75,7726.75,7727.5,114
2026-09-18T05:17:00-04:00,7727.25,7728.25,7727.25,7727.75,118
2026-09-18T05:18:00-04:00,7727.75,7727.75,7727.25,7727.75,98
2026-09-18T05:19:00-04:00,7727.75,7728.5,7727.5,7728.25,115
2026-09-18T05:20:00-04:00,7728.5,7728.5,7727.75,7728.25,123
2026-09-18T05:21:00-04:00,7728.25,7728.25,7727.5,7727.75,107
2026-09-18T05:22:00-04:00,7727.5,7728.5,7727.5,7727.75,176
2026-09-18T05:23:00-04:00,7727.75,7728.0,7727.5,7727.5,80
2026-09-18T05:24:00-04:00,7727.5,7727.75,7727.0,7727.0,77
2026-09-18T05:25:00-04:00,7727.0,7727.25,7726.0,7726.25,143
2026-09-18T05:26:00-04:00,7726.25,7726.25,7724.75,7724.75,246
2026-09-18T05:27:00-04:00,7724.75,7724.75,7723.75,7724.0,491
2026-09-18T05:28:00-04:00,7724.0,7724.25,7723.5,7724.25,200
2026-09-18T05:29:00-04:00,7724.0,7724.25,7723.75,7723.75,258
2026-09-18T05:30:00-04:00,7723.75,7723.75,7722.25,7723.0,276
2026-09-18T05:31:00-04:00,7723.0,7723.25,7722.0,7722.0,265
2026-09-18T05:32:00-04:00,7722.25,7723.25,7722.0,7723.25,202
2026-09-18T05:33:00-04:00,7723.5,7723.75,7722.0,7722.25,330
2026-09-18T05:34:00-04:00,7722.25,7722.5,7721.5,7721.75,214
2026-09-18T05:35:00-04:00,7721.75,7722.25,7721.75,7722.0,97
2026-09-18T05:36:00-04:00,7722.25,7723.0,7721.75,7721.75,188
2026-09-18T05:37:00-04:00,7721.75,7721.75,7720.5,7720.5,242
2026-09-18T05:38:00-04:00,7720.75,7720.75,7719.0,7719.25,408
2026-09-18T05:39:00-04:00,7719.0,7719.5,7718.75,7718.75,359
2026-09-18T05:40:00-04:00,7718.75,7720.0,7718.25,7718.75,367
2026-09-18T05:41:00-04:00,7719.0,7719.25,7718.25,7718.75,295
2026-09-18T05:42:00-04:00,7718.75,7718.75,7718.0,7718.75,349
2026-09-18T05:43:00-04:00,7718.75,7720.0,7718.75,7718.75,198
2026-09-18T05:44:00-04:00,7718.75,7719.25,7717.25,7717.25,299
2026-09-18T05:45:00-04:00,7717.5,7718.0,7716.75,7718.0,305
2026-09-18T05:46:00-04:00,7718.0,7719.0,7718.0,7718.75,279
2026-09-18T05:47:00-04:00,7718.5,7719.0,7718.5,7718.5,209
2026-09-18T05:48:00-04:00,7718.5,7718.75,7717.5,7718.0,277
2026-09-18T05:49:00-04:00,7718.0,7718.5,7717.75,7718.25,135
2026-09-18T05:50:00-04:00,7718.0,7719.25,7717.5,7719.0,444
2026-09-18T05:51:00-04:00,7719.0,7719.75,7718.5,7719.5,296
2026-09-18T05:52:00-04:00,7719.5,7719.5,7718.75,7719.0,222
2026-09-18T05:53:00-04:00,7719.25,7719.5,7718.75,7718.75,143
2026-09-18T05:54:00-04:00,7718.75,7719.25,7718.5,7719.0,128
2026-09-18T05:55:00-04:00,7719.0,7719.0,7718.0,7718.25,195
2026-09-18T05:56:00-04:00,7718.25,7718.5,7717.75,7718.25,153
2026-09-18T05:57:00-04:00,7718.25,7718.75,7717.75,7718.5,189
2026-09-18T05:58:00-04:00,7718.5,7718.75,7718.0,7718.5,316
2026-09-18T05:59:00-04:00,7718.5,7719.25,7716.75,7717.0,461
2026-09-18T06:00:00-04:00,7716.75,7718.0,7716.75,7717.75,320
2026-09-18T06:01:00-04:00,7717.5,7717.75,7716.5,7717.0,350
2026-09-18T06:02:00-04:00,7717.0,7718.0,7717.0,7717.25,146
2026-09-18T06:03:00-04:00,7717.0,7718.0,7717.0,7718.0,180
2026-09-18T06:04:00-04:00,7718.0,7718.25,7716.0,7717.0,370
2026-09-18T06:05:00-04:00,7716.75,7717.75,7716.5,7716.75,247
2026-09-18T06:06:00-04:00,7716.75,7717.75,7716.5,7717.75,271
2026-09-18T06:07:00-04:00,7717.75,7718.5,7717.25,7718.25,180
2026-09-18T06:08:00-04:00,7718.0,7718.25,7717.5,7717.75,197
2026-09-18T06:09:00-04:00,7717.75,7718.0,7717.5,7717.5,94
2026-09-18T06:10:00-04:00,7717.75,7718.25,7717.5,7717.75,120
2026-09-18T06:11:00-04:00,7717.75,7718.0,7716.75,7717.25,289
2026-09-18T06:12:00-04:00,7717.25,7718.0,7717.0,7717.75,197
2026-09-18T06:13:00-04:00,7717.75,7717.75,7717.0,7717.75,130
2026-09-18T06:14:00-04:00,7717.75,7718.5,7717.5,7718.5,197
2026-09-18T06:15:00-04:00,7718.25,7719.25,7718.25,7719.25,257
2026-09-18T06:16:00-04:00,7719.0,7719.25,7718.5,7719.0,156
2026-09-18T06:17:00-04:00,7719.0,7719.5,7719.0,7719.0,223
2026-09-18T06:18:00-04:00,7719.25,7719.75,7719.0,7719.0,227
2026-09-18T06:19:00-04:00,7719.0,7719.0,7718.0,7719.0,214
2026-09-18T06:20:00-04:00,7719.0,7720.25,7719.0,7719.75,186
2026-09-18T06:21:00-04:00,7719.75,7720.0,7719.25,7719.25,133
2026-09-18T06:22:00-04:00,7719.5,7720.25,7719.5,7720.0,116
2026-09-18T06:23:00-04:00,7719.75,7720.0,7719.25,7719.75,152
2026-09-18T06:24:00-04:00,7719.75,7720.0,7718.75,7719.0,162
2026-09-18T06:25:00-04:00,7719.0,7719.25,7718.5,7718.5,283
2026-09-18T06:26:00-04:00,7718.5,7718.5,7717.25,7718.25,1836
2026-09-18T06:27:00-04:00,7718.5,7718.5,7717.25,7718.25,1649
2026-09-18T06:28:00-04:00,7718.0,7718.75,7717.75,7718.75,254
2026-09-18T06:29:00-04:00,7718.75,7719.25,7718.5,7719.25,171
2026-09-18T06:30:00-04:00,7719.25,7721.0,7719.0,7720.25,1164
2026-09-18T06:31:00-04:00,7720.5,7721.5,7720.0,7721.25,382
2026-09-18T06:32:00-04:00,7721.25,7721.75,7721.0,7721.75,241
2026-09-18T06:33:00-04:00,7721.75,7722.75,7721.5,7722.5,341
2026-09-18T06:34:00-04:00,7722.5,7723.0,7722.25,7722.75,292
2026-09-18T06:35:00-04:00,7723.0,7723.5,7722.75,7723.25,337
2026-09-18T06:36:00-04:00,7723.0,7724.0,7723.0,7723.5,265
2026-09-18T06:37:00-04:00,7723.75,7725.0,7723.75,7724.75,268
2026-09-18T06:38:00-04:00,7724.5,7725.25,7724.5,7724.5,240
2026-09-18T06:39:00-04:00,7724.75,7725.0,7723.75,7724.5,627
2026-09-18T06:40:00-04:00,7724.75,7725.0,7724.25,7724.75,272
2026-09-18T06:41:00-04:00,7724.75,7725.25,7724.75,7725.25,223
2026-09-18T06:42:00-04:00,7725.0,7725.25,7724.5,7724.5,295
2026-09-18T06:43:00-04:00,7724.5,7725.25,7724.25,7724.75,125
2026-09-18T06:44:00-04:00,7724.5,7725.0,7724.5,7724.75,137
2026-09-18T06:45:00-04:00,7724.75,7725.0,7723.0,7723.25,325
2026-09-18T06:46:00-04:00,7723.25,7723.25,7722.0,7722.25,264
2026-09-18T06:47:00-04:00,7722.25,7722.5,7722.25,7722.25,84
2026-09-18T06:48:00-04:00,7722.25,7722.5,7721.75,7722.25,182
2026-09-18T06:49:00-04:00,7722.25,7722.75,7722.0,7722.5,141
2026-09-18T06:50:00-04:00,7722.75,7722.75,7722.0,7722.0,133
2026-09-18T06:51:00-04:00,7722.25,7722.25,7721.75,7722.0,231
2026-09-18T06:52:00-04:00,7722.0,7722.25,7721.5,7722.0,128
2026-09-18T06:53:00-04:00,7722.0,7722.0,7721.75,7721.75,113
2026-09-18T06:54:00-04:00,7722.0,7722.25,7720.25,7720.75,438
2026-09-18T06:55:00-04:00,7720.75,7721.0,7720.0,7720.75,283
2026-09-18T06:56:00-04:00,7720.5,7721.75,7720.25,7721.75,333
2026-09-18T06:57:00-04:00,7721.5,7721.75,7720.75,7720.75,178
2026-09-18T06:58:00-04:00,7720.75,7721.0,7719.75,7720.0,300
2026-09-18T06:59:00-04:00,7720.0,7720.5,7719.75,7720.25,187
2026-09-18T07:00:00-04:00,7720.25,7720.25,7717.25,7718.5,942
2026-09-18T07:01:00-04:00,7718.75,7720.5,7718.25,7719.75,580
2026-09-18T07:02:00-04:00,7719.75,7720.75,7719.75,7720.0,299
2026-09-18T07:03:00-04:00,7720.0,7721.25,7720.0,7721.25,404
2026-09-18T07:04:00-04:00,7721.5,7724.0,7721.5,7724.0,930
2026-09-18T07:05:00-04:00,7724.0,7724.0,7714.25,7714.75,4431
2026-09-18T07:06:00-04:00,7714.75,7717.25,7713.75,7717.0,1986
2026-09-18T07:07:00-04:00,7717.25,7717.75,7716.0,7717.25,274
2026-09-18T07:08:00-04:00,7717.5,7718.25,7717.0,7717.25,393
2026-09-18T07:09:00-04:00,7717.25,7718.25,7716.75,7717.75,422
2026-09-18T07:10:00-04:00,7718.0,7718.75,7717.5,7718.75,440
2026-09-18T07:11:00-04:00,7718.75,7719.25,7718.0,7718.25,301
2026-09-18T07:12:00-04:00,7718.5,7719.0,7718.0,7718.5,246
2026-09-18T07:13:00-04:00,7718.5,7718.5,7715.5,7715.5,312
2026-09-18T07:14:00-04:00,7715.25,7717.5,7714.75,7717.5,348
2026-09-18T07:15:00-04:00,7717.25,7717.25,7715.5,7715.75,368
2026-09-18T07:16:00-04:00,7715.75,7715.75,7714.25,7714.5,325
2026-09-18T07:17:00-04:00,7714.25,7714.25,7711.75,7712.75,795
2026-09-18T07:18:00-04:00,7713.0,7713.75,7712.75,7713.0,245
2026-09-18T07:19:00-04:00,7713.0,7713.5,7712.25,7713.25,376
2026-09-18T07:20:00-04:00,7713.25,7713.25,7711.5,7712.0,392
2026-09-18T07:21:00-04:00,7712.0,7713.5,7712.0,7712.5,412
2026-09-18T07:22:00-04:00,7712.75,7714.75,7712.5,7714.5,400
2026-09-18T07:23:00-04:00,7714.25,7714.5,7713.25,7714.5,248
2026-09-18T07:24:00-04:00,7714.25,7714.5,7713.0,7713.25,404
2026-09-18T07:25:00-04:00,7713.25,7714.0,7713.25,7713.25,299
2026-09-18T07:26:00-04:00,7713.25,7713.75,7713.25,7713.5,180
2026-09-18T07:27:00-04:00,7713.25,7713.5,7712.5,7712.75,363
2026-09-18T07:28:00-04:00,7713.0,7713.5,7712.5,7713.25,270
2026-09-18T07:29:00-04:00,7713.25,7713.5,7712.25,7713.0,346
2026-09-18T07:30:00-04:00,7712.75,7714.0,7712.75,7714.0,344
2026-09-18T07:31:00-04:00,7714.0,7716.25,7713.75,7716.25,359
2026-09-18T07:32:00-04:00,7716.0,7716.25,7715.5,7716.25,282
2026-09-18T07:33:00-04:00,7716.25,7716.5,7715.5,7715.5,558
2026-09-18T07:34:00-04:00,7715.25,7715.75,7714.0,7715.0,738
2026-09-18T07:35:00-04:00,7715.0,7715.5,7714.5,7715.5,457
2026-09-18T07:36:00-04:00,7715.5,7717.25,7715.5,7717.25,269
2026-09-18T07:37:00-04:00,7717.0,7717.75,7717.0,7717.75,240
2026-09-18T07:38:00-04:00,7717.75,7717.75,7716.25,7716.25,246
2026-09-18T07:39:00-04:00,7716.0,7716.75,7715.75,7716.25,192
2026-09-18T07:40:00-04:00,7716.25,7716.5,7714.75,7715.75,300
2026-09-18T07:41:00-04:00,7715.75,7716.25,7715.75,7716.0,180
2026-09-18T07:42:00-04:00,7716.0,7716.25,7714.0,7714.0,390
2026-09-18T07:43:00-04:00,7714.0,7714.5,7713.25,7713.25,317
2026-09-18T07:44:00-04:00,7713.5,7713.75,7712.25,7713.0,429
2026-09-18T07:45:00-04:00,7713.0,7713.5,7712.5,7712.5,296
2026-09-18T07:46:00-04:00,7712.5,7714.0,7712.0,7713.75,305
2026-09-18T07:47:00-04:00,7713.5,7714.0,7713.25,7714.0,126
2026-09-18T07:48:00-04:00,7714.0,7714.0,7713.5,7713.75,222
2026-09-18T07:49:00-04:00,7713.75,7714.25,7713.25,7713.75,223
2026-09-18T07:50:00-04:00,7713.5,7713.75,7713.25,7713.5,229
2026-09-18T07:51:00-04:00,7713.25,7713.5,7712.75,7713.0,306
2026-09-18T07:52:00-04:00,7712.75,7713.0,7712.25,7712.75,225
2026-09-18T07:53:00-04:00,7712.75,7714.0,7712.75,7714.0,182
2026-09-18T07:54:00-04:00,7713.75,7714.0,7713.25,7713.5,128
2026-09-18T07:55:00-04:00,7713.75,7714.0,7712.5,7712.5,241
2026-09-18T07:56:00-04:00,7712.25,7712.75,7711.75,7712.25,451
2026-09-18T07:57:00-04:00,7712.0,7712.75,7710.75,7711.0,338
2026-09-18T07:58:00-04:00,7711.0,7711.5,7710.25,7711.5,510
2026-09-18T07:59:00-04:00,7711.5,7712.25,7711.25,7712.0,300
2026-09-18T08:00:00-04:00,7712.25,7712.5,7709.25,7709.5,578
2026-09-18T08:01:00-04:00,7709.5,7710.0,7708.5,7709.5,533
2026-09-18T08:02:00-04:00,7709.75,7710.5,7708.5,7708.5,361
2026-09-18T08:03:00-04:00,7708.5,7709.25,7708.25,7709.25,350
2026-09-18T08:04:00-04:00,7709.25,7714.5,7708.5,7712.5,2243
2026-09-18T08:05:00-04:00,7712.5,7715.0,7708.25,7709.0,3827
2026-09-18T08:06:00-04:00,7708.75,7709.0,7707.75,7708.0,599
2026-09-18T08:07:00-04:00,7708.25,7708.5,7706.25,7706.5,1022
2026-09-18T08:08:00-04:00,7706.5,7707.5,7705.75,7706.25,869
2026-09-18T08:09:00-04:00,7706.25,7706.5,7705.5,7705.5,720
2026-09-18T08:10:00-04:00,7705.75,7705.75,7704.5,7705.25,914
2026-09-18T08:11:00-04:00,7705.25,7705.5,7703.75,7704.0,625
2026-09-18T08:12:00-04:00,7704.0,7704.25,7703.0,7703.25,805
2026-09-18T08:13:00-04:00,7703.5,7703.5,7702.75,7703.0,704
2026-09-18T08:14:00-04:00,7703.0,7703.25,7702.0,7703.0,411
2026-09-18T08:15:00-04:00,7703.25,7703.75,7702.75,7703.0,469
2026-09-18T08:16:00-04:00,7703.0,7703.5,7702.0,7702.5,642
2026-09-18T08:17:00-04:00,7702.5,7702.75,7701.75,7702.25,293
2026-09-18T08:18:00-04:00,7702.5,7705.5,7701.25,7703.25,1562
2026-09-18T08:19:00-04:00,7703.25,7703.25,7701.0,7701.0,704
2026-09-18T08:20:00-04:00,7701.0,7701.0,7698.75,7699.0,1516
2026-09-18T08:21:00-04:00,7699.0,7700.25,7698.75,7700.0,953
2026-09-18T08:22:00-04:00,7700.0,7702.5,7700.0,7701.75,819
2026-09-18T08:23:00-04:00,7701.75,7701.75,7698.5,7698.5,833
2026-09-18T08:24:00-04:00,7698.75,7699.0,7697.75,7697.75,656
2026-09-18T08:25:00-04:00,7698.0,7699.0,7697.75,7698.75,458
2026-09-18T08:26:00-04:00,7698.75,7700.5,7698.75,7699.5,568
2026-09-18T08:27:00-04:00,7699.75,7700.0,7699.0,7699.5,327
2026-09-18T08:28:00-04:00,7699.5,7700.5,7699.5,7700.25,380
2026-09-18T08:29:00-04:00,7700.0,7700.25,7699.0,7699.0,452
2026-09-18T08:30:00-04:00,7699.0,7700.0,7698.5,7699.25,407
2026-09-18T08:31:00-04:00,7699.5,7700.5,7698.0,7698.0,746
2026-09-18T08:32:00-04:00,7698.0,7700.0,7698.0,7699.5,523
2026-09-18T08:33:00-04:00,7699.5,7703.0,7699.25,7701.75,757
2026-09-18T08:34:00-04:00,7702.0,7702.5,7700.75,7702.25,413
2026-09-18T08:35:00-04:00,7702.0,7703.25,7701.25,7702.75,729
2026-09-18T08:36:00-04:00,7703.0,7703.25,7702.25,7703.0,580
2026-09-18T08:37:00-04:00,7703.0,7703.0,7699.5,7700.25,767
2026-09-18T08:38:00-04:00,7700.5,7703.0,7700.5,7702.25,588
2026-09-18T08:39:00-04:00,7702.5,7702.5,7701.75,7702.0,379
2026-09-18T08:40:00-04:00,7702.0,7702.5,7701.75,7702.0,349
2026-09-18T08:41:00-04:00,7702.0,7702.5,7700.75,7702.5,737
2026-09-18T08:42:00-04:00,7702.5,7703.5,7701.75,7703.5,715
2026-09-18T08:43:00-04:00,7703.25,7703.75,7702.5,7702.5,510
2026-09-18T08:44:00-04:00,7702.5,7702.75,7701.75,7702.5,274
2026-09-18T08:45:00-04:00,7702.25,7703.0,7702.0,7702.5,393
2026-09-18T08:46:00-04:00,7702.25,7703.25,7702.0,7702.5,487
2026-09-18T08:47:00-04:00,7702.75,7703.5,7701.75,7702.5,808
2026-09-18T08:48:00-04:00,7702.5,7702.5,7701.25,7702.0,427
2026-09-18T08:49:00-04:00,7702.25,7702.25,7701.0,7701.0,360
2026-09-18T08:50:00-04:00,7701.0,7701.5,7700.5,7701.25,549
2026-09-18T08:51:00-04:00,7701.0,7702.25,7701.0,7702.0,393
2026-09-18T08:52:00-04:00,7701.75,7701.75,7700.75,7701.0,399
2026-09-18T08:53:00-04:00,7701.0,7701.5,7700.75,7701.5,240
2026-09-18T08:54:00-04:00,7701.25,7701.5,7701.25,7701.5,258
2026-09-18T08:55:00-04:00,7701.75,7702.0,7701.25,7701.75,357
2026-09-18T08:56:00-04:00,7701.5,7701.5,7700.5,7701.0,417
2026-09-18T08:57:00-04:00,7701.0,7701.25,7700.0,7700.75,419
2026-09-18T08:58:00-04:00,7700.75,7701.0,7699.25,7699.75,543
2026-09-18T08:59:00-04:00,7699.75,7701.0,7699.5,7700.75,655
2026-09-18T09:00:00-04:00,7700.75,7701.25,7700.0,7701.0,965
2026-09-18T09:01:00-04:00,7701.25,7702.25,7700.75,7700.75,584
2026-09-18T09:02:00-04:00,7700.75,7701.25,7699.25,7699.75,1311
2026-09-18T09:03:00-04:00,7699.75,7700.5,7699.5,7700.5,586
2026-09-18T09:04:00-04:00,7700.5,7701.0,7700.0,7700.25,528
2026-09-18T09:05:00-04:00,7700.25,7701.0,7700.25,7701.0,703
2026-09-18T09:06:00-04:00,7701.0,7702.5,7701.0,7701.5,708
2026-09-18T09:07:00-04:00,7701.25,7701.5,7700.0,7700.5,796
2026-09-18T09:08:00-04:00,7700.75,7702.0,7700.25,7701.5,1202
2026-09-18T09:09:00-04:00,7701.5,7702.0,7701.0,7701.75,585
2026-09-18T09:10:00-04:00,7701.75,7702.5,7701.5,7702.25,466
2026-09-18T09:11:00-04:00,7702.25,7703.0,7702.0,7702.75,414
2026-09-18T09:12:00-04:00,7702.75,7703.0,7701.5,7701.75,483
2026-09-18T09:13:00-04:00,7701.75,7702.0,7701.25,7701.75,827
2026-09-18T09:14:00-04:00,7701.75,7701.75,7701.0,7701.5,574
2026-09-18T09:15:00-04:00,7701.5,7701.75,7701.0,7701.5,530
2026-09-18T09:16:00-04:00,7701.5,7703.0,7701.5,7703.0,1480
2026-09-18T09:17:00-04:00,7702.75,7703.25,7702.25,7702.5,1008
2026-09-18T09:18:00-04:00,7702.5,7703.0,7701.75,7702.0,496
2026-09-18T09:19:00-04:00,7701.75,7702.75,7701.5,7702.75,259
2026-09-18T09:20:00-04:00,7702.5,7702.75,7701.5,7701.75,349
2026-09-18T09:21:00-04:00,7701.75,7702.25,7701.25,7702.25,377
2026-09-18T09:22:00-04:00,7702.25,7702.5,7701.0,7701.0,569
2026-09-18T09:23:00-04:00,7701.25,7701.25,7700.0,7700.5,672
2026-09-18T09:24:00-04:00,7700.5,7700.75,7698.0,7698.25,1550
2026-09-18T09:25:00-04:00,7698.0,7698.0,7693.5,7695.0,5226
2026-09-18T09:26:00-04:00,7695.25,7696.0,7692.25,7693.75,3221
2026-09-18T09:27:00-04:00,7693.75,7702.75,7692.75,7702.0,5273
2026-09-18T09:28:00-04:00,7701.75,7706.5,7701.25,7705.75,8359
2026-09-18T09:29:00-04:00,7706.0,7710.0,7704.25,7709.75,7374
2026-09-18T09:30:00-04:00,7710.0,7713.0,7706.25,7708.75,17926
2026-09-18T09:31:00-04:00,7708.75,7713.25,7708.0,7713.25,6741
2026-09-18T09:32:00-04:00,7713.0,7714.5,7710.25,7712.0,6397
2026-09-18T09:33:00-04:00,7712.25,7712.25,7708.5,7708.75,4545
2026-09-18T09:34:00-04:00,7709.0,7710.25,7706.75,7706.75,3923
2026-09-18T09:35:00-04:00,7706.75,7706.75,7702.75,7703.25,7394
2026-09-18T09:36:00-04:00,7703.5,7704.75,7701.75,7704.0,4685
2026-09-18T09:37:00-04:00,7704.0,7706.5,7702.5,7706.5,4029
2026-09-18T09:38:00-04:00,7706.5,7708.0,7704.75,7705.0,3587
2026-09-18T09:39:00-04:00,7705.25,7706.75,7704.75,7705.0,2483
2026-09-18T09:40:00-04:00,7705.25,7708.75,7704.5,7707.0,4315
2026-09-18T09:41:00-04:00,7707.0,7710.25,7705.25,7708.75,3536
2026-09-18T09:42:00-04:00,7708.75,7708.75,7706.25,7707.0,3211
2026-09-18T09:43:00-04:00,7707.0,7709.0,7703.75,7704.25,3415
2026-09-18T09:44:00-04:00,7704.25,7705.25,7703.5,7705.0,3335
2026-09-18T09:45:00-04:00,7705.0,7706.5,7704.5,7706.25,3197
2026-09-18T09:46:00-04:00,7706.0,7707.5,7705.5,7707.0,2628
2026-09-18T09:47:00-04:00,7707.25,7707.25,7703.25,7703.5,3189
2026-09-18T09:48:00-04:00,7703.25,7704.25,7701.75,7701.75,2847
2026-09-18T09:49:00-04:00,7702.0,7702.5,7700.5,7701.0,3659
2026-09-18T09:50:00-04:00,7700.75,7701.25,7698.0,7698.75,4945
2026-09-18T09:51:00-04:00,7698.75,7699.25,7697.0,7699.0,3950
2026-09-18T09:52:00-04:00,7699.25,7701.25,7698.0,7701.0,3063
2026-09-18T09:53:00-04:00,7701.0,7701.25,7698.0,7698.0,2848
2026-09-18T09:54:00-04:00,7698.0,7698.75,7694.75,7695.0,4793
2026-09-18T09:55:00-04:00,7695.0,7696.5,7693.75,7696.0,4092
2026-09-18T09:56:00-04:00,7696.25,7697.0,7695.25,7695.75,2803
2026-09-18T09:57:00-04:00,7695.75,7695.75,7692.5,7694.0,4171
2026-09-18T09:58:00-04:00,7694.0,7696.0,7693.25,7693.25,3325
2026-09-18T09:59:00-04:00,7693.25,7693.25,7691.25,7693.0,3205
2026-09-18T10:00:00-04:00,7693.0,7694.25,7690.5,7694.0,5214
2026-09-18T10:01:00-04:00,7693.75,7695.25,7689.75,7690.0,4962
2026-09-18T10:02:00-04:00,7690.0,7690.0,7685.75,7686.5,5857
2026-09-18T10:03:00-04:00,7686.25,7687.25,7685.0,7685.75,4912
2026-09-18T10:04:00-04:00,7685.5,7687.5,7685.5,7686.25,4501
2026-09-18T10:05:00-04:00,7686.25,7686.75,7684.0,7686.5,5223
2026-09-18T10:06:00-04:00,7686.5,7688.5,7685.5,7687.25,4796
2026-09-18T10:07:00-04:00,7687.0,7687.0,7684.75,7685.25,3672
2026-09-18T10:08:00-04:00,7685.5,7688.0,7684.75,7687.75,4272
2026-09-18T10:09:00-04:00,7688.0,7690.5,7687.0,7690.25,3837
2026-09-18T10:10:00-04:00,7690.0,7694.0,7690.0,7694.0,5099
2026-09-18T10:11:00-04:00,7694.0,7695.0,7693.25,7694.75,4218
2026-09-18T10:12:00-04:00,7694.75,7695.0,7690.5,7692.5,4982
2026-09-18T10:13:00-04:00,7692.25,7692.75,7688.25,7690.5,5478
2026-09-18T10:14:00-04:00,7690.75,7691.0,7687.5,7688.0,3425
2026-09-18T10:15:00-04:00,7687.75,7689.0,7686.5,7687.25,3197
2026-09-18T10:16:00-04:00,7687.25,7687.75,7683.25,7684.0,4301
2026-09-18T10:17:00-04:00,7684.0,7687.0,7683.25,7685.75,4016
2026-09-18T10:18:00-04:00,7685.75,7688.5,7685.75,7688.5,2810
2026-09-18T10:19:00-04:00,7688.5,7689.5,7687.0,7689.25,3080
2026-09-18T10:20:00-04:00,7689.25,7689.75,7686.5,7687.75,3756
2026-09-18T10:21:00-04:00,7687.75,7689.25,7687.5,7688.5,2571
2026-09-18T10:22:00-04:00,7688.5,7691.75,7688.5,7691.5,3618
2026-09-18T10:23:00-04:00,7691.25,7691.5,7689.0,7691.0,2901
2026-09-18T10:24:00-04:00,7691.0,7691.0,7687.0,7687.0,2599
2026-09-18T10:25:00-04:00,7687.25,7688.0,7686.25,7687.25,1867
2026-09-18T10:26:00-04:00,7687.0,7688.75,7686.75,7687.0,2298
2026-09-18T10:27:00-04:00,7687.25,7690.0,7687.25,7689.5,1837
2026-09-18T10:28:00-04:00,7689.25,7692.0,7689.25,7690.0,2509
2026-09-18T10:29:00-04:00,7690.0,7690.25,7688.75,7689.0,1908
2026-09-18T10:30:00-04:00,7688.75,7690.0,7688.25,7689.0,2772
2026-09-18T10:31:00-04:00,7688.75,7689.5,7687.0,7687.25,3061
2026-09-18T10:32:00-04:00,7687.5,7689.75,7687.25,7688.5,2592
2026-09-18T10:33:00-04:00,7688.5,7688.75,7687.0,7688.0,2681
2026-09-18T10:34:00-04:00,7688.0,7688.5,7686.25,7687.5,2184
2026-09-18T10:35:00-04:00,7687.5,7688.75,7686.75,7687.25,2215
2026-09-18T10:36:00-04:00,7687.5,7687.5,7685.25,7686.25,3166
2026-09-18T10:37:00-04:00,7686.25,7688.5,7686.0,7687.75,2177
2026-09-18T10:38:00-04:00,7687.75,7689.25,7687.75,7689.0,1701
2026-09-18T10:39:00-04:00,7689.0,7693.5,7688.75,7690.5,8660
2026-09-18T10:40:00-04:00,7690.5,7690.75,7689.0,7690.5,2878
2026-09-18T10:41:00-04:00,7690.5,7690.75,7688.0,7689.0,2669
2026-09-18T10:42:00-04:00,7689.25,7689.25,7684.5,7685.75,2956
2026-09-18T10:43:00-04:00,7686.0,7686.0,7684.0,7684.75,2714
2026-09-18T10:44:00-04:00,7684.75,7685.75,7684.25,7685.5,2025
2026-09-18T10:45:00-04:00,7685.75,7686.25,7684.0,7685.25,2712
2026-09-18T10:46:00-04:00,7685.0,7689.0,7685.0,7687.5,3287
2026-09-18T10:47:00-04:00,7687.75,7689.0,7686.25,7686.75,2412
2026-09-18T10:48:00-04:00,7686.5,7688.0,7686.25,7688.0,2114
2026-09-18T10:49:00-04:00,7688.0,7690.75,7687.75,7690.0,2806
2026-09-18T10:50:00-04:00,7690.0,7692.0,7688.75,7691.75,3154
2026-09-18T10:51:00-04:00,7691.75,7693.25,7690.75,7693.0,3291
2026-09-18T10:52:00-04:00,7693.25,7695.25,7692.25,7694.5,4119
2026-09-18T10:53:00-04:00,7694.5,7695.0,7693.5,7694.5,3078
2026-09-18T10:54:00-04:00,7694.5,7694.5,7692.5,7693.75,1979
2026-09-18T10:55:00-04:00,7694.0,7694.75,7692.5,7692.75,2097
2026-09-18T10:56:00-04:00,7693.0,7693.75,7692.0,7692.5,1582
2026-09-18T10:57:00-04:00,7692.75,7693.25,7691.75,7692.75,1943
2026-09-18T10:58:00-04:00,7692.75,7694.25,7692.25,7693.0,2412
2026-09-18T10:59:00-04:00,7693.25,7695.25,7693.25,7695.0,2279
2026-09-18T11:00:00-04:00,7695.0,7695.5,7693.0,7693.75,3077
2026-09-18T11:01:00-04:00,7694.0,7694.25,7692.0,7692.25,1686
2026-09-18T11:02:00-04:00,7692.25,7692.25,7689.5,7691.5,3430
2026-09-18T11:03:00-04:00,7691.5,7693.25,7690.25,7692.75,2444
2026-09-18T11:04:00-04:00,7692.75,7693.25,7691.75,7692.5,1582
2026-09-18T11:05:00-04:00,7692.25,7695.0,7691.5,7695.0,2340
2026-09-18T11:06:00-04:00,7695.0,7696.0,7693.25,7694.75,2662
2026-09-18T11:07:00-04:00,7694.75,7695.75,7694.25,7695.75,1798
2026-09-18T11:08:00-04:00,7695.75,7695.75,7693.5,7695.25,1730
2026-09-18T11:09:00-04:00,7695.25,7695.5,7692.75,7693.0,1949
2026-09-18T11:10:00-04:00,7692.75,7694.75,7692.25,7694.5,1731
2026-09-18T11:11:00-04:00,7694.75,7695.0,7691.75,7692.0,1974
2026-09-18T11:12:00-04:00,7691.75,7692.5,7691.0,7691.5,1729
2026-09-18T11:13:00-04:00,7691.5,7693.25,7690.5,7692.75,2493
2026-09-18T11:14:00-04:00,7692.5,7692.75,7690.5,7691.25,1253
2026-09-18T11:15:00-04:00,7691.25,7692.75,7691.0,7692.0,1451
2026-09-18T11:16:00-04:00,7692.0,7692.25,7690.0,7690.0,1625
2026-09-18T11:17:00-04:00,7690.25,7692.0,7690.0,7690.5,1919
2026-09-18T11:18:00-04:00,7690.75,7691.75,7690.0,7690.5,1336
2026-09-18T11:19:00-04:00,7690.5,7693.5,7690.5,7693.25,1830
2026-09-18T11:20:00-04:00,7693.25,7694.0,7692.5,7693.75,1819
2026-09-18T11:21:00-04:00,7693.75,7693.75,7692.0,7692.0,1464
2026-09-18T11:22:00-04:00,7692.0,7694.0,7692.0,7692.5,1536
2026-09-18T11:23:00-04:00,7692.75,7694.5,7692.5,7693.25,1457
2026-09-18T11:24:00-04:00,7693.25,7694.0,7692.5,7693.75,1349
2026-09-18T11:25:00-04:00,7693.75,7695.0,7693.5,7694.75,1377
2026-09-18T11:26:00-04:00,7694.75,7696.25,7694.75,7695.0,2005
2026-09-18T11:27:00-04:00,7695.25,7695.75,7694.5,7695.0,1344
2026-09-18T11:28:00-04:00,7695.25,7696.0,7695.0,7695.25,1618
2026-09-18T11:29:00-04:00,7695.25,7696.25,7694.0,7695.5,2331
2026-09-18T11:30:00-04:00,7695.5,7697.0,7691.5,7692.75,6316
2026-09-18T11:31:00-04:00,7692.75,7693.5,7691.25,7692.0,4417
2026-09-18T11:32:00-04:00,7692.0,7692.5,7690.5,7692.25,2420
2026-09-18T11:33:00-04:00,7692.5,7693.75,7691.75,7693.25,1957
2026-09-18T11:34:00-04:00,7693.25,7693.75,7691.5,7693.75,1902
2026-09-18T11:35:00-04:00,7693.5,7694.25,7692.75,7693.75,1643
2026-09-18T11:36:00-04:00,7694.0,7694.75,7692.75,7693.75,1598
2026-09-18T11:37:00-04:00,7693.75,7693.75,7691.5,7691.75,1836
2026-09-18T11:38:00-04:00,7691.5,7691.75,7689.5,7689.75,2914
2026-09-18T11:39:00-04:00,7690.0,7690.0,7687.75,7688.5,3182
2026-09-18T11:40:00-04:00,7688.25,7688.5,7686.5,7687.25,3891
2026-09-18T11:41:00-04:00,7687.25,7688.5,7687.0,7687.75,2557
2026-09-18T11:42:00-04:00,7687.75,7688.75,7687.0,7688.75,2347
2026-09-18T11:43:00-04:00,7688.5,7689.5,7688.25,7688.25,1613
2026-09-18T11:44:00-04:00,7688.5,7689.0,7687.5,7688.25,2172
2026-09-18T11:45:00-04:00,7688.5,7689.5,7686.5,7686.5,2121
2026-09-18T11:46:00-04:00,7686.5,7688.5,7686.5,7687.0,2062
2026-09-18T11:47:00-04:00,7687.0,7687.5,7686.5,7687.0,1304
2026-09-18T11:48:00-04:00,7687.0,7688.0,7686.25,7687.25,1320
2026-09-18T11:49:00-04:00,7687.25,7687.75,7686.5,7687.0,1404
2026-09-18T11:50:00-04:00,7687.0,7688.75,7686.25,7688.75,1483
2026-09-18T11:51:00-04:00,7688.75,7689.0,7687.25,7687.5,1339
2026-09-18T11:52:00-04:00,7687.25,7687.25,7685.75,7687.25,1180
2026-09-18T11:53:00-04:00,7687.25,7687.5,7685.0,7685.25,1143
2026-09-18T11:54:00-04:00,7685.25,7685.75,7684.25,7684.75,1555
2026-09-18T11:55:00-04:00,7685.0,7685.75,7684.75,7685.0,1568
2026-09-18T11:56:00-04:00,7685.25,7687.5,7685.25,7686.75,1795
2026-09-18T11:57:00-04:00,7687.0,7687.5,7685.25,7685.5,1534
2026-09-18T11:58:00-04:00,7685.25,7685.75,7684.0,7684.0,1567
2026-09-18T11:59:00-04:00,7684.0,7685.5,7683.75,7685.5,1852
2026-09-18T12:00:00-04:00,7685.25,7685.5,7682.75,7683.5,2332
2026-09-18T12:01:00-04:00,7683.5,7684.5,7682.25,7683.0,1838
2026-09-18T12:02:00-04:00,7682.75,7684.25,7682.0,7683.75,1844
2026-09-18T12:03:00-04:00,7683.5,7684.5,7682.75,7683.5,1128
2026-09-18T12:04:00-04:00,7683.5,7683.75,7682.75,7683.5,1319
2026-09-18T12:05:00-04:00,7683.5,7684.75,7683.25,7684.25,1253
2026-09-18T12:06:00-04:00,7684.25,7686.75,7684.25,7686.25,2133
2026-09-18T12:07:00-04:00,7686.5,7687.75,7686.25,7687.75,1805
2026-09-18T12:08:00-04:00,7687.75,7687.75,7685.25,7685.25,1167
2026-09-18T12:09:00-04:00,7685.0,7687.0,7685.0,7687.0,1561
2026-09-18T12:10:00-04:00,7687.0,7687.25,7685.75,7686.25,1135
2026-09-18T12:11:00-04:00,7686.5,7687.25,7685.75,7686.5,1191
2026-09-18T12:12:00-04:00,7686.25,7687.5,7686.25,7686.5,1451
2026-09-18T12:13:00-04:00,7686.5,7686.75,7685.25,7685.25,1599
2026-09-18T12:14:00-04:00,7685.0,7686.75,7685.0,7685.75,1558
2026-09-18T12:15:00-04:00,7685.75,7686.25,7684.5,7684.75,1796
2026-09-18T12:16:00-04:00,7684.5,7685.75,7684.25,7684.5,1390
2026-09-18T12:17:00-04:00,7684.75,7686.25,7684.75,7685.5,1280
2026-09-18T12:18:00-04:00,7685.5,7687.25,7685.5,7686.25,1066
2026-09-18T12:19:00-04:00,7686.25,7686.5,7685.75,7686.5,852
2026-09-18T12:20:00-04:00,7686.5,7686.5,7684.5,7685.25,1233
2026-09-18T12:21:00-04:00,7685.5,7685.75,7684.75,7685.5,964
2026-09-18T12:22:00-04:00,7685.25,7685.5,7684.0,7684.5,700
2026-09-18T12:23:00-04:00,7684.5,7684.75,7678.25,7678.5,4756
2026-09-18T12:24:00-04:00,7678.5,7678.75,7677.25,7677.75,4051
2026-09-18T12:25:00-04:00,7677.75,7678.0,7675.0,7677.0,5251
2026-09-18T12:26:00-04:00,7677.0,7678.5,7676.25,7677.5,2769
2026-09-18T12:27:00-04:00,7677.5,7680.0,7677.5,7679.75,2509
2026-09-18T12:28:00-04:00,7679.75,7683.25,7679.25,7681.5,10010
2026-09-18T12:29:00-04:00,7681.5,7684.75,7681.0,7683.25,4376
2026-09-18T12:30:00-04:00,7683.25,7685.25,7681.25,7685.25,4253
2026-09-18T12:31:00-04:00,7685.25,7685.5,7683.0,7683.25,2485
2026-09-18T12:32:00-04:00,7683.25,7684.75,7682.75,7684.5,1734
2026-09-18T12:33:00-04:00,7684.5,7687.75,7684.25,7687.25,4775
2026-09-18T12:34:00-04:00,7687.25,7689.0,7686.5,7687.0,2779
2026-09-18T12:35:00-04:00,7687.0,7688.5,7686.5,7687.0,1821
2026-09-18T12:36:00-04:00,7687.25,7688.0,7685.75,7685.75,1571
2026-09-18T12:37:00-04:00,7685.75,7686.75,7685.25,7685.25,1319
2026-09-18T12:38:00-04:00,7685.25,7686.5,7684.0,7684.5,2061
2026-09-18T12:39:00-04:00,7684.5,7686.75,7684.25,7685.5,1284
2026-09-18T12:40:00-04:00,7685.5,7686.25,7685.0,7685.0,1151
2026-09-18T12:41:00-04:00,7685.25,7685.75,7684.25,7684.25,1069
2026-09-18T12:42:00-04:00,7684.5,7687.0,7684.0,7686.75,1260
2026-09-18T12:43:00-04:00,7687.0,7687.25,7685.75,7686.0,933
2026-09-18T12:44:00-04:00,7686.25,7688.75,7686.0,7686.75,1959
2026-09-18T12:45:00-04:00,7686.75,7687.25,7686.0,7686.75,1632
2026-09-18T12:46:00-04:00,7686.75,7687.25,7685.25,7685.25,984
2026-09-18T12:47:00-04:00,7685.25,7686.25,7683.5,7686.0,1819
2026-09-18T12:48:00-04:00,7686.0,7686.0,7684.75,7685.0,1384
2026-09-18T12:49:00-04:00,7685.0,7687.75,7685.0,7687.5,1438
2026-09-18T12:50:00-04:00,7687.5,7688.75,7687.5,7688.0,1768
2026-09-18T12:51:00-04:00,7688.0,7689.5,7687.5,7689.0,1479
2026-09-18T12:52:00-04:00,7688.75,7690.75,7688.75,7690.25,2488
2026-09-18T12:53:00-04:00,7690.5,7691.5,7690.25,7691.0,1510
2026-09-18T12:54:00-04:00,7691.0,7691.0,7690.0,7690.25,1374
2026-09-18T12:55:00-04:00,7690.5,7690.75,7689.75,7690.5,1022
2026-09-18T12:56:00-04:00,7690.5,7690.75,7689.25,7689.75,1056
2026-09-18T12:57:00-04:00,7689.75,7690.75,7689.75,7690.25,952
2026-09-18T12:58:00-04:00,7690.25,7691.5,7689.0,7689.75,3312
2026-09-18T12:59:00-04:00,7689.5,7690.0,7689.0,7689.75,1245
2026-09-18T13:00:00-04:00,7690.0,7690.0,7687.5,7688.5,2309
2026-09-18T13:01:00-04:00,7688.5,7689.25,7688.25,7689.0,976
2026-09-18T13:02:00-04:00,7688.75,7689.75,7688.75,7689.25,887
2026-09-18T13:03:00-04:00,7689.0,7690.75,7688.75,7690.0,1033
2026-09-18T13:04:00-04:00,7690.0,7690.25,7689.5,7689.75,752
2026-09-18T13:05:00-04:00,7689.5,7691.0,7689.25,7690.75,1140
2026-09-18T13:06:00-04:00,7690.5,7691.5,7690.25,7690.25,1013
2026-09-18T13:07:00-04:00,7690.25,7691.0,7690.0,7690.75,613
2026-09-18T13:08:00-04:00,7690.75,7691.5,7690.0,7690.0,886
2026-09-18T13:09:00-04:00,7690.25,7690.25,7688.5,7689.25,1267
2026-09-18T13:10:00-04:00,7689.25,7689.5,7687.75,7688.0,1481
2026-09-18T13:11:00-04:00,7688.25,7688.5,7687.0,7687.75,1795
2026-09-18T13:12:00-04:00,7687.75,7688.0,7686.25,7686.5,1243
2026-09-18T13:13:00-04:00,7686.75,7689.0,7686.75,7688.5,1101
2026-09-18T13:14:00-04:00,7688.5,7689.25,7688.25,7689.25,514
2026-09-18T13:15:00-04:00,7689.25,7690.5,7688.5,7690.5,1502
2026-09-18T13:16:00-04:00,7690.25,7690.25,7688.5,7689.25,1250
2026-09-18T13:17:00-04:00,7689.25,7691.0,7689.0,7690.5,1141
2026-09-18T13:18:00-04:00,7690.75,7690.75,7688.75,7688.75,1006
2026-09-18T13:19:00-04:00,7689.0,7689.5,7688.5,7689.5,931
2026-09-18T13:20:00-04:00,7689.75,7689.75,7688.5,7688.75,672
2026-09-18T13:21:00-04:00,7689.0,7690.0,7689.0,7689.75,555
2026-09-18T13:22:00-04:00,7689.75,7690.75,7689.0,7690.5,666
2026-09-18T13:23:00-04:00,7690.75,7691.0,7690.25,7690.5,903
2026-09-18T13:24:00-04:00,7690.5,7691.25,7690.5,7691.25,591
2026-09-18T13:25:00-04:00,7691.25,7692.0,7690.5,7691.5,980
2026-09-18T13:26:00-04:00,7691.5,7691.75,7690.75,7691.25,555
2026-09-18T13:27:00-04:00,7691.5,7691.75,7691.0,7691.5,655
2026-09-18T13:28:00-04:00,7691.75,7692.0,7690.5,7690.5,582
2026-09-18T13:29:00-04:00,7690.5,7691.0,7689.75,7690.0,888
2026-09-18T13:30:00-04:00,7690.25,7690.5,7688.75,7689.5,1035
2026-09-18T13:31:00-04:00,7689.25,7689.5,7689.0,7689.25,895
2026-09-18T13:32:00-04:00,7689.25,7689.75,7688.75,7689.5,833
2026-09-18T13:33:00-04:00,7689.5,7689.5,7688.25,7689.0,940
2026-09-18T13:34:00-04:00,7689.0,7690.75,7689.0,7690.25,1442
2026-09-18T13:35:00-04:00,7690.25,7692.25,7690.25,7692.25,1446
2026-09-18T13:36:00-04:00,7692.0,7693.25,7692.0,7692.5,1466
2026-09-18T13:37:00-04:00,7692.75,7693.5,7692.25,7692.5,1049
2026-09-18T13:38:00-04:00,7692.75,7692.75,7692.0,7692.75,684
2026-09-18T13:39:00-04:00,7693.0,7693.25,7692.5,7693.0,590
2026-09-18T13:40:00-04:00,7693.0,7693.25,7692.5,7693.0,966
2026-09-18T13:41:00-04:00,7692.75,7692.75,7692.0,7692.5,905
2026-09-18T13:42:00-04:00,7692.25,7692.5,7691.5,7692.25,873
2026-09-18T13:43:00-04:00,7692.0,7692.75,7692.0,7692.25,803
2026-09-18T13:44:00-04:00,7692.5,7694.0,7692.5,7694.0,1563
2026-09-18T13:45:00-04:00,7694.0,7694.25,7693.5,7693.5,1910
2026-09-18T13:46:00-04:00,7693.5,7694.0,7693.0,7693.5,804
2026-09-18T13:47:00-04:00,7693.75,7694.5,7693.5,7693.5,1130
2026-09-18T13:48:00-04:00,7693.75,7694.25,7693.0,7693.0,1262
2026-09-18T13:49:00-04:00,7692.75,7693.25,7692.25,7692.75,773
2026-09-18T13:50:00-04:00,7692.5,7693.75,7692.5,7693.75,926
2026-09-18T13:51:00-04:00,7693.75,7694.5,7693.75,7694.25,977
2026-09-18T13:52:00-04:00,7694.0,7695.0,7693.75,7694.75,809
2026-09-18T13:53:00-04:00,7694.75,7695.0,7694.0,7694.5,897
2026-09-18T13:54:00-04:00,7694.5,7694.75,7694.0,7694.25,579
2026-09-18T13:55:00-04:00,7694.0,7694.5,7693.5,7694.25,927
2026-09-18T13:56:00-04:00,7694.0,7694.5,7694.0,7694.5,670
2026-09-18T13:57:00-04:00,7694.25,7695.0,7694.25,7694.5,735
2026-09-18T13:58:00-04:00,7694.25,7694.5,7693.75,7694.5,1012
2026-09-18T13:59:00-04:00,7694.75,7695.0,7694.5,7694.5,1041
2026-09-18T14:00:00-04:00,7694.75,7694.75,7693.0,7693.25,1520
2026-09-18T14:01:00-04:00,7693.0,7696.0,7693.0,7695.0,1959
2026-09-18T14:02:00-04:00,7695.25,7695.75,7695.0,7695.75,1207
2026-09-18T14:03:00-04:00,7695.5,7695.75,7694.75,7695.5,694
2026-09-18T14:04:00-04:00,7695.5,7696.0,7695.25,7695.25,903
2026-09-18T14:05:00-04:00,7695.5,7695.75,7694.75,7695.25,1028
2026-09-18T14:06:00-04:00,7695.0,7695.25,7694.25,7694.5,1013
2026-09-18T14:07:00-04:00,7694.5,7694.75,7694.0,7694.75,867
2026-09-18T14:08:00-04:00,7695.0,7695.25,7694.25,7694.5,678
2026-09-18T14:09:00-04:00,7694.25,7694.5,7693.75,7694.25,748
2026-09-18T14:10:00-04:00,7694.5,7695.0,7694.0,7695.0,648
2026-09-18T14:11:00-04:00,7694.75,7694.75,7693.0,7694.0,1575
2026-09-18T14:12:00-04:00,7694.25,7694.75,7693.0,7694.5,1348
2026-09-18T14:13:00-04:00,7694.5,7695.25,7693.75,7695.25,1210
2026-09-18T14:14:00-04:00,7695.25,7695.5,7694.25,7694.5,687
2026-09-18T14:15:00-04:00,7694.5,7695.5,7694.5,7695.25,691
2026-09-18T14:16:00-04:00,7695.25,7696.5,7695.0,7696.0,1168
2026-09-18T14:17:00-04:00,7696.0,7696.5,7695.25,7695.75,1138
2026-09-18T14:18:00-04:00,7695.75,7697.0,7695.75,7696.75,1111
2026-09-18T14:19:00-04:00,7696.75,7697.75,7696.25,7697.75,1202
2026-09-18T14:20:00-04:00,7697.75,7698.5,7697.5,7698.5,1759
2026-09-18T14:21:00-04:00,7698.5,7700.5,7698.5,7700.0,4164
2026-09-18T14:22:00-04:00,7699.75,7702.5,7699.75,7702.25,4113
2026-09-18T14:23:00-04:00,7702.25,7703.25,7700.0,7700.75,3749
2026-09-18T14:24:00-04:00,7700.5,7700.75,7699.5,7700.25,2036
2026-09-18T14:25:00-04:00,7700.0,7700.75,7699.5,7699.75,1578
2026-09-18T14:26:00-04:00,7699.5,7700.25,7699.25,7699.75,941
2026-09-18T14:27:00-04:00,7699.5,7701.0,7699.5,7700.25,1273
2026-09-18T14:28:00-04:00,7700.0,7700.25,7698.75,7699.75,1478
2026-09-18T14:29:00-04:00,7699.5,7701.75,7699.5,7701.75,1443
2026-09-18T14:30:00-04:00,7701.75,7702.0,7699.75,7699.75,1899
2026-09-18T14:31:00-04:00,7699.75,7700.25,7699.5,7699.75,995
2026-09-18T14:32:00-04:00,7699.5,7700.5,7699.5,7700.5,699
2026-09-18T14:33:00-04:00,7700.25,7701.0,7700.0,7701.0,1376
2026-09-18T14:34:00-04:00,7701.0,7702.25,7700.5,7702.25,1092
2026-09-18T14:35:00-04:00,7702.0,7702.5,7701.0,7702.5,1894
2026-09-18T14:36:00-04:00,7702.25,7702.25,7700.25,7701.0,1444
2026-09-18T14:37:00-04:00,7700.75,7700.75,7699.5,7700.5,1420
2026-09-18T14:38:00-04:00,7700.25,7700.25,7699.0,7700.0,1259
2026-09-18T14:39:00-04:00,7700.0,7701.0,7699.75,7700.5,1066
2026-09-18T14:40:00-04:00,7700.5,7700.5,7699.75,7700.5,834
2026-09-18T14:41:00-04:00,7700.25,7700.5,7699.75,7700.25,732
2026-09-18T14:42:00-04:00,7700.0,7701.5,7700.0,7701.5,1015
2026-09-18T14:43:00-04:00,7701.25,7702.25,7701.25,7702.0,682
2026-09-18T14:44:00-04:00,7701.75,7702.75,7701.5,7702.5,1256
2026-09-18T14:45:00-04:00,7702.25,7705.5,7702.25,7705.5,3484
2026-09-18T14:46:00-04:00,7705.25,7710.75,7705.0,7710.0,8764
2026-09-18T14:47:00-04:00,7710.0,7712.25,7709.5,7711.5,4640
2026-09-18T14:48:00-04:00,7711.5,7711.5,7710.0,7710.75,4050
2026-09-18T14:49:00-04:00,7710.75,7711.0,7709.5,7709.75,3001
2026-09-18T14:50:00-04:00,7709.75,7710.75,7709.0,7709.75,3190
2026-09-18T14:51:00-04:00,7709.75,7710.75,7709.5,7709.75,1702
2026-09-18T14:52:00-04:00,7710.0,7711.0,7709.75,7710.25,1953
2026-09-18T14:53:00-04:00,7710.5,7714.75,7710.5,7714.0,4183
2026-09-18T14:54:00-04:00,7714.0,7715.75,7712.0,7712.25,4758
2026-09-18T14:55:00-04:00,7712.25,7712.25,7710.0,7711.0,2079
2026-09-18T14:56:00-04:00,7711.0,7711.75,7710.0,7710.0,1581
2026-09-18T14:57:00-04:00,7710.25,7711.5,7709.75,7711.0,1518
2026-09-18T14:58:00-04:00,7711.0,7711.25,7710.0,7710.5,1361
2026-09-18T14:59:00-04:00,7710.25,7710.5,7708.75,7710.0,2183
2026-09-18T15:00:00-04:00,7709.75,7710.75,7709.0,7710.25,1665
2026-09-18T15:01:00-04:00,7710.25,7710.25,7708.0,7708.5,1344
2026-09-18T15:02:00-04:00,7708.5,7709.25,7708.25,7709.0,1220
2026-09-18T15:03:00-04:00,7709.0,7709.75,7708.75,7709.0,1286
2026-09-18T15:04:00-04:00,7709.0,7711.75,7709.0,7710.5,2349
2026-09-18T15:05:00-04:00,7710.5,7711.0,7710.0,7711.0,1414
2026-09-18T15:06:00-04:00,7711.25,7712.0,7709.25,7709.5,1938
2026-09-18T15:07:00-04:00,7709.5,7709.75,7708.0,7708.25,1313
2026-09-18T15:08:00-04:00,7708.25,7709.5,7708.0,7708.0,1190
2026-09-18T15:09:00-04:00,7708.25,7709.5,7708.0,7709.25,1221
2026-09-18T15:10:00-04:00,7709.5,7710.0,7708.75,7709.0,879
2026-09-18T15:11:00-04:00,7709.0,7710.75,7708.75,7710.5,1126
2026-09-18T15:12:00-04:00,7710.5,7711.25,7709.5,7711.25,2112
2026-09-18T15:13:00-04:00,7711.25,7711.25,7708.0,7708.5,1606
2026-09-18T15:14:00-04:00,7708.25,7709.25,7707.75,7709.0,2307
2026-09-18T15:15:00-04:00,7709.0,7709.25,7708.25,7709.0,1293
2026-09-18T15:16:00-04:00,7709.0,7709.75,7708.5,7709.25,1112
2026-09-18T15:17:00-04:00,7709.25,7709.5,7708.5,7709.25,892
2026-09-18T15:18:00-04:00,7709.25,7709.5,7708.75,7709.0,1150
2026-09-18T15:19:00-04:00,7708.75,7709.25,7707.5,7709.25,1523
2026-09-18T15:20:00-04:00,7709.25,7709.5,7707.75,7709.25,1509
2026-09-18T15:21:00-04:00,7709.25,7710.5,7709.0,7709.25,1707
2026-09-18T15:22:00-04:00,7709.0,7709.5,7708.25,7708.5,845
2026-09-18T15:23:00-04:00,7708.5,7709.0,7708.25,7708.25,1112
2026-09-18T15:24:00-04:00,7708.25,7708.5,7707.5,7708.5,1422
2026-09-18T15:25:00-04:00,7708.25,7708.75,7707.5,7707.75,1294
2026-09-18T15:26:00-04:00,7707.75,7708.5,7707.5,7708.25,1056
2026-09-18T15:27:00-04:00,7708.25,7709.0,7708.0,7708.5,970
2026-09-18T15:28:00-04:00,7708.5,7708.5,7707.75,7708.25,1148
2026-09-18T15:29:00-04:00,7708.25,7708.25,7705.75,7706.25,2182
2026-09-18T15:30:00-04:00,7706.25,7706.5,7704.25,7705.25,2762
2026-09-18T15:31:00-04:00,7705.25,7706.0,7704.75,7705.0,1234
2026-09-18T15:32:00-04:00,7705.0,7705.75,7704.75,7705.25,1897
2026-09-18T15:33:00-04:00,7705.25,7705.25,7704.5,7705.25,1771
2026-09-18T15:34:00-04:00,7705.0,7705.75,7704.5,7704.75,1663
2026-09-18T15:35:00-04:00,7704.75,7706.0,7704.25,7704.5,2135
2026-09-18T15:36:00-04:00,7704.75,7706.75,7704.75,7706.75,2058
2026-09-18T15:37:00-04:00,7706.75,7708.75,7706.25,7708.25,2397
2026-09-18T15:38:00-04:00,7708.0,7708.75,7707.75,7708.75,1803
2026-09-18T15:39:00-04:00,7708.75,7710.0,7708.75,7709.5,2358
2026-09-18T15:40:00-04:00,7709.5,7709.75,7708.25,7708.75,2207
2026-09-18T15:41:00-04:00,7708.75,7709.25,7708.25,7709.0,1364
2026-09-18T15:42:00-04:00,7709.0,7710.0,7709.0,7709.75,1160
2026-09-18T15:43:00-04:00,7709.75,7711.25,7709.5,7710.75,1682
2026-09-18T15:44:00-04:00,7711.0,7712.25,7710.75,7712.0,2698
2026-09-18T15:45:00-04:00,7712.25,7712.5,7711.0,7711.5,3235
2026-09-18T15:46:00-04:00,7711.5,7713.0,7711.25,7713.0,2893
2026-09-18T15:47:00-04:00,7712.75,7714.5,7712.75,7713.5,2510
2026-09-18T15:48:00-04:00,7713.5,7714.75,7713.25,7714.25,1692
2026-09-18T15:49:00-04:00,7714.5,7715.0,7714.0,7715.0,2943
2026-09-18T15:50:00-04:00,7714.75,7716.75,7711.25,7711.75,8337
2026-09-18T15:51:00-04:00,7712.0,7713.0,7711.0,7711.0,4983
2026-09-18T15:52:00-04:00,7711.0,7711.75,7710.25,7711.25,2689
2026-09-18T15:53:00-04:00,7711.25,7712.75,7711.25,7712.0,3116
2026-09-18T15:54:00-04:00,7712.25,7713.25,7711.0,7712.75,6225
2026-09-18T15:55:00-04:00,7712.75,7718.25,7712.75,7713.75,11479
2026-09-18T15:56:00-04:00,7713.75,7715.0,7712.75,7713.75,5319
2026-09-18T15:57:00-04:00,7713.75,7717.5,7713.5,7717.25,7488
2026-09-18T15:58:00-04:00,7717.5,7717.5,7711.25,7712.0,22485
2026-09-18T15:59:00-04:00,7712.0,7715.0,7710.25,7712.5,71736
2026-09-18T16:00:00-04:00,7712.5,7719.25,7711.5,7719.0,20239
2026-09-18T16:01:00-04:00,7719.25,7721.0,7718.0,7721.0,7583
2026-09-18T16:02:00-04:00,7720.75,7723.5,7720.75,7721.0,3626
2026-09-18T16:03:00-04:00,7721.0,7723.25,7719.75,7722.0,2865
2026-09-18T16:04:00-04:00,7722.25,7723.0,7722.0,7722.25,1717
2026-09-18T16:05:00-04:00,7722.25,7724.0,7721.75,7723.75,1932
2026-09-18T16:06:00-04:00,7723.75,7723.75,7722.75,7723.0,1341
2026-09-18T16:07:00-04:00,7722.75,7723.75,7722.5,7723.75,1418
2026-09-18T16:08:00-04:00,7723.75,7723.75,7722.75,7722.75,1429
2026-09-18T16:09:00-04:00,7723.0,7723.0,7721.75,7722.5,1367
2026-09-18T16:10:00-04:00,7722.75,7726.75,7722.5,7726.25,2543
2026-09-18T16:11:00-04:00,7726.25,7729.25,7725.75,7727.75,3022
2026-09-18T16:12:00-04:00,7727.75,7728.75,7726.75,7728.0,1777
2026-09-18T16:13:00-04:00,7728.0,7728.0,7726.5,7726.75,1433
2026-09-18T16:14:00-04:00,7726.5,7727.0,7725.25,7725.5,1948
2026-09-18T16:15:00-04:00,7725.5,7726.25,7724.75,7725.75,1370
2026-09-18T16:16:00-04:00,7725.5,7725.5,7724.25,7725.25,927
2026-09-18T16:17:00-04:00,7725.25,7725.5,7725.0,7725.0,420
2026-09-18T16:18:00-04:00,7725.25,7725.5,7724.25,7724.5,387
2026-09-18T16:19:00-04:00,7724.5,7724.75,7723.75,7723.75,540
2026-09-18T16:20:00-04:00,7724.0,7725.25,7724.0,7724.75,510
2026-09-18T16:21:00-04:00,7724.75,7724.75,7724.0,7724.5,376
2026-09-18T16:22:00-04:00,7724.75,7724.75,7724.25,7724.5,584
2026-09-18T16:23:00-04:00,7724.5,7725.5,7724.5,7725.0,470
2026-09-18T16:24:00-04:00,7725.0,7725.25,7724.25,7725.0,530
2026-09-18T16:25:00-04:00,7724.75,7726.0,7724.75,7725.75,684
2026-09-18T16:26:00-04:00,7725.5,7725.75,7725.0,7725.5,274
2026-09-18T16:27:00-04:00,7725.25,7725.75,7725.25,7725.75,384
2026-09-18T16:28:00-04:00,7725.5,7726.0,7725.25,7725.75,368
2026-09-18T16:29:00-04:00,7725.75,7726.0,7725.25,7726.0,480
2026-09-18T16:30:00-04:00,7726.25,7726.75,7726.0,7726.5,489
2026-09-18T16:31:00-04:00,7726.5,7726.5,7725.25,7725.75,653
2026-09-18T16:32:00-04:00,7725.5,7725.75,7725.0,7725.0,502
2026-09-18T16:33:00-04:00,7724.75,7725.25,7724.75,7725.0,163
2026-09-18T16:34:00-04:00,7725.25,7726.25,7725.25,7725.5,599
2026-09-18T16:35:00-04:00,7725.5,7725.5,7724.75,7725.0,159
2026-09-18T16:36:00-04:00,7725.0,7726.0,7725.0,7725.75,271
2026-09-18T16:37:00-04:00,7725.75,7725.75,7725.0,7725.0,272
2026-09-18T16:38:00-04:00,7725.0,7725.25,7724.5,7724.75,322
2026-09-18T16:39:00-04:00,7724.5,7726.0,7724.5,7725.75,922
2026-09-18T16:40:00-04:00,7725.75,7727.25,7725.5,7726.75,674
2026-09-18T16:41:00-04:00,7726.75,7727.25,7726.75,7727.0,306
2026-09-18T16:42:00-04:00,7727.0,7727.25,7726.5,7727.25,468
2026-09-18T16:43:00-04:00,7727.25,7727.25,7726.75,7727.25,373
2026-09-18T16:44:00-04:00,7727.0,7727.5,7726.5,7727.25,710
2026-09-18T16:45:00-04:00,7727.0,7728.5,7727.0,7728.0,518
2026-09-18T16:46:00-04:00,7728.0,7728.75,7727.75,7728.75,428
2026-09-18T16:47:00-04:00,7728.5,7728.5,7727.0,7727.0,644
2026-09-18T16:48:00-04:00,7727.0,7727.25,7726.0,7726.0,722
2026-09-18T16:49:00-04:00,7726.0,7726.75,7726.0,7726.75,416
2026-09-18T16:50:00-04:00,7726.75,7727.25,7726.75,7727.25,126
2026-09-18T16:51:00-04:00,7727.0,7728.0,7727.0,7727.0,306
2026-09-18T16:52:00-04:00,7727.0,7727.5,7725.75,7726.0,585
2026-09-18T16:53:00-04:00,7725.75,7726.0,7725.25,7725.25,572
2026-09-18T16:54:00-04:00,7725.25,7725.5,7724.75,7725.0,278
2026-09-18T16:55:00-04:00,7725.0,7725.75,7724.75,7725.5,400
2026-09-18T16:56:00-04:00,7725.5,7725.75,7725.25,7725.25,167
2026-09-18T16:57:00-04:00,7725.5,7725.5,7725.0,7725.25,202
2026-09-18T16:58:00-04:00,7725.25,7725.5,7724.5,7724.75,483
2026-09-18T16:59:00-04:00,7724.75,7725.25,7712.5,7712.5,523
2026-09-20T18:10:00-04:00,7721.75,7722.25,7721.25,7722.0,0
2026-09-20T18:11:00-04:00,7722.25,7722.75,7721.75,7722.5,175
2026-09-20T18:12:00-04:00,7722.5,7725.0,7722.25,7723.75,362
2026-09-20T18:13:00-04:00,7723.75,7724.25,7723.0,7723.75,275
2026-09-20T18:14:00-04:00,7723.75,7726.5,7723.5,7725.75,618
2026-09-20T18:15:00-04:00,7725.5,7725.5,7724.25,7725.25,438
2026-09-20T18:16:00-04:00,7725.25,7727.75,7725.25,7726.5,386
2026-09-20T18:17:00-04:00,7726.5,7726.75,7725.5,7725.75,125
2026-09-20T18:18:00-04:00,7726.0,7726.25,7725.25,7726.0,114
2026-09-20T18:19:00-04:00,7726.0,7726.5,7725.75,7726.0,85
2026-09-20T18:20:00-04:00,7725.75,7726.0,7725.25,7725.5,93
2026-09-20T18:21:00-04:00,7725.5,7725.75,7725.25,7725.5,64
2026-09-20T18:22:00-04:00,7725.5,7727.0,7725.5,7726.75,139
2026-09-20T18:23:00-04:00,7726.75,7727.0,7725.75,7726.0,150
2026-09-20T18:24:00-04:00,7725.75,7726.5,7725.5,7725.5,77
2026-09-20T18:25:00-04:00,7725.5,7726.75,7725.5,7726.75,245
2026-09-20T18:26:00-04:00,7726.75,7727.0,7726.5,7726.5,73
2026-09-20T18:27:00-04:00,7726.5,7727.0,7726.5,7726.75,58
2026-09-20T18:28:00-04:00,7726.5,7727.0,7726.0,7727.0,149
2026-09-20T18:29:00-04:00,7726.75,7728.0,7726.5,7727.75,186
2026-09-20T18:30:00-04:00,7727.75,7729.0,7727.25,7728.75,261
2026-09-20T18:31:00-04:00,7728.75,7730.0,7728.5,7728.75,313
2026-09-20T18:32:00-04:00,7728.75,7730.0,7728.75,7729.75,208
2026-09-20T18:33:00-04:00,7729.75,7730.0,7729.5,7729.75,76
2026-09-20T18:34:00-04:00,7729.5,7730.75,7729.5,7730.75,236
2026-09-20T18:35:00-04:00,7730.75,7732.5,7730.75,7732.5,253
2026-09-20T18:36:00-04:00,7732.25,7733.75,7732.25,7733.75,326
2026-09-20T18:37:00-04:00,7733.5,7733.75,7732.5,7732.5,164
2026-09-20T18:38:00-04:00,7732.25,7732.5,7731.75,7732.25,162
2026-09-20T18:39:00-04:00,7732.25,7732.25,7730.75,7731.25,149
2026-09-20T18:40:00-04:00,7731.0,7732.0,7731.0,7731.75,159
2026-09-20T18:41:00-04:00,7731.75,7732.75,7731.75,7732.25,137
2026-09-20T18:42:00-04:00,7732.5,7733.0,7732.25,7732.25,116
2026-09-20T18:43:00-04:00,7732.25,7732.25,7731.0,7731.5,157
2026-09-20T18:44:00-04:00,7731.5,7731.5,7729.75,7730.25,154
2026-09-20T18:45:00-04:00,7730.25,7731.0,7730.25,7731.0,111
2026-09-20T18:46:00-04:00,7730.75,7731.25,7730.75,7731.0,25
2026-09-20T18:47:00-04:00,7731.25,7732.25,7731.25,7732.25,93
2026-09-20T18:48:00-04:00,7732.25,7732.25,7730.5,7730.5,106
2026-09-20T18:49:00-04:00,7730.5,7730.75,7729.25,7730.25,188
2026-09-20T18:50:00-04:00,7730.25,7730.75,7730.0,7730.5,84
2026-09-20T18:51:00-04:00,7730.5,7731.0,7730.25,7730.75,57
2026-09-20T18:52:00-04:00,7730.75,7731.0,7730.25,7730.25,65
2026-09-20T18:53:00-04:00,7730.25,7731.0,7730.25,7730.5,75
2026-09-20T18:54:00-04:00,7730.75,7731.5,7730.75,7730.75,116
2026-09-20T18:55:00-04:00,7731.0,7731.75,7731.0,7731.75,43
2026-09-20T18:56:00-04:00,7731.75,7734.0,7731.75,7733.25,251
2026-09-20T18:57:00-04:00,7733.25,7734.0,7733.25,7734.0,161
2026-09-20T18:58:00-04:00,7734.0,7734.5,7733.75,7733.75,87
2026-09-20T18:59:00-04:00,7734.0,7734.5,7733.75,7733.75,98
2026-09-20T19:00:00-04:00,7733.75,7734.0,7733.25,7733.5,122
2026-09-20T19:01:00-04:00,7733.75,7733.75,7732.75,7732.75,77
2026-09-20T19:02:00-04:00,7732.5,7732.75,7731.75,7732.75,106
2026-09-20T19:03:00-04:00,7732.5,7732.75,7732.0,7732.5,45
2026-09-20T19:04:00-04:00,7732.25,7732.25,7731.75,7732.0,50
2026-09-20T19:05:00-04:00,7732.0,7732.5,7732.0,7732.0,69
2026-09-20T19:06:00-04:00,7732.0,7732.25,7731.5,7731.75,56
2026-09-20T19:07:00-04:00,7732.0,7732.25,7731.75,7732.0,50
2026-09-20T19:08:00-04:00,7732.0,7732.0,7731.5,7731.5,14
2026-09-20T19:09:00-04:00,7731.75,7732.25,7731.75,7732.25,63
2026-09-20T19:10:00-04:00,7732.0,7732.0,7731.5,7731.75,35
2026-09-20T19:11:00-04:00,7731.75,7732.0,7731.75,7731.75,15
2026-09-20T19:12:00-04:00,7731.75,7732.75,7731.75,7732.5,33
2026-09-20T19:13:00-04:00,7732.5,7732.5,7732.25,7732.25,44
2026-09-20T19:14:00-04:00,7732.0,7732.5,7732.0,7732.0,9
2026-09-20T19:15:00-04:00,7732.25,7732.25,7731.25,7731.5,78
2026-09-20T19:16:00-04:00,7731.5,7732.0,7731.25,7732.0,81
2026-09-20T19:17:00-04:00,7732.0,7732.25,7732.0,7732.25,3
2026-09-20T19:18:00-04:00,7732.25,7732.5,7732.0,7732.25,59
2026-09-20T19:19:00-04:00,7732.25,7732.25,7731.75,7732.0,23
2026-09-20T19:20:00-04:00,7732.25,7732.25,7732.0,7732.25,21
2026-09-20T19:21:00-04:00,7732.0,7732.25,7731.5,7732.25,77
2026-09-20T19:22:00-04:00,7732.25,7732.5,7732.0,7732.0,17
2026-09-20T19:23:00-04:00,7732.25,7732.5,7731.25,7731.75,53
2026-09-20T19:24:00-04:00,7732.0,7732.5,7732.0,7732.5,72
2026-09-20T19:25:00-04:00,7732.5,7732.5,7732.25,7732.25,59
2026-09-20T19:26:00-04:00,7732.25,7733.0,7732.25,7732.25,67
2026-09-20T19:27:00-04:00,7732.25,7733.0,7732.0,7733.0,71
2026-09-20T19:28:00-04:00,7733.0,7733.5,7733.0,7733.5,179
2026-09-20T19:29:00-04:00,7733.5,7733.5,7733.0,7733.0,52
2026-09-20T19:30:00-04:00,7733.25,7734.0,7733.0,7733.75,143
2026-09-20T19:31:00-04:00,7733.75,7734.0,7733.75,7733.75,60
2026-09-20T19:32:00-04:00,7733.75,7734.0,7732.75,7733.0,89
2026-09-20T19:33:00-04:00,7733.25,7733.25,7733.0,7733.0,20
2026-09-20T19:34:00-04:00,7733.25,7733.25,7733.25,7733.25,14
2026-09-20T19:35:00-04:00,7733.25,7733.25,7733.25,7733.25,2
2026-09-20T19:36:00-04:00,7733.25,7733.5,7733.25,7733.5,32
2026-09-20T19:37:00-04:00,7733.75,7734.5,7733.75,7734.25,119
2026-09-20T19:38:00-04:00,7734.25,7734.25,7733.75,7734.0,27
2026-09-20T19:39:00-04:00,7734.0,7735.25,7734.0,7734.25,362
2026-09-20T19:40:00-04:00,7734.0,7734.25,7733.75,7733.75,81
2026-09-20T19:41:00-04:00,7734.0,7734.0,7733.75,7734.0,10
2026-09-20T19:42:00-04:00,7734.0,7734.75,7734.0,7734.5,32
2026-09-20T19:43:00-04:00,7734.5,7734.5,7734.25,7734.25,14
2026-09-20T19:44:00-04:00,7734.5,7734.75,7734.0,7734.25,38
2026-09-20T19:45:00-04:00,7734.0,7734.0,7733.0,7733.5,124
2026-09-20T19:46:00-04:00,7733.5,7734.0,7733.0,7733.5,110
2026-09-20T19:47:00-04:00,7733.25,7733.75,7733.0,7733.0,104
2026-09-20T19:48:00-04:00,7733.0,7733.75,7733.0,7733.5,157
2026-09-20T19:49:00-04:00,7733.75,7734.5,7733.5,7733.5,76
2026-09-20T19:50:00-04:00,7733.5,7733.5,7732.5,7733.0,65
2026-09-20T19:51:00-04:00,7733.0,7733.75,7733.0,7733.5,65
2026-09-20T19:52:00-04:00,7733.25,7733.75,7733.25,7733.75,23
2026-09-20T19:53:00-04:00,7733.75,7733.75,7733.5,7733.5,32
2026-09-20T19:54:00-04:00,7733.75,7733.75,7733.0,7733.0,71
2026-09-20T19:55:00-04:00,7733.5,7734.5,7733.25,7734.25,90
2026-09-20T19:56:00-04:00,7734.5,7735.0,7734.5,7734.5,74
2026-09-20T19:57:00-04:00,7734.25,7734.5,7733.75,7734.0,43
2026-09-20T19:58:00-04:00,7734.25,7734.5,7734.0,7734.0,30
2026-09-20T19:59:00-04:00,7734.25,7734.75,7734.25,7734.5,43
2026-09-20T20:00:00-04:00,7734.5,7735.75,7733.75,7734.25,498
2026-09-20T20:01:00-04:00,7734.5,7734.5,7733.5,7733.75,167
2026-09-20T20:02:00-04:00,7734.0,7736.25,7733.25,7736.0,358
2026-09-20T20:03:00-04:00,7736.0,7736.0,7735.25,7736.0,177
2026-09-20T20:04:00-04:00,7736.0,7736.25,7735.5,7735.75,145
2026-09-20T20:05:00-04:00,7736.0,7737.75,7736.0,7737.0,512
2026-09-20T20:06:00-04:00,7737.0,7737.25,7736.25,7736.75,127
2026-09-20T20:07:00-04:00,7736.5,7736.75,7735.0,7735.0,260
2026-09-20T20:08:00-04:00,7735.25,7736.5,7735.25,7736.0,87
2026-09-20T20:09:00-04:00,7736.0,7736.0,7735.5,7735.75,89
2026-09-20T20:10:00-04:00,7735.75,7736.0,7735.25,7735.25,74
2026-09-20T20:11:00-04:00,7735.0,7735.0,7733.5,7734.25,284
2026-09-20T20:12:00-04:00,7734.0,7734.75,7733.75,7734.75,88
2026-09-20T20:13:00-04:00,7734.75,7735.0,7734.0,7734.5,85
2026-09-20T20:14:00-04:00,7734.25,7734.75,7734.25,7734.5,50
2026-09-20T20:15:00-04:00,7734.25,7734.75,7733.0,7733.75,398
2026-09-20T20:16:00-04:00,7733.75,7734.5,7732.75,7733.25,258
2026-09-20T20:17:00-04:00,7733.0,7733.0,7731.0,7731.5,305
2026-09-20T20:18:00-04:00,7731.5,7731.75,7730.75,7731.0,412
2026-09-20T20:19:00-04:00,7731.0,7731.75,7730.75,7731.5,221
2026-09-20T20:20:00-04:00,7731.25,7731.75,7731.0,7731.75,244
2026-09-20T20:21:00-04:00,7731.75,7733.75,7731.25,7733.25,321
2026-09-20T20:22:00-04:00,7733.25,7735.25,7733.25,7735.25,277
2026-09-20T20:23:00-04:00,7735.25,7736.25,7735.25,7736.0,288
2026-09-20T20:24:00-04:00,7735.75,7736.75,7735.75,7736.25,217
2026-09-20T20:25:00-04:00,7736.0,7736.75,7735.5,7735.75,212
2026-09-20T20:26:00-04:00,7736.0,7736.25,7735.75,7736.0,176
2026-09-20T20:27:00-04:00,7736.0,7737.75,7736.0,7737.5,270
2026-09-20T20:28:00-04:00,7737.5,7737.5,7736.75,7737.0,158
2026-09-20T20:29:00-04:00,7737.0,7737.0,7736.25,7736.5,171
2026-09-20T20:30:00-04:00,7736.5,7738.0,7736.5,7738.0,248
2026-09-20T20:31:00-04:00,7738.0,7738.25,7737.75,7738.0,203
2026-09-20T20:32:00-04:00,7738.25,7738.5,7738.0,7738.25,139
2026-09-20T20:33:00-04:00,7738.25,7740.25,7738.0,7739.25,431
2026-09-20T20:34:00-04:00,7739.25,7739.75,7739.0,7739.75,128
2026-09-20T20:35:00-04:00,7739.75,7740.0,7739.25,7739.75,169
2026-09-20T20:36:00-04:00,7739.5,7740.0,7739.5,7739.75,145
2026-09-20T20:37:00-04:00,7739.75,7740.5,7739.5,7739.75,162
2026-09-20T20:38:00-04:00,7739.75,7739.75,7738.75,7739.0,138
2026-09-20T20:39:00-04:00,7739.25,7740.75,7739.0,7740.75,446
2026-09-20T20:40:00-04:00,7740.5,7741.25,7739.25,7740.5,366
2026-09-20T20:41:00-04:00,7740.75,7740.75,7739.75,7739.75,160
2026-09-20T20:42:00-04:00,7740.0,7740.0,7739.25,7739.5,104
2026-09-20T20:43:00-04:00,7739.75,7740.0,7738.75,7739.0,172
2026-09-20T20:44:00-04:00,7739.25,7739.25,7738.0,7738.5,161
2026-09-20T20:45:00-04:00,7738.5,7739.0,7738.5,7738.75,146
2026-09-20T20:46:00-04:00,7738.75,7738.75,7737.75,7738.5,247
2026-09-20T20:47:00-04:00,7738.5,7739.0,7738.5,7738.75,126
2026-09-20T20:48:00-04:00,7738.5,7738.75,7738.25,7738.75,141
2026-09-20T20:49:00-04:00,7738.5,7739.0,7738.25,7738.25,143
2026-09-20T20:50:00-04:00,7738.25,7739.5,7738.0,7739.0,151
2026-09-20T20:51:00-04:00,7739.25,7739.75,7739.0,7739.5,153
2026-09-20T20:52:00-04:00,7739.5,7740.0,7739.25,7739.5,88
2026-09-20T20:53:00-04:00,7739.5,7740.0,7739.25,7739.75,69
2026-09-20T20:54:00-04:00,7739.75,7739.75,7738.75,7738.75,67
2026-09-20T20:55:00-04:00,7738.75,7739.25,7738.5,7738.75,162
2026-09-20T20:56:00-04:00,7738.75,7738.75,7737.75,7738.25,161
2026-09-20T20:57:00-04:00,7738.5,7738.75,7738.5,7738.5,99
2026-09-20T20:58:00-04:00,7738.75,7739.0,7738.75,7738.75,102
2026-09-20T20:59:00-04:00,7738.75,7740.25,7738.5,7739.5,245
2026-09-20T21:00:00-04:00,7739.5,7741.5,7739.5,7741.0,462
2026-09-20T21:01:00-04:00,7741.0,7741.5,7740.25,7741.5,374
2026-09-20T21:02:00-04:00,7741.5,7742.5,7741.25,7742.5,301
2026-09-20T21:03:00-04:00,7742.5,7742.5,7741.25,7741.25,173
2026-09-20T21:04:00-04:00,7741.5,7741.5,7741.0,7741.5,80
2026-09-20T21:05:00-04:00,7741.25,7742.75,7741.0,7742.5,142
2026-09-20T21:06:00-04:00,7742.5,7742.75,7742.0,7742.5,201
2026-09-20T21:07:00-04:00,7742.5,7743.0,7742.5,7743.0,145
2026-09-20T21:08:00-04:00,7743.0,7743.75,7742.75,7743.5,386
2026-09-20T21:09:00-04:00,7743.5,7743.75,7742.5,7743.25,457
2026-09-20T21:10:00-04:00,7743.25,7743.25,7743.0,7743.0,113
2026-09-20T21:11:00-04:00,7743.0,7743.25,7742.25,7743.0,277
2026-09-20T21:12:00-04:00,7743.0,7743.5,7741.0,7742.25,1757
2026-09-20T21:13:00-04:00,7742.25,7742.75,7742.0,7742.0,206
2026-09-20T21:14:00-04:00,7742.25,7742.5,7741.25,7742.5,136
2026-09-20T21:15:00-04:00,7742.25,7742.75,7741.75,7742.25,194
2026-09-20T21:16:00-04:00,7742.25,7742.5,7741.75,7742.25,93
2026-09-20T21:17:00-04:00,7742.5,7743.25,7742.5,7742.75,174
2026-09-20T21:18:00-04:00,7742.75,7742.75,7742.0,7742.25,204
2026-09-20T21:19:00-04:00,7742.25,7742.25,7741.5,7742.25,146
2026-09-20T21:20:00-04:00,7742.0,7742.25,7741.75,7742.25,81
2026-09-20T21:21:00-04:00,7742.25,7742.5,7742.0,7742.25,80
2026-09-20T21:22:00-04:00,7742.25,7742.25,7741.25,7741.75,133
2026-09-20T21:23:00-04:00,7741.5,7741.5,7741.0,7741.5,149
2026-09-20T21:24:00-04:00,7741.5,7742.25,7741.5,7742.0,143
2026-09-20T21:25:00-04:00,7742.0,7742.75,7741.75,7742.0,147
2026-09-20T21:26:00-04:00,7742.0,7742.75,7742.0,7742.75,85
2026-09-20T21:27:00-04:00,7742.75,7742.75,7741.75,7742.25,66
2026-09-20T21:28:00-04:00,7742.25,7743.5,7742.25,7743.0,120
2026-09-20T21:29:00-04:00,7743.0,7743.25,7740.75,7741.0,214
2026-09-20T21:30:00-04:00,7741.0,7742.5,7740.75,7742.0,176
2026-09-20T21:31:00-04:00,7742.0,7742.5,7741.5,7741.5,184
2026-09-20T21:32:00-04:00,7741.5,7742.5,7741.5,7742.5,114
2026-09-20T21:33:00-04:00,7742.75,7742.75,7742.25,7742.5,64
2026-09-20T21:34:00-04:00,7742.5,7742.75,7742.25,7742.5,77
2026-09-20T21:35:00-04:00,7742.5,7742.5,7742.0,7742.0,101
2026-09-20T21:36:00-04:00,7742.0,7742.25,7741.0,7741.25,91
2026-09-20T21:37:00-04:00,7741.5,7741.5,7741.0,7741.0,76
2026-09-20T21:38:00-04:00,7741.25,7741.5,7741.0,7741.5,85
2026-09-20T21:39:00-04:00,7741.5,7742.0,7741.5,7742.0,162
2026-09-20T21:40:00-04:00,7742.25,7742.75,7742.0,7742.5,188
2026-09-20T21:41:00-04:00,7742.75,7743.25,7742.25,7742.5,83
2026-09-20T21:42:00-04:00,7742.5,7742.75,7741.75,7742.0,121
2026-09-20T21:43:00-04:00,7742.25,7742.25,7742.0,7742.0,63
2026-09-20T21:44:00-04:00,7742.0,7742.25,7742.0,7742.25,29
2026-09-20T21:45:00-04:00,7742.25,7742.25,7741.75,7741.75,63
2026-09-20T21:46:00-04:00,7741.75,7742.0,7741.5,7741.75,111
2026-09-20T21:47:00-04:00,7741.75,7741.75,7740.5,7740.75,184
2026-09-20T21:48:00-04:00,7740.75,7740.75,7739.5,7740.25,244
2026-09-20T21:49:00-04:00,7740.0,7740.75,7739.75,7740.25,348
2026-09-20T21:50:00-04:00,7740.25,7741.25,7739.0,7739.25,371
2026-09-20T21:51:00-04:00,7739.25,7740.0,7739.0,7740.0,196
2026-09-20T21:52:00-04:00,7740.25,7740.75,7739.5,7740.5,150
2026-09-20T21:53:00-04:00,7740.75,7741.5,7740.75,7741.0,132
2026-09-20T21:54:00-04:00,7741.0,7741.25,7740.5,7740.5,85
2026-09-20T21:55:00-04:00,7740.5,7740.75,7740.0,7740.0,108
2026-09-20T21:56:00-04:00,7740.25,7740.25,7739.75,7740.0,97
2026-09-20T21:57:00-04:00,7740.0,7740.75,7740.0,7740.5,62
2026-09-20T21:58:00-04:00,7740.5,7740.5,7738.75,7739.0,237
2026-09-20T21:59:00-04:00,7738.75,7739.0,7738.25,7738.75,208
2026-09-20T22:00:00-04:00,7738.5,7738.75,7737.75,7738.25,229
2026-09-20T22:01:00-04:00,7738.25,7739.0,7738.0,7738.0,134
2026-09-20T22:02:00-04:00,7738.0,7739.75,7737.75,7739.5,188
2026-09-20T22:03:00-04:00,7739.5,7740.0,7739.5,7740.0,137
2026-09-20T22:04:00-04:00,7740.0,7741.5,7740.0,7740.75,173
2026-09-20T22:05:00-04:00,7740.75,7741.0,7739.5,7739.75,116
2026-09-20T22:06:00-04:00,7739.75,7739.75,7738.75,7739.5,333
2026-09-20T22:07:00-04:00,7739.25,7739.5,7738.75,7739.25,111
2026-09-20T22:08:00-04:00,7739.5,7740.25,7739.25,7739.75,113
2026-09-20T22:09:00-04:00,7740.0,7740.25,7740.0,7740.25,61
2026-09-20T22:10:00-04:00,7740.25,7740.25,7739.25,7739.5,101
2026-09-20T22:11:00-04:00,7739.5,7740.25,7739.5,7739.75,137
2026-09-20T22:12:00-04:00,7739.75,7740.0,7739.75,7739.75,60
2026-09-20T22:13:00-04:00,7739.75,7740.5,7739.75,7740.0,110
2026-09-20T22:14:00-04:00,7739.75,7740.0,7739.5,7739.75,97
2026-09-20T22:15:00-04:00,7739.75,7740.0,7739.25,7739.5,83
2026-09-20T22:16:00-04:00,7739.25,7740.0,7738.5,7739.75,129
2026-09-20T22:17:00-04:00,7739.75,7740.0,7738.25,7738.5,307
2026-09-20T22:18:00-04:00,7738.5,7738.75,7738.5,7738.5,94
2026-09-20T22:19:00-04:00,7738.75,7739.25,7738.75,7739.0,76
2026-09-20T22:20:00-04:00,7738.75,7739.25,7738.25,7739.0,83
2026-09-20T22:21:00-04:00,7739.0,7739.0,7738.75,7738.75,57
2026-09-20T22:22:00-04:00,7739.0,7739.5,7738.75,7739.5,60
2026-09-20T22:23:00-04:00,7739.5,7739.5,7739.0,7739.25,70
2026-09-20T22:24:00-04:00,7739.25,7740.25,7738.5,7739.75,354
2026-09-20T22:25:00-04:00,7739.75,7739.75,7739.5,7739.75,92
2026-09-20T22:26:00-04:00,7740.0,7740.75,7739.75,7740.25,109
2026-09-20T22:27:00-04:00,7740.25,7740.25,7739.5,7739.75,101
2026-09-20T22:28:00-04:00,7739.75,7740.0,7739.25,7739.5,142
2026-09-20T22:29:00-04:00,7739.75,7739.75,7739.5,7739.75,95
2026-09-20T22:30:00-04:00,7739.5,7739.5,7738.75,7739.25,125
2026-09-20T22:31:00-04:00,7739.25,7739.25,7737.75,7738.25,170
2026-09-20T22:32:00-04:00,7738.25,7738.5,7737.5,7737.5,148
2026-09-20T22:33:00-04:00,7737.5,7738.5,7737.5,7738.5,68
2026-09-20T22:34:00-04:00,7738.25,7738.75,7738.25,7738.75,102
2026-09-20T22:35:00-04:00,7738.5,7739.5,7738.5,7739.0,203
2026-09-20T22:36:00-04:00,7739.0,7739.5,7739.0,7739.25,57
2026-09-20T22:37:00-04:00,7739.25,7739.5,7739.0,7739.0,69
2026-09-20T22:38:00-04:00,7739.0,7740.0,7739.0,7739.75,83
2026-09-20T22:39:00-04:00,7739.75,7739.75,7739.5,7739.5,98
2026-09-20T22:40:00-04:00,7739.25,7739.75,7739.25,7739.5,127
2026-09-20T22:41:00-04:00,7739.5,7739.75,7739.25,7739.5,26
2026-09-20T22:42:00-04:00,7739.75,7740.5,7739.75,7740.5,113
2026-09-20T22:43:00-04:00,7740.5,7740.75,7740.25,7740.75,121
2026-09-20T22:44:00-04:00,7740.75,7740.75,7739.75,7740.0,90
2026-09-20T22:45:00-04:00,7740.0,7742.25,7740.0,7742.0,195
2026-09-20T22:46:00-04:00,7742.0,7742.25,7741.75,7742.0,174
2026-09-20T22:47:00-04:00,7742.0,7742.0,7741.75,7742.0,121
2026-09-20T22:48:00-04:00,7742.25,7742.25,7741.75,7741.75,79
2026-09-20T22:49:00-04:00,7742.0,7742.5,7741.75,7742.5,183
2026-09-20T22:50:00-04:00,7742.5,7742.75,7742.5,7742.75,103
2026-09-20T22:51:00-04:00,7742.5,7742.75,7741.25,7741.5,178
2026-09-20T22:52:00-04:00,7741.25,7741.75,7741.25,7741.5,54
2026-09-20T22:53:00-04:00,7741.5,7741.75,7741.25,7741.5,29
2026-09-20T22:54:00-04:00,7741.25,7741.75,7740.75,7741.25,168
2026-09-20T22:55:00-04:00,7741.25,7741.5,7741.0,7741.0,93
2026-09-20T22:56:00-04:00,7740.75,7741.0,7740.0,7740.0,177
2026-09-20T22:57:00-04:00,7740.25,7741.0,7740.25,7740.75,74
2026-09-20T22:58:00-04:00,7740.75,7741.25,7740.25,7740.25,134
2026-09-20T22:59:00-04:00,7740.5,7740.5,7739.75,7740.25,126
2026-09-20T23:00:00-04:00,7740.25,7741.25,7740.25,7741.0,96
2026-09-20T23:01:00-04:00,7741.0,7741.75,7741.0,7741.75,73
2026-09-20T23:02:00-04:00,7741.75,7742.0,7741.25,7741.75,144
2026-09-20T23:03:00-04:00,7741.75,7742.5,7741.75,7742.5,53
2026-09-20T23:04:00-04:00,7742.5,7743.5,7742.5,7743.25,159
2026-09-20T23:05:00-04:00,7743.25,7743.5,7743.0,7743.5,74
2026-09-20T23:06:00-04:00,7743.25,7743.5,7742.75,7742.75,117
2026-09-20T23:07:00-04:00,7742.75,7743.0,7742.5,7743.0,75
2026-09-20T23:08:00-04:00,7742.75,7743.5,7742.75,7743.25,80
2026-09-20T23:09:00-04:00,7743.25,7743.25,7742.75,7742.75,50
2026-09-20T23:10:00-04:00,7743.0,7743.5,7742.75,7743.5,75
2026-09-20T23:11:00-04:00,7743.75,7743.75,7742.75,7742.75,71
2026-09-20T23:12:00-04:00,7742.75,7742.75,7742.5,7742.5,27
2026-09-20T23:13:00-04:00,7742.75,7743.25,7742.5,7743.25,59
2026-09-20T23:14:00-04:00,7743.25,7743.75,7743.25,7743.5,99
2026-09-20T23:15:00-04:00,7743.5,7744.0,7743.25,7744.0,105
2026-09-20T23:16:00-04:00,7744.0,7745.0,7743.75,7745.0,182
2026-09-20T23:17:00-04:00,7744.75,7745.0,7744.5,7744.75,58
2026-09-20T23:18:00-04:00,7744.75,7745.5,7744.75,7745.0,210
2026-09-20T23:19:00-04:00,7745.25,7745.25,7745.0,7745.0,23
2026-09-20T23:20:00-04:00,7745.0,7745.25,7744.75,7745.0,74
2026-09-20T23:21:00-04:00,7745.0,7745.0,7744.5,7744.75,69
2026-09-20T23:22:00-04:00,7745.0,7745.0,7744.75,7745.0,91
2026-09-20T23:23:00-04:00,7744.75,7745.25,7744.75,7745.0,65
2026-09-20T23:24:00-04:00,7745.25,7745.25,7745.0,7745.0,42
2026-09-20T23:25:00-04:00,7744.75,7745.5,7744.75,7745.5,46
2026-09-20T23:26:00-04:00,7745.25,7746.0,7745.25,7745.75,82
2026-09-20T23:27:00-04:00,7745.75,7745.75,7745.0,7745.25,77
2026-09-20T23:28:00-04:00,7745.25,7745.25,7744.5,7744.75,151
2026-09-20T23:29:00-04:00,7744.5,7744.75,7744.0,7744.25,135
2026-09-20T23:30:00-04:00,7744.25,7744.5,7743.75,7744.0,121
2026-09-20T23:31:00-04:00,7744.0,7744.25,7743.75,7743.75,86
2026-09-20T23:32:00-04:00,7743.75,7743.75,7743.0,7743.25,86
2026-09-20T23:33:00-04:00,7743.25,7744.0,7743.25,7744.0,111
2026-09-20T23:34:00-04:00,7744.0,7744.25,7744.0,7744.25,48
2026-09-20T23:35:00-04:00,7744.5,7744.75,7744.0,7744.0,133
2026-09-20T23:36:00-04:00,7743.75,7744.0,7743.5,7743.75,106
2026-09-20T23:37:00-04:00,7743.75,7744.0,7743.5,7743.5,71
2026-09-20T23:38:00-04:00,7743.5,7744.0,7743.5,7744.0,36
2026-09-20T23:39:00-04:00,7744.0,7744.25,7744.0,7744.25,24
2026-09-20T23:40:00-04:00,7744.0,7744.25,7744.0,7744.0,31
2026-09-20T23:41:00-04:00,7744.0,7744.25,7743.75,7743.75,43
2026-09-20T23:42:00-04:00,7744.0,7744.25,7744.0,7744.25,26
2026-09-20T23:43:00-04:00,7744.25,7744.5,7744.25,7744.5,48
2026-09-20T23:44:00-04:00,7744.5,7744.75,7744.5,7744.5,26
2026-09-20T23:45:00-04:00,7744.5,7746.0,7744.5,7746.0,148
2026-09-20T23:46:00-04:00,7746.0,7746.0,7745.75,7745.75,46
2026-09-20T23:47:00-04:00,7745.75,7746.25,7745.75,7746.25,57
2026-09-20T23:48:00-04:00,7746.0,7746.0,7745.5,7745.5,90
2026-09-20T23:49:00-04:00,7745.25,7745.25,7744.75,7744.75,100
2026-09-20T23:50:00-04:00,7744.75,7744.75,7744.5,7744.5,80
2026-09-20T23:51:00-04:00,7744.5,7745.0,7744.5,7745.0,88
2026-09-20T23:52:00-04:00,7744.75,7745.5,7744.75,7745.5,40
2026-09-20T23:53:00-04:00,7745.5,7745.5,7745.0,7745.5,60
2026-09-20T23:54:00-04:00,7745.25,7745.5,7745.25,7745.25,17
2026-09-20T23:55:00-04:00,7745.0,7745.0,7744.25,7744.5,61
2026-09-20T23:56:00-04:00,7744.5,7744.75,7744.25,7744.75,63
2026-09-20T23:57:00-04:00,7744.75,7744.75,7744.25,7744.5,30
2026-09-20T23:58:00-04:00,7744.5,7744.5,7744.25,7744.5,44
2026-09-21T00:00:00-04:00,7744.0,7745.0,7744.0,7744.75,135
2026-09-21T00:01:00-04:00,7745.0,7745.5,7744.75,7745.5,58
2026-09-21T00:02:00-04:00,7745.5,7746.0,7745.25,7745.75,57
2026-09-21T00:03:00-04:00,7745.5,7745.5,7745.0,7745.25,65
2026-09-21T00:04:00-04:00,7745.25,7745.25,7744.0,7744.0,100
2026-09-21T00:05:00-04:00,7744.0,7744.0,7743.25,7743.75,127
2026-09-21T00:06:00-04:00,7743.75,7743.75,7742.75,7743.0,86
2026-09-21T00:07:00-04:00,7742.75,7742.75,7742.5,7742.75,150
2026-09-21T00:08:00-04:00,7742.75,7744.5,7742.75,7744.5,146
2026-09-21T00:09:00-04:00,7744.5,7744.5,7743.75,7743.75,86
2026-09-21T00:10:00-04:00,7744.0,7744.0,7743.75,7743.75,49
2026-09-21T00:11:00-04:00,7743.5,7743.5,7742.5,7742.75,71
2026-09-21T00:12:00-04:00,7743.0,7743.75,7743.0,7743.5,97
2026-09-21T00:13:00-04:00,7743.75,7744.25,7743.5,7744.0,61
2026-09-21T00:14:00-04:00,7744.0,7744.25,7743.75,7744.25,62
2026-09-21T00:15:00-04:00,7744.0,7744.5,7744.0,7744.5,64
2026-09-21T00:16:00-04:00,7744.5,7745.5,7744.5,7745.5,112
2026-09-21T00:17:00-04:00,7745.5,7745.5,7745.0,7745.25,54
2026-09-21T00:18:00-04:00,7745.25,7746.0,7745.25,7746.0,59
2026-09-21T00:19:00-04:00,7746.0,7746.25,7745.75,7746.0,77
2026-09-21T00:20:00-04:00,7746.0,7746.5,7745.5,7745.75,86
2026-09-21T00:21:00-04:00,7745.75,7746.0,7745.25,7745.5,98
2026-09-21T00:22:00-04:00,7745.5,7745.75,7745.5,7745.75,42
2026-09-21T00:23:00-04:00,7745.5,7745.5,7744.75,7745.0,90
2026-09-21T00:24:00-04:00,7745.0,7745.25,7744.75,7745.25,37
2026-09-21T00:25:00-04:00,7745.25,7745.75,7745.25,7745.75,71
2026-09-21T00:26:00-04:00,7745.75,7746.25,7745.75,7746.25,52
2026-09-21T00:27:00-04:00,7746.25,7746.25,7746.0,7746.25,35
2026-09-21T00:28:00-04:00,7746.0,7746.0,7745.75,7745.75,13
2026-09-21T00:29:00-04:00,7746.0,7746.0,7745.75,7745.75,60
2026-09-21T00:30:00-04:00,7745.5,7745.5,7744.25,7744.25,108
2026-09-21T00:31:00-04:00,7744.25,7744.5,7743.75,7744.25,76
2026-09-21T00:32:00-04:00,7744.5,7744.75,7744.5,7744.75,22
2026-09-21T00:33:00-04:00,7745.0,7745.0,7745.0,7745.0,3
2026-09-21T00:34:00-04:00,7744.75,7745.0,7744.75,7744.75,53
2026-09-21T00:35:00-04:00,7744.75,7744.75,7744.25,7744.25,81
2026-09-21T00:36:00-04:00,7744.5,7744.75,7744.5,7744.75,38
2026-09-21T00:37:00-04:00,7744.5,7745.0,7744.5,7744.75,72
2026-09-21T00:38:00-04:00,7744.75,7744.75,7744.75,7744.75,2
2026-09-21T00:39:00-04:00,7744.5,7745.0,7744.5,7745.0,57
2026-09-21T00:40:00-04:00,7744.75,7746.0,7744.75,7745.75,98
2026-09-21T00:41:00-04:00,7745.75,7745.75,7745.5,7745.75,32
2026-09-21T00:42:00-04:00,7745.5,7745.75,7745.25,7745.25,17
2026-09-21T00:43:00-04:00,7745.5,7745.5,7745.0,7745.25,23
2026-09-21T00:44:00-04:00,7745.0,7745.25,7744.75,7744.75,70
2026-09-21T00:45:00-04:00,7745.0,7745.5,7745.0,7745.25,45
2026-09-21T00:46:00-04:00,7745.0,7745.25,7745.0,7745.25,32
2026-09-21T00:47:00-04:00,7745.25,7745.5,7745.0,7745.25,26
2026-09-21T00:48:00-04:00,7745.25,7745.75,7745.25,7745.75,49
2026-09-21T00:49:00-04:00,7746.0,7746.0,7745.25,7745.25,37
2026-09-21T00:50:00-04:00,7745.5,7745.5,7745.25,7745.25,22
2026-09-21T00:51:00-04:00,7745.25,7745.25,7745.0,7745.25,34
2026-09-21T00:52:00-04:00,7745.5,7745.5,7745.0,7745.0,53
2026-09-21T00:53:00-04:00,7744.75,7745.0,7744.75,7745.0,61
2026-09-21T00:54:00-04:00,7744.75,7745.25,7744.75,7745.0,30
2026-09-21T00:55:00-04:00,7745.0,7745.0,7744.5,7744.75,63
2026-09-21T00:56:00-04:00,7744.75,7745.5,7744.75,7745.25,42
2026-09-21T00:57:00-04:00,7745.25,7745.5,7745.25,7745.25,27
2026-09-21T00:58:00-04:00,7745.0,7745.0,7744.5,7744.5,66
2026-09-21T00:59:00-04:00,7744.75,7745.25,7744.75,7744.75,62
2026-09-21T01:00:00-04:00,7745.0,7745.0,7744.5,7744.5,108
2026-09-21T01:01:00-04:00,7744.75,7745.25,7744.75,7745.25,62
2026-09-21T01:02:00-04:00,7745.0,7745.25,7744.5,7745.25,61
2026-09-21T01:03:00-04:00,7745.0,7745.25,7744.75,7744.75,36
2026-09-21T01:04:00-04:00,7744.75,7745.0,7744.5,7744.5,57
2026-09-21T01:05:00-04:00,7744.25,7744.5,7744.0,7744.25,75
2026-09-21T01:06:00-04:00,7744.5,7744.5,7744.25,7744.5,24
2026-09-21T01:07:00-04:00,7744.25,7744.25,7744.25,7744.25,38
2026-09-21T01:08:00-04:00,7744.25,7744.75,7744.0,7744.0,74
2026-09-21T01:09:00-04:00,7744.0,7744.0,7743.5,7744.0,92
2026-09-21T01:10:00-04:00,7744.0,7744.25,7744.0,7744.0,63
2026-09-21T01:11:00-04:00,7743.75,7744.25,7743.75,7744.0,38
2026-09-21T01:12:00-04:00,7744.25,7744.25,7743.75,7743.75,60
2026-09-21T01:13:00-04:00,7743.75,7744.0,7743.75,7744.0,28
2026-09-21T01:14:00-04:00,7744.0,7744.25,7743.75,7743.75,83
2026-09-21T01:15:00-04:00,7743.75,7744.0,7743.75,7744.0,43
2026-09-21T01:16:00-04:00,7743.75,7744.0,7743.75,7744.0,118
2026-09-21T01:17:00-04:00,7743.75,7743.75,7743.5,7743.5,127
2026-09-21T01:18:00-04:00,7743.5,7744.0,7743.25,7744.0,52
2026-09-21T01:19:00-04:00,7744.0,7744.5,7743.5,7743.75,106
2026-09-21T01:20:00-04:00,7744.0,7744.0,7743.5,7744.0,53
2026-09-21T01:21:00-04:00,7744.0,7744.25,7743.75,7743.75,118
2026-09-21T01:22:00-04:00,7743.75,7744.25,7743.75,7744.25,79
2026-09-21T01:23:00-04:00,7744.0,7744.25,7743.75,7744.25,44
2026-09-21T01:24:00-04:00,7744.25,7744.75,7744.25,7744.75,49
2026-09-21T01:25:00-04:00,7744.75,7744.75,7743.75,7744.0,62
2026-09-21T01:26:00-04:00,7744.25,7744.25,7744.0,7744.0,50
2026-09-21T01:27:00-04:00,7744.0,7744.5,7744.0,7744.0,45
2026-09-21T01:28:00-04:00,7743.75,7744.25,7743.5,7743.75,83
2026-09-21T01:29:00-04:00,7743.75,7744.5,7743.75,7744.5,36
2026-09-21T01:30:00-04:00,7744.25,7745.0,7744.25,7744.75,130
2026-09-21T01:31:00-04:00,7744.75,7746.0,7744.75,7746.0,227
2026-09-21T01:32:00-04:00,7746.0,7746.0,7744.25,7744.5,189
2026-09-21T01:33:00-04:00,7744.5,7745.0,7744.0,7744.75,101
2026-09-21T01:34:00-04:00,7744.75,7745.5,7744.75,7745.5,62
2026-09-21T01:35:00-04:00,7745.5,7745.75,7745.0,7745.5,121
2026-09-21T01:36:00-04:00,7745.5,7746.25,7745.5,7746.0,192
2026-09-21T01:37:00-04:00,7745.75,7747.0,7745.75,7746.5,185
2026-09-21T01:38:00-04:00,7746.75,7747.5,7746.75,7747.5,165
2026-09-21T01:39:00-04:00,7747.5,7747.75,7746.5,7746.5,171
2026-09-21T01:40:00-04:00,7746.75,7748.5,7746.75,7748.5,238
2026-09-21T01:41:00-04:00,7748.25,7748.25,7746.5,7746.75,183
2026-09-21T01:42:00-04:00,7746.5,7746.75,7746.0,7746.0,134
2026-09-21T01:43:00-04:00,7746.0,7746.75,7746.0,7746.0,94
2026-09-21T01:44:00-04:00,7746.0,7746.0,7745.75,7746.0,68
2026-09-21T01:45:00-04:00,7745.75,7746.0,7745.5,7745.5,95
2026-09-21T01:46:00-04:00,7745.75,7746.0,7745.75,7746.0,61
2026-09-21T01:47:00-04:00,7746.0,7746.0,7745.5,7745.75,87
2026-09-21T01:48:00-04:00,7745.5,7745.75,7744.0,7744.0,174
2026-09-21T01:49:00-04:00,7744.25,7744.5,7744.0,7744.0,132
2026-09-21T01:50:00-04:00,7744.25,7744.25,7743.75,7744.25,80
2026-09-21T01:51:00-04:00,7744.25,7744.75,7744.0,7744.25,65
2026-09-21T01:52:00-04:00,7744.5,7744.75,7744.0,7744.75,76
2026-09-21T01:53:00-04:00,7744.5,7745.75,7744.5,7745.75,93
2026-09-21T01:54:00-04:00,7745.75,7745.75,7745.0,7745.25,51
2026-09-21T01:55:00-04:00,7745.0,7745.5,7745.0,7745.25,67
2026-09-21T01:56:00-04:00,7745.25,7745.5,7745.0,7745.25,90
2026-09-21T01:57:00-04:00,7745.5,7746.0,7745.5,7745.5,61
2026-09-21T01:58:00-04:00,7745.5,7745.75,7745.5,7745.5,39
2026-09-21T01:59:00-04:00,7745.5,7745.75,7745.5,7745.5,44
2026-09-21T02:00:00-04:00,7745.5,7747.75,7745.5,7747.75,303
2026-09-21T02:01:00-04:00,7747.75,7748.0,7747.25,7747.75,170
2026-09-21T02:02:00-04:00,7747.75,7747.75,7747.0,7747.25,121
2026-09-21T02:03:00-04:00,7747.5,7747.5,7747.25,7747.25,75
2026-09-21T02:04:00-04:00,7747.25,7748.0,7746.75,7748.0,167
2026-09-21T02:05:00-04:00,7747.75,7748.0,7747.5,7747.5,140
2026-09-21T02:06:00-04:00,7747.5,7747.75,7746.75,7747.5,96
2026-09-21T02:07:00-04:00,7747.25,7747.5,7747.0,7747.25,108
2026-09-21T02:08:00-04:00,7747.25,7747.5,7746.5,7747.25,145
2026-09-21T02:09:00-04:00,7747.0,7748.0,7747.0,7748.0,101
2026-09-21T02:10:00-04:00,7747.75,7748.25,7747.75,7748.0,102
2026-09-21T02:11:00-04:00,7748.0,7748.25,7747.75,7747.75,144
2026-09-21T02:12:00-04:00,7748.0,7749.25,7747.0,7747.25,1035
2026-09-21T02:13:00-04:00,7747.25,7747.25,7746.25,7746.75,247
2026-09-21T02:14:00-04:00,7746.75,7747.25,7746.25,7747.0,138
2026-09-21T02:15:00-04:00,7746.75,7747.25,7746.75,7747.0,133
2026-09-21T02:16:00-04:00,7747.0,7747.25,7747.0,7747.25,163
2026-09-21T02:17:00-04:00,7747.25,7748.0,7747.25,7747.5,239
2026-09-21T02:18:00-04:00,7747.75,7748.25,7747.5,7748.25,188
2026-09-21T02:19:00-04:00,7748.0,7748.25,7747.0,7747.0,456
2026-09-21T02:20:00-04:00,7747.25,7747.25,7746.75,7747.0,168
2026-09-21T02:21:00-04:00,7746.75,7747.25,7746.5,7747.25,184
2026-09-21T02:22:00-04:00,7747.0,7747.0,7746.25,7746.5,244
2026-09-21T02:23:00-04:00,7746.25,7746.5,7745.5,7746.25,282
2026-09-21T02:24:00-04:00,7746.25,7746.5,7745.75,7746.25,122
2026-09-21T02:25:00-04:00,7746.25,7747.0,7745.5,7747.0,382
2026-09-21T02:26:00-04:00,7746.75,7747.0,7746.25,7746.5,205
2026-09-21T02:27:00-04:00,7746.5,7747.0,7746.25,7747.0,121
2026-09-21T02:28:00-04:00,7747.0,7747.25,7746.75,7746.75,254
2026-09-21T02:29:00-04:00,7747.0,7747.5,7747.0,7747.5,118
2026-09-21T02:30:00-04:00,7747.25,7748.25,7747.25,7747.5,191
2026-09-21T02:31:00-04:00,7747.75,7748.5,7747.75,7748.0,82
2026-09-21T02:32:00-04:00,7748.0,7748.0,7747.75,7747.75,113
2026-09-21T02:33:00-04:00,7747.75,7748.5,7747.75,7748.5,137
2026-09-21T02:34:00-04:00,7748.5,7749.75,7748.5,7749.75,154
2026-09-21T02:35:00-04:00,7749.75,7749.75,7748.5,7749.0,173
2026-09-21T02:36:00-04:00,7749.25,7749.25,7748.75,7749.0,199
2026-09-21T02:37:00-04:00,7749.0,7749.5,7749.0,7749.5,77
2026-09-21T02:38:00-04:00,7749.25,7749.5,7748.75,7749.25,183
2026-09-21T02:39:00-04:00,7749.0,7749.0,7748.75,7749.0,85
2026-09-21T02:40:00-04:00,7749.0,7749.75,7749.0,7749.25,218
2026-09-21T02:41:00-04:00,7749.25,7749.5,7749.0,7749.25,103
2026-09-21T02:42:00-04:00,7749.0,7749.25,7748.75,7749.0,105
2026-09-21T02:43:00-04:00,7749.0,7749.0,7748.75,7749.0,52
2026-09-21T02:44:00-04:00,7748.75,7749.25,7748.75,7749.0,86
2026-09-21T02:45:00-04:00,7749.25,7749.5,7749.25,7749.5,118
2026-09-21T02:46:00-04:00,7749.5,7750.0,7749.25,7749.75,229
2026-09-21T02:47:00-04:00,7749.75,7750.75,7749.75,7750.75,208
2026-09-21T02:48:00-04:00,7750.5,7750.75,7750.25,7750.5,132
2026-09-21T02:49:00-04:00,7750.75,7750.75,7750.5,7750.5,96
2026-09-21T02:50:00-04:00,7750.5,7750.5,7750.0,7750.0,120
2026-09-21T02:51:00-04:00,7750.0,7751.0,7749.75,7750.25,216
2026-09-21T02:52:00-04:00,7750.25,7750.75,7749.75,7750.75,257
2026-09-21T02:53:00-04:00,7750.75,7750.75,7749.5,7749.5,147
2026-09-21T02:54:00-04:00,7749.5,7749.5,7748.5,7749.5,120
2026-09-21T02:55:00-04:00,7749.25,7750.0,7749.25,7750.0,66
2026-09-21T02:56:00-04:00,7750.0,7750.5,7749.75,7750.5,120
2026-09-21T02:57:00-04:00,7750.25,7750.75,7750.25,7750.75,109
2026-09-21T02:58:00-04:00,7750.75,7751.5,7750.5,7751.25,175
2026-09-21T02:59:00-04:00,7751.25,7752.25,7751.0,7752.0,316
2026-09-21T03:00:00-04:00,7752.0,7756.25,7751.5,7752.5,2879
2026-09-21T03:01:00-04:00,7752.75,7752.75,7751.5,7752.5,272
2026-09-21T03:02:00-04:00,7752.5,7754.0,7752.5,7753.75,612
2026-09-21T03:03:00-04:00,7753.75,7757.0,7753.75,7756.5,1414
2026-09-21T03:04:00-04:00,7756.75,7757.25,7756.0,7757.0,877
2026-09-21T03:05:00-04:00,7757.0,7757.0,7754.5,7756.25,621
2026-09-21T03:06:00-04:00,7756.25,7756.75,7755.0,7755.25,370
2026-09-21T03:07:00-04:00,7755.25,7755.75,7754.75,7755.5,374
2026-09-21T03:08:00-04:00,7755.5,7756.25,7755.0,7755.25,286
2026-09-21T03:09:00-04:00,7755.25,7756.75,7755.0,7756.0,483
2026-09-21T03:10:00-04:00,7756.25,7756.25,7753.0,7753.0,588
2026-09-21T03:11:00-04:00,7753.0,7753.25,7752.25,7753.0,533
2026-09-21T03:12:00-04:00,7753.0,7753.5,7752.0,7752.75,485
2026-09-21T03:13:00-04:00,7752.75,7754.0,7752.5,7753.5,238
2026-09-21T03:14:00-04:00,7753.5,7755.5,7753.5,7755.25,270
2026-09-21T03:15:00-04:00,7755.25,7755.75,7754.5,7755.0,207
2026-09-21T03:16:00-04:00,7755.25,7755.75,7754.5,7755.5,220
2026-09-21T03:17:00-04:00,7755.5,7756.5,7755.25,7756.0,199
2026-09-21T03:18:00-04:00,7756.25,7757.0,7756.0,7756.5,261
2026-09-21T03:19:00-04:00,7756.5,7756.5,7755.75,7756.0,276
2026-09-21T03:20:00-04:00,7756.0,7756.0,7755.0,7755.0,161
2026-09-21T03:21:00-04:00,7755.25,7756.0,7755.0,7755.5,169
2026-09-21T03:22:00-04:00,7755.25,7755.25,7754.25,7754.25,325
2026-09-21T03:23:00-04:00,7754.25,7754.25,7753.25,7753.5,293
2026-09-21T03:24:00-04:00,7753.25,7754.5,7753.0,7754.25,312
2026-09-21T03:25:00-04:00,7754.25,7754.25,7753.0,7753.0,188
2026-09-21T03:26:00-04:00,7753.25,7753.75,7752.75,7753.5,290
2026-09-21T03:27:00-04:00,7753.25,7754.75,7753.0,7754.5,223
2026-09-21T03:28:00-04:00,7754.75,7755.25,7754.25,7754.75,222
2026-09-21T03:29:00-04:00,7754.75,7755.75,7754.5,7755.75,276
2026-09-21T03:30:00-04:00,7755.75,7756.75,7755.75,7755.75,314
2026-09-21T03:31:00-04:00,7756.0,7756.75,7755.75,7756.75,260
2026-09-21T03:32:00-04:00,7756.75,7756.75,7755.25,7755.25,436
2026-09-21T03:33:00-04:00,7755.25,7756.25,7754.75,7756.0,360
2026-09-21T03:34:00-04:00,7756.0,7756.25,7755.5,7755.75,351
2026-09-21T03:35:00-04:00,7756.0,7756.25,7755.5,7755.75,259
2026-09-21T03:36:00-04:00,7755.5,7755.75,7755.25,7755.25,167
2026-09-21T03:37:00-04:00,7755.5,7756.75,7755.25,7756.5,234
2026-09-21T03:38:00-04:00,7756.75,7757.0,7756.25,7756.5,296
2026-09-21T03:39:00-04:00,7756.5,7756.75,7755.0,7756.0,409
2026-09-21T03:40:00-04:00,7756.0,7756.25,7754.75,7755.0,207
2026-09-21T03:41:00-04:00,7755.0,7756.0,7754.5,7754.75,487
2026-09-21T03:42:00-04:00,7754.75,7755.25,7754.0,7754.5,264
2026-09-21T03:43:00-04:00,7754.5,7754.75,7753.0,7753.25,310
2026-09-21T03:44:00-04:00,7753.25,7754.5,7753.25,7754.25,270
2026-09-21T03:45:00-04:00,7754.25,7755.25,7754.0,7754.75,228
2026-09-21T03:46:00-04:00,7754.75,7754.75,7752.75,7753.0,310
2026-09-21T03:47:00-04:00,7753.0,7753.75,7752.5,7753.5,203
2026-09-21T03:48:00-04:00,7753.5,7754.75,7753.25,7754.75,166
2026-09-21T03:49:00-04:00,7754.5,7754.75,7753.75,7754.5,184
2026-09-21T03:50:00-04:00,7754.5,7756.0,7754.25,7755.75,337
2026-09-21T03:51:00-04:00,7755.75,7756.75,7755.5,7756.5,260
2026-09-21T03:52:00-04:00,7756.75,7757.0,7756.5,7756.75,243
2026-09-21T03:53:00-04:00,7756.75,7757.5,7756.75,7757.25,344
2026-09-21T03:54:00-04:00,7757.25,7757.75,7757.0,7757.75,228
2026-09-21T03:55:00-04:00,7757.75,7758.25,7757.5,7758.0,427
2026-09-21T03:56:00-04:00,7758.0,7758.25,7757.5,7758.25,271
2026-09-21T03:57:00-04:00,7758.25,7758.5,7758.0,7758.5,320
2026-09-21T03:58:00-04:00,7758.75,7759.0,7758.0,7758.5,207
2026-09-21T03:59:00-04:00,7758.5,7758.5,7757.25,7757.25,221
2026-09-21T04:00:00-04:00,7757.25,7759.75,7757.0,7759.5,907
2026-09-21T04:01:00-04:00,7759.5,7760.5,7759.25,7760.25,1886
2026-09-21T04:02:00-04:00,7760.25,7761.25,7759.5,7760.25,697
2026-09-21T04:03:00-04:00,7760.25,7761.5,7760.25,7761.0,770
2026-09-21T04:04:00-04:00,7761.25,7761.25,7760.25,7760.25,380
2026-09-21T04:05:00-04:00,7760.25,7760.25,7758.5,7758.5,401
2026-09-21T04:06:00-04:00,7758.75,7760.5,7758.25,7760.25,670
2026-09-21T04:07:00-04:00,7760.25,7760.25,7759.0,7759.25,434
2026-09-21T04:08:00-04:00,7759.25,7760.0,7759.25,7759.5,251
2026-09-21T04:09:00-04:00,7759.75,7760.75,7759.5,7760.5,481
2026-09-21T04:10:00-04:00,7760.5,7761.0,7760.25,7760.5,352
2026-09-21T04:11:00-04:00,7760.75,7761.0,7760.25,7760.5,322
2026-09-21T04:12:00-04:00,7760.5,7761.25,7760.25,7760.75,554
2026-09-21T04:13:00-04:00,7760.75,7760.75,7759.5,7759.75,245
2026-09-21T04:14:00-04:00,7760.0,7760.5,7759.75,7760.25,219
2026-09-21T04:15:00-04:00,7760.5,7760.75,7760.0,7760.0,185
2026-09-21T04:16:00-04:00,7760.25,7760.5,7760.0,7760.25,155
2026-09-21T04:17:00-04:00,7760.5,7760.5,7760.0,7760.0,80
2026-09-21T04:18:00-04:00,7760.0,7760.0,7759.5,7759.75,222
2026-09-21T04:19:00-04:00,7759.5,7760.25,7759.5,7759.5,223
2026-09-21T04:20:00-04:00,7759.5,7759.75,7759.0,7759.75,156
2026-09-21T04:21:00-04:00,7759.75,7760.25,7759.5,7760.25,275
2026-09-21T04:22:00-04:00,7760.0,7760.25,7759.75,7760.25,364
2026-09-21T04:23:00-04:00,7760.25,7761.25,7760.25,7760.5,375
2026-09-21T04:24:00-04:00,7760.25,7760.5,7760.0,7760.25,137
2026-09-21T04:25:00-04:00,7760.25,7760.75,7759.75,7759.75,160
2026-09-21T04:26:00-04:00,7760.0,7760.25,7759.25,7760.0,351
2026-09-21T04:27:00-04:00,7760.0,7760.25,7759.75,7760.25,201
2026-09-21T04:28:00-04:00,7760.25,7760.75,7760.25,7760.75,103
2026-09-21T04:29:00-04:00,7760.75,7760.75,7760.0,7760.0,185
2026-09-21T04:30:00-04:00,7759.75,7760.75,7759.5,7760.75,220
2026-09-21T04:31:00-04:00,7760.75,7761.5,7760.75,7761.25,302
2026-09-21T04:32:00-04:00,7761.25,7763.0,7761.25,7763.0,806
2026-09-21T04:33:00-04:00,7762.75,7763.25,7762.75,7763.0,279
2026-09-21T04:34:00-04:00,7763.25,7763.25,7762.25,7762.5,275
2026-09-21T04:35:00-04:00,7762.5,7763.0,7761.75,7763.0,346
2026-09-21T04:36:00-04:00,7762.75,7763.5,7762.25,7762.5,402
2026-09-21T04:37:00-04:00,7762.25,7762.25,7761.75,7761.75,147
2026-09-21T04:38:00-04:00,7761.75,7762.5,7761.5,7761.75,332
2026-09-21T04:39:00-04:00,7761.75,7762.0,7761.5,7762.0,117
2026-09-21T04:40:00-04:00,7762.0,7762.25,7761.5,7761.75,262
2026-09-21T04:41:00-04:00,7762.0,7763.75,7762.0,7763.5,446
2026-09-21T04:42:00-04:00,7763.5,7763.75,7762.75,7763.0,266
2026-09-21T04:43:00-04:00,7762.75,7764.0,7762.75,7763.75,294
2026-09-21T04:44:00-04:00,7763.75,7763.75,7763.25,7763.5,427
2026-09-21T04:45:00-04:00,7763.25,7763.5,7763.0,7763.5,226
2026-09-21T04:46:00-04:00,7763.5,7764.25,7763.25,7763.25,1629
2026-09-21T04:47:00-04:00,7763.5,7763.75,7762.0,7763.0,624
2026-09-21T04:48:00-04:00,7763.25,7763.5,7763.0,7763.5,185
2026-09-21T04:49:00-04:00,7763.75,7763.75,7763.0,7763.25,118
2026-09-21T04:50:00-04:00,7763.0,7763.0,7761.5,7762.25,350
2026-09-21T04:51:00-04:00,7762.25,7762.75,7762.0,7762.25,186
2026-09-21T04:52:00-04:00,7762.0,7762.25,7761.5,7762.0,215
2026-09-21T04:53:00-04:00,7762.0,7762.5,7762.0,7762.5,377
2026-09-21T04:54:00-04:00,7762.5,7762.5,7760.75,7760.75,529
2026-09-21T04:55:00-04:00,7760.75,7761.75,7760.5,7761.25,244
2026-09-21T04:56:00-04:00,7761.5,7761.5,7760.5,7760.5,222
2026-09-21T04:57:00-04:00,7760.75,7761.0,7760.5,7761.0,186
2026-09-21T04:58:00-04:00,7760.75,7761.5,7760.75,7761.25,313
2026-09-21T04:59:00-04:00,7761.25,7761.5,7761.0,7761.0,199
2026-09-21T05:00:00-04:00,7761.25,7761.25,7759.75,7760.5,399
2026-09-21T05:01:00-04:00,7760.5,7760.75,7759.75,7760.0,210
2026-09-21T05:02:00-04:00,7760.0,7760.25,7759.75,7760.0,175
2026-09-21T05:03:00-04:00,7760.0,7760.5,7759.75,7760.5,246
2026-09-21T05:04:00-04:00,7760.25,7760.25,7759.25,7759.75,241
2026-09-21T05:05:00-04:00,7759.5,7760.0,7759.25,7760.0,127
2026-09-21T05:06:00-04:00,7760.0,7760.75,7760.0,7760.25,211
2026-09-21T05:07:00-04:00,7760.5,7761.25,7760.5,7761.25,148
2026-09-21T05:08:00-04:00,7761.25,7762.25,7761.25,7761.75,218
2026-09-21T05:09:00-04:00,7762.0,7762.0,7760.75,7760.75,224
2026-09-21T05:10:00-04:00,7761.0,7761.25,7760.25,7760.25,174
2026-09-21T05:11:00-04:00,7760.25,7761.25,7760.0,7761.0,238
2026-09-21T05:12:00-04:00,7760.75,7761.0,7760.5,7761.0,177
2026-09-21T05:13:00-04:00,7760.75,7761.0,7760.5,7761.0,126
2026-09-21T05:14:00-04:00,7760.75,7761.0,7760.5,7760.75,165
2026-09-21T05:15:00-04:00,7761.0,7761.75,7761.0,7761.5,211
2026-09-21T05:16:00-04:00,7761.5,7761.5,7760.5,7760.75,102
2026-09-21T05:17:00-04:00,7760.75,7761.0,7760.0,7760.5,177
2026-09-21T05:18:00-04:00,7760.5,7761.0,7760.5,7760.5,118
2026-09-21T05:19:00-04:00,7760.25,7760.5,7760.0,7760.25,186
2026-09-21T05:20:00-04:00,7760.5,7760.75,7760.0,7760.25,104
2026-09-21T05:21:00-04:00,7760.0,7760.75,7760.0,7760.75,57
2026-09-21T05:22:00-04:00,7760.75,7762.5,7760.75,7762.25,373
2026-09-21T05:23:00-04:00,7762.25,7762.25,7761.25,7761.5,166
2026-09-21T05:24:00-04:00,7761.75,7761.75,7761.25,7761.25,189
2026-09-21T05:25:00-04:00,7761.0,7761.5,7760.75,7761.25,191
2026-09-21T05:26:00-04:00,7761.25,7762.25,7761.25,7762.25,263
2026-09-21T05:27:00-04:00,7762.25,7763.25,7762.25,7763.0,372
2026-09-21T05:28:00-04:00,7762.75,7763.25,7762.0,7762.0,146
2026-09-21T05:29:00-04:00,7762.0,7762.0,7761.0,7761.0,143
2026-09-21T05:30:00-04:00,7760.75,7761.0,7760.5,7761.0,213
2026-09-21T05:31:00-04:00,7761.0,7761.25,7760.5,7760.75,164
2026-09-21T05:32:00-04:00,7760.5,7761.0,7760.5,7761.0,160
2026-09-21T05:33:00-04:00,7761.0,7761.5,7760.75,7761.0,248
2026-09-21T05:34:00-04:00,7761.25,7761.5,7761.25,7761.5,58
2026-09-21T05:35:00-04:00,7761.5,7762.0,7761.0,7761.25,439
2026-09-21T05:36:00-04:00,7761.5,7761.75,7761.5,7761.5,95
2026-09-21T05:37:00-04:00,7761.5,7761.75,7761.25,7761.75,122
2026-09-21T05:38:00-04:00,7761.5,7761.75,7761.5,7761.5,131
2026-09-21T05:39:00-04:00,7761.5,7762.25,7761.25,7762.0,143
2026-09-21T05:40:00-04:00,7762.0,7762.0,7761.5,7762.0,110
2026-09-21T05:41:00-04:00,7761.75,7762.75,7761.75,7762.25,208
2026-09-21T05:42:00-04:00,7762.25,7762.25,7761.75,7761.75,102
2026-09-21T05:43:00-04:00,7762.0,7762.5,7762.0,7762.25,64
2026-09-21T05:44:00-04:00,7762.0,7762.25,7762.0,7762.25,61
2026-09-21T05:45:00-04:00,7762.25,7762.5,7762.0,7762.0,206
2026-09-21T05:46:00-04:00,7762.0,7762.25,7761.75,7762.0,180
2026-09-21T05:47:00-04:00,7762.25,7762.5,7762.25,7762.25,113
2026-09-21T05:48:00-04:00,7762.25,7762.75,7762.25,7762.5,111
2026-09-21T05:49:00-04:00,7762.5,7762.5,7762.0,7762.25,116
2026-09-21T05:50:00-04:00,7762.25,7763.25,7762.25,7763.0,218
2026-09-21T05:51:00-04:00,7763.25,7764.5,7763.0,7764.0,280
2026-09-21T05:52:00-04:00,7764.0,7764.5,7763.5,7763.75,429
2026-09-21T05:53:00-04:00,7763.5,7764.5,7763.5,7763.75,300
2026-09-21T05:54:00-04:00,7763.75,7764.25,7763.5,7764.25,126
2026-09-21T05:55:00-04:00,7764.0,7764.25,7763.5,7764.25,145
2026-09-21T05:56:00-04:00,7764.25,7764.25,7763.25,7763.5,120
2026-09-21T05:57:00-04:00,7763.25,7763.5,7762.25,7762.5,165
2026-09-21T05:58:00-04:00,7762.25,7762.5,7762.25,7762.5,115
2026-09-21T05:59:00-04:00,7762.5,7763.25,7762.25,7762.5,123
2026-09-21T06:00:00-04:00,7762.25,7763.25,7762.25,7762.75,218
2026-09-21T06:01:00-04:00,7762.75,7763.75,7762.5,7763.5,113
2026-09-21T06:02:00-04:00,7763.5,7764.25,7763.25,7764.25,78
2026-09-21T06:03:00-04:00,7764.25,7764.25,7764.0,7764.0,232
2026-09-21T06:04:00-04:00,7764.0,7764.5,7763.75,7764.5,177
2026-09-21T06:05:00-04:00,7764.25,7764.75,7764.0,7764.25,238
2026-09-21T06:06:00-04:00,7764.5,7764.5,7764.0,7764.25,134
2026-09-21T06:07:00-04:00,7764.25,7764.75,7764.0,7764.75,234
2026-09-21T06:08:00-04:00,7764.5,7764.75,7764.25,7764.25,175
2026-09-21T06:09:00-04:00,7764.5,7765.5,7764.5,7764.75,322
2026-09-21T06:10:00-04:00,7765.0,7765.0,7764.75,7764.75,71
2026-09-21T06:11:00-04:00,7765.0,7765.25,7764.75,7764.75,114
2026-09-21T06:12:00-04:00,7764.75,7765.0,7764.5,7764.75,111
2026-09-21T06:13:00-04:00,7765.0,7765.0,7764.5,7764.5,127
2026-09-21T06:14:00-04:00,7764.5,7765.5,7764.5,7765.5,171
2026-09-21T06:15:00-04:00,7765.75,7766.75,7765.75,7766.5,331
2026-09-21T06:16:00-04:00,7766.75,7766.75,7766.0,7766.5,140
2026-09-21T06:17:00-04:00,7766.75,7766.75,7766.25,7766.25,172
2026-09-21T06:18:00-04:00,7766.0,7766.0,7765.5,7766.0,312
2026-09-21T06:19:00-04:00,7766.0,7766.25,7765.25,7765.5,265
2026-09-21T06:20:00-04:00,7765.5,7766.0,7765.25,7766.0,204
2026-09-21T06:21:00-04:00,7765.75,7766.0,7765.75,7765.75,71
2026-09-21T06:22:00-04:00,7765.75,7765.75,7765.5,7765.5,94
2026-09-21T06:23:00-04:00,7765.75,7765.75,7764.75,7764.75,237
2026-09-21T06:24:00-04:00,7765.0,7765.25,7765.0,7765.25,47
2026-09-21T06:25:00-04:00,7765.25,7765.5,7765.0,7765.25,122
2026-09-21T06:26:00-04:00,7765.25,7765.75,7765.25,7765.75,155
2026-09-21T06:27:00-04:00,7766.0,7766.75,7766.0,7766.75,96
2026-09-21T06:28:00-04:00,7766.5,7767.0,7766.5,7767.0,196
2026-09-21T06:29:00-04:00,7767.0,7767.0,7766.0,7766.25,93
2026-09-21T06:30:00-04:00,7766.25,7767.5,7765.25,7767.5,859
2026-09-21T06:31:00-04:00,7767.25,7768.25,7767.25,7768.0,813
2026-09-21T06:32:00-04:00,7767.75,7768.0,7767.5,7767.5,169
2026-09-21T06:33:00-04:00,7767.5,7768.0,7767.5,7768.0,156
2026-09-21T06:34:00-04:00,7768.25,7769.0,7768.0,7768.25,281
2026-09-21T06:35:00-04:00,7768.25,7768.5,7766.25,7766.5,746
2026-09-21T06:36:00-04:00,7766.25,7766.75,7765.75,7766.5,393
2026-09-21T06:37:00-04:00,7766.75,7767.25,7766.25,7767.0,226
2026-09-21T06:38:00-04:00,7767.0,7767.5,7767.0,7767.5,106
2026-09-21T06:39:00-04:00,7767.5,7768.25,7767.0,7767.5,245
2026-09-21T06:40:00-04:00,7767.25,7767.25,7766.75,7767.0,115
2026-09-21T06:41:00-04:00,7767.0,7767.0,7766.5,7766.75,106
2026-09-21T06:42:00-04:00,7766.75,7767.0,7766.5,7767.0,99
2026-09-21T06:43:00-04:00,7767.0,7767.25,7766.75,7767.0,178
2026-09-21T06:44:00-04:00,7767.25,7767.5,7767.25,7767.25,98
2026-09-21T06:45:00-04:00,7767.25,7767.5,7767.25,7767.25,60
2026-09-21T06:46:00-04:00,7767.5,7768.75,7767.5,7768.25,199
2026-09-21T06:47:00-04:00,7768.0,7768.0,7767.25,7767.5,178
2026-09-21T06:48:00-04:00,7767.5,7767.5,7766.75,7766.75,221
2026-09-21T06:49:00-04:00,7767.0,7767.0,7766.25,7766.75,93
2026-09-21T06:50:00-04:00,7766.75,7767.0,7766.5,7766.5,143
2026-09-21T06:51:00-04:00,7766.5,7767.0,7766.5,7767.0,31
2026-09-21T06:52:00-04:00,7766.75,7767.0,7766.25,7766.25,162
2026-09-21T06:53:00-04:00,7766.5,7767.0,7766.25,7767.0,121
2026-09-21T06:54:00-04:00,7767.0,7768.0,7766.5,7768.0,536
2026-09-21T06:55:00-04:00,7767.75,7768.0,7767.0,7767.25,306
2026-09-21T06:56:00-04:00,7767.25,7768.0,7767.0,7767.75,402
2026-09-21T06:57:00-04:00,7767.75,7768.0,7766.75,7767.25,425
2026-09-21T06:58:00-04:00,7767.25,7767.25,7766.25,7766.25,157
2026-09-21T06:59:00-04:00,7766.25,7766.25,7765.75,7766.0,162
2026-09-21T07:00:00-04:00,7765.75,7765.75,7765.0,7765.5,690
2026-09-21T07:01:00-04:00,7765.5,7766.0,7765.5,7766.0,243
2026-09-21T07:02:00-04:00,7766.0,7766.5,7765.25,7766.5,212
2026-09-21T07:03:00-04:00,7766.25,7767.0,7766.25,7766.5,226
2026-09-21T07:04:00-04:00,7766.5,7766.5,7765.0,7765.0,147
2026-09-21T07:05:00-04:00,7765.25,7765.25,7764.5,7765.0,237
2026-09-21T07:06:00-04:00,7765.0,7765.0,7764.0,7764.25,182
2026-09-21T07:07:00-04:00,7764.5,7764.5,7763.5,7763.75,227
2026-09-21T07:08:00-04:00,7764.0,7764.25,7763.25,7763.5,197
2026-09-21T07:09:00-04:00,7763.75,7764.25,7763.75,7764.0,184
2026-09-21T07:10:00-04:00,7763.75,7763.75,7763.25,7763.5,165
2026-09-21T07:11:00-04:00,7763.5,7764.0,7763.5,7763.75,99
2026-09-21T07:12:00-04:00,7763.5,7763.75,7763.5,7763.75,126
2026-09-21T07:13:00-04:00,7764.0,7764.25,7764.0,7764.25,99
2026-09-21T07:14:00-04:00,7764.0,7764.75,7764.0,7764.5,156
2026-09-21T07:15:00-04:00,7764.25,7765.5,7764.25,7765.25,146
2026-09-21T07:16:00-04:00,7765.25,7765.25,7763.5,7765.0,208
2026-09-21T07:17:00-04:00,7764.75,7764.75,7764.25,7764.75,89
2026-09-21T07:18:00-04:00,7764.75,7765.0,7764.5,7765.0,150
2026-09-21T07:19:00-04:00,7765.0,7766.0,7765.0,7765.75,96
2026-09-21T07:20:00-04:00,7765.75,7765.75,7765.0,7765.5,113
2026-09-21T07:21:00-04:00,7765.5,7765.75,7765.5,7765.75,83
2026-09-21T07:22:00-04:00,7765.5,7765.5,7765.0,7765.0,254
2026-09-21T07:23:00-04:00,7765.0,7765.0,7763.25,7763.25,525
2026-09-21T07:24:00-04:00,7763.25,7764.0,7763.0,7763.5,297
2026-09-21T07:25:00-04:00,7763.5,7764.0,7763.5,7763.5,172
2026-09-21T07:26:00-04:00,7763.75,7764.0,7763.25,7763.75,285
2026-09-21T07:27:00-04:00,7764.0,7764.5,7764.0,7764.25,145
2026-09-21T07:28:00-04:00,7764.25,7764.5,7764.0,7764.25,161
2026-09-21T07:29:00-04:00,7764.25,7764.5,7764.0,7764.25,107
2026-09-21T07:30:00-04:00,7764.0,7764.5,7763.75,7764.5,97
2026-09-21T07:31:00-04:00,7764.5,7765.0,7764.0,7765.0,253
2026-09-21T07:32:00-04:00,7765.0,7765.25,7764.75,7765.0,122
2026-09-21T07:33:00-04:00,7765.25,7766.25,7765.25,7766.25,290
2026-09-21T07:34:00-04:00,7766.5,7766.75,7766.25,7766.25,565
2026-09-21T07:35:00-04:00,7766.25,7766.75,7766.0,7766.5,330
2026-09-21T07:36:00-04:00,7766.5,7766.5,7765.5,7765.5,454
2026-09-21T07:37:00-04:00,7765.5,7765.5,7764.75,7765.0,161
2026-09-21T07:38:00-04:00,7765.0,7765.25,7764.5,7765.25,200
2026-09-21T07:39:00-04:00,7765.5,7767.75,7765.25,7766.5,709
2026-09-21T07:40:00-04:00,7766.5,7767.25,7766.5,7767.25,226
2026-09-21T07:41:00-04:00,7767.25,7767.25,7766.25,7766.75,214
2026-09-21T07:42:00-04:00,7766.75,7767.5,7766.75,7767.0,164
2026-09-21T07:43:00-04:00,7766.75,7767.0,7766.5,7767.0,161
2026-09-21T07:44:00-04:00,7767.0,7768.25,7767.0,7768.25,345
2026-09-21T07:45:00-04:00,7768.0,7768.5,7768.0,7768.0,272
2026-09-21T07:46:00-04:00,7768.0,7768.25,7767.5,7768.0,248
2026-09-21T07:47:00-04:00,7767.75,7767.75,7767.25,7767.75,191
2026-09-21T07:48:00-04:00,7767.5,7767.75,7767.0,7767.25,171
2026-09-21T07:49:00-04:00,7767.25,7768.0,7767.25,7768.0,177
2026-09-21T07:50:00-04:00,7768.25,7768.25,7767.75,7768.0,91
2026-09-21T07:51:00-04:00,7768.0,7768.0,7767.25,7767.75,214
2026-09-21T07:52:00-04:00,7768.0,7768.75,7768.0,7768.75,310
2026-09-21T07:53:00-04:00,7768.75,7769.0,7768.0,7768.5,366
2026-09-21T07:54:00-04:00,7768.75,7769.75,7768.75,7769.25,658
2026-09-21T07:55:00-04:00,7769.0,7771.25,7769.0,7769.75,873
2026-09-21T07:56:00-04:00,7769.75,7770.0,7768.75,7769.25,374
2026-09-21T07:57:00-04:00,7769.25,7769.25,7767.5,7768.25,441
2026-09-21T07:58:00-04:00,7768.0,7768.25,7767.75,7767.75,220
2026-09-21T07:59:00-04:00,7767.75,7768.0,7767.5,7767.5,299
2026-09-21T08:00:00-04:00,7767.75,7768.5,7767.0,7767.0,924
2026-09-21T08:01:00-04:00,7767.0,7767.25,7766.75,7766.75,313
2026-09-21T08:02:00-04:00,7767.0,7767.5,7764.0,7765.75,1452
2026-09-21T08:03:00-04:00,7765.75,7767.75,7765.5,7766.25,938
2026-09-21T08:04:00-04:00,7766.5,7769.5,7766.25,7769.5,674
2026-09-21T08:05:00-04:00,7769.5,7770.5,7769.25,7769.75,794
2026-09-21T08:06:00-04:00,7769.75,7770.5,7769.5,7770.0,651
2026-09-21T08:07:00-04:00,7769.75,7770.0,7768.25,7768.25,296
2026-09-21T08:08:00-04:00,7768.5,7769.5,7768.5,7769.25,447
2026-09-21T08:09:00-04:00,7769.25,7769.5,7768.5,7768.75,181
2026-09-21T08:10:00-04:00,7768.75,7769.0,7768.25,7768.5,292
2026-09-21T08:11:00-04:00,7768.25,7768.5,7767.75,7768.25,373
2026-09-21T08:12:00-04:00,7768.25,7768.25,7767.25,7767.5,267
2026-09-21T08:13:00-04:00,7767.5,7767.5,7766.5,7767.25,380
2026-09-21T08:14:00-04:00,7767.0,7767.25,7765.25,7765.25,483
2026-09-21T08:15:00-04:00,7765.25,7766.0,7765.25,7766.0,387
2026-09-21T08:16:00-04:00,7765.75,7766.0,7765.5,7765.5,422
2026-09-21T08:17:00-04:00,7765.5,7765.75,7765.0,7765.0,189
2026-09-21T08:18:00-04:00,7765.0,7766.5,7765.0,7766.5,200
2026-09-21T08:19:00-04:00,7766.5,7766.5,7765.25,7765.5,313
2026-09-21T08:20:00-04:00,7765.75,7766.25,7765.25,7766.25,280
2026-09-21T08:21:00-04:00,7766.5,7767.0,7765.25,7765.25,461
2026-09-21T08:22:00-04:00,7765.25,7765.25,7763.25,7764.0,632
2026-09-21T08:23:00-04:00,7764.25,7764.25,7763.5,7763.75,148
2026-09-21T08:24:00-04:00,7763.75,7764.25,7763.5,7764.0,195
2026-09-21T08:25:00-04:00,7764.0,7764.75,7764.0,7764.75,141
2026-09-21T08:26:00-04:00,7764.75,7765.0,7764.5,7764.75,122
2026-09-21T08:27:00-04:00,7765.0,7765.0,7763.75,7763.75,187
2026-09-21T08:28:00-04:00,7763.75,7763.75,7763.5,7763.75,222
2026-09-21T08:29:00-04:00,7763.75,7763.75,7763.25,7763.5,179
2026-09-21T08:30:00-04:00,7763.5,7764.5,7763.5,7764.25,302
2026-09-21T08:31:00-04:00,7764.0,7765.0,7763.25,7764.75,438
2026-09-21T08:32:00-04:00,7764.75,7765.0,7763.25,7764.25,216
2026-09-21T08:33:00-04:00,7764.0,7764.25,7763.5,7763.75,186
2026-09-21T08:34:00-04:00,7764.0,7764.5,7763.25,7763.75,300
2026-09-21T08:35:00-04:00,7764.0,7764.0,7763.5,7763.5,148
2026-09-21T08:36:00-04:00,7763.5,7763.75,7763.0,7763.25,472
2026-09-21T08:37:00-04:00,7763.25,7764.25,7763.0,7764.0,484
2026-09-21T08:38:00-04:00,7763.75,7764.5,7763.25,7764.0,329
2026-09-21T08:39:00-04:00,7764.0,7764.25,7763.75,7764.0,283
2026-09-21T08:40:00-04:00,7764.0,7764.25,7763.75,7764.25,271
2026-09-21T08:41:00-04:00,7764.25,7764.5,7763.75,7764.5,343
2026-09-21T08:42:00-04:00,7764.25,7764.75,7764.0,7764.75,177
2026-09-21T08:43:00-04:00,7764.75,7765.25,7764.75,7765.0,281
2026-09-21T08:44:00-04:00,7764.75,7768.0,7763.75,7767.75,2763
2026-09-21T08:45:00-04:00,7767.75,7767.75,7765.75,7765.75,653
2026-09-21T08:46:00-04:00,7766.0,7766.25,7764.25,7764.25,320
2026-09-21T08:47:00-04:00,7764.5,7765.0,7764.25,7764.75,469
2026-09-21T08:48:00-04:00,7764.75,7764.75,7764.0,7764.25,223
2026-09-21T08:49:00-04:00,7764.25,7764.25,7763.0,7763.75,353
2026-09-21T08:50:00-04:00,7763.75,7764.0,7763.0,7763.25,332
2026-09-21T08:51:00-04:00,7763.25,7763.5,7763.0,7763.25,165
2026-09-21T08:52:00-04:00,7763.0,7763.25,7762.5,7763.25,327
2026-09-21T08:53:00-04:00,7763.25,7763.5,7763.0,7763.25,132
2026-09-21T08:54:00-04:00,7763.25,7763.25,7762.75,7763.0,309
2026-09-21T08:55:00-04:00,7762.75,7762.75,7761.75,7762.0,430
2026-09-21T08:56:00-04:00,7762.0,7762.5,7761.25,7761.25,331
2026-09-21T08:57:00-04:00,7761.5,7762.25,7761.25,7761.75,337
2026-09-21T08:58:00-04:00,7761.5,7762.5,7761.5,7762.25,318
2026-09-21T08:59:00-04:00,7762.25,7762.25,7761.25,7761.5,369
2026-09-21T09:00:00-04:00,7761.5,7761.75,7760.75,7761.0,699
2026-09-21T09:01:00-04:00,7761.0,7762.25,7761.0,7761.75,514
2026-09-21T09:02:00-04:00,7761.75,7763.25,7761.75,7762.75,568
2026-09-21T09:03:00-04:00,7763.0,7763.0,7762.25,7762.5,337
2026-09-21T09:04:00-04:00,7762.5,7763.5,7762.5,7763.25,397
2026-09-21T09:05:00-04:00,7763.25,7763.5,7762.5,7762.75,400
2026-09-21T09:06:00-04:00,7762.75,7762.75,7762.25,7762.5,322
2026-09-21T09:07:00-04:00,7762.5,7762.75,7762.0,7762.75,299
2026-09-21T09:08:00-04:00,7762.5,7763.25,7762.25,7763.0,356
2026-09-21T09:09:00-04:00,7762.75,7764.25,7762.75,7764.0,648
2026-09-21T09:10:00-04:00,7764.25,7764.5,7763.25,7763.25,433
2026-09-21T09:11:00-04:00,7763.25,7763.25,7762.0,7762.25,437
2026-09-21T09:12:00-04:00,7762.0,7762.5,7761.75,7762.5,313
2026-09-21T09:13:00-04:00,7762.5,7762.75,7762.0,7762.5,433
2026-09-21T09:14:00-04:00,7762.25,7763.25,7762.25,7762.5,363
2026-09-21T09:15:00-04:00,7762.5,7763.0,7762.25,7762.75,416
2026-09-21T09:16:00-04:00,7763.0,7763.25,7762.5,7762.75,541
2026-09-21T09:17:00-04:00,7762.5,7762.5,7761.75,7761.75,338
2026-09-21T09:18:00-04:00,7761.75,7762.25,7761.5,7762.25,364
2026-09-21T09:19:00-04:00,7762.25,7763.75,7762.25,7763.25,377
2026-09-21T09:20:00-04:00,7763.5,7763.5,7761.75,7762.0,407
2026-09-21T09:21:00-04:00,7761.75,7762.5,7761.75,7762.25,240
2026-09-21T09:22:00-04:00,7762.25,7762.5,7761.0,7761.0,482
2026-09-21T09:23:00-04:00,7761.0,7761.25,7760.25,7760.75,577
2026-09-21T09:24:00-04:00,7760.75,7761.5,7759.75,7759.75,759
2026-09-21T09:25:00-04:00,7760.0,7760.5,7759.0,7760.0,1426
2026-09-21T09:26:00-04:00,7760.0,7763.25,7759.5,7760.5,2927
2026-09-21T09:27:00-04:00,7760.25,7760.75,7759.0,7759.75,1000
2026-09-21T09:28:00-04:00,7759.75,7760.0,7758.75,7758.75,1940
2026-09-21T09:29:00-04:00,7758.75,7760.75,7758.75,7760.25,1515
2026-09-21T09:30:00-04:00,7760.5,7764.5,7760.25,7763.75,9916
2026-09-21T09:31:00-04:00,7763.75,7764.0,7758.25,7759.5,6105
2026-09-21T09:32:00-04:00,7759.25,7761.75,7758.25,7761.25,4369
2026-09-21T09:33:00-04:00,7761.25,7764.0,7760.25,7761.5,4298
2026-09-21T09:34:00-04:00,7761.5,7763.25,7761.0,7761.75,3396
2026-09-21T09:35:00-04:00,7762.0,7764.75,7761.25,7764.25,4323
2026-09-21T09:36:00-04:00,7764.25,7764.5,7761.5,7762.5,3371
2026-09-21T09:37:00-04:00,7762.5,7765.0,7761.25,7764.5,3277
2026-09-21T09:38:00-04:00,7764.5,7764.5,7762.75,7764.0,2711
2026-09-21T09:39:00-04:00,7763.75,7764.75,7763.5,7764.5,2191
2026-09-21T09:40:00-04:00,7764.25,7765.5,7763.0,7763.5,3681
2026-09-21T09:41:00-04:00,7763.5,7764.25,7763.0,7763.5,2670
2026-09-21T09:42:00-04:00,7763.75,7763.75,7762.25,7762.5,2241
2026-09-21T09:43:00-04:00,7762.5,7764.75,7762.25,7763.25,2529
2026-09-21T09:44:00-04:00,7763.25,7766.25,7763.0,7766.0,2908
2026-09-21T09:45:00-04:00,7766.25,7768.75,7765.75,7768.25,5721
2026-09-21T09:46:00-04:00,7768.25,7769.25,7766.75,7768.75,4303
2026-09-21T09:47:00-04:00,7768.75,7768.75,7767.0,7767.25,2303
2026-09-21T09:48:00-04:00,7767.25,7768.25,7766.0,7767.25,2108
2026-09-21T09:49:00-04:00,7767.0,7767.75,7766.5,7767.75,1809
2026-09-21T09:50:00-04:00,7767.75,7768.25,7767.25,7768.0,2218
2026-09-21T09:51:00-04:00,7768.0,7769.0,7767.5,7769.0,2391
2026-09-21T09:52:00-04:00,7769.0,7772.0,7769.0,7770.75,4748
2026-09-21T09:53:00-04:00,7771.0,7771.5,7770.5,7771.5,2003
2026-09-21T09:54:00-04:00,7771.5,7773.25,7771.0,7773.0,3459
2026-09-21T09:55:00-04:00,7772.75,7773.0,7771.0,7772.0,2948
2026-09-21T09:56:00-04:00,7772.0,7772.0,7770.5,7771.25,2192
2026-09-21T09:57:00-04:00,7771.0,7773.0,7770.75,7773.0,3265
2026-09-21T09:58:00-04:00,7772.75,7773.5,7771.5,7772.25,2250
2026-09-21T09:59:00-04:00,7772.25,7775.0,7772.0,7774.75,2887
2026-09-21T10:00:00-04:00,7774.75,7774.75,7772.5,7773.25,3686
2026-09-21T10:01:00-04:00,7773.5,7776.0,7773.0,7773.5,4436
2026-09-21T10:02:00-04:00,7773.5,7774.0,7772.0,7773.75,2078
2026-09-21T10:03:00-04:00,7773.75,7774.0,7772.25,7772.5,2022
2026-09-21T10:04:00-04:00,7772.5,7773.25,7772.25,7772.25,2370
2026-09-21T10:05:00-04:00,7772.5,7772.75,7768.75,7769.5,4287
2026-09-21T10:06:00-04:00,7769.5,7770.0,7768.75,7769.0,2367
2026-09-21T10:07:00-04:00,7769.0,7770.5,7767.75,7770.0,2812
2026-09-21T10:08:00-04:00,7770.0,7772.25,7769.75,7772.0,2073
2026-09-21T10:09:00-04:00,7772.0,7772.5,7770.75,7771.5,3484
2026-09-21T10:10:00-04:00,7771.25,7774.25,7771.25,7773.25,4377
2026-09-21T10:11:00-04:00,7773.0,7773.5,7772.0,7772.75,3218
2026-09-21T10:12:00-04:00,7772.75,7775.5,7772.5,7774.25,3361
2026-09-21T10:13:00-04:00,7774.5,7776.75,7774.0,7776.25,3442
2026-09-21T10:14:00-04:00,7776.5,7777.0,7774.75,7775.5,3032
2026-09-21T10:15:00-04:00,7775.5,7778.25,7775.25,7778.25,3263
2026-09-21T10:16:00-04:00,7778.25,7781.0,7777.75,7780.5,4530
2026-09-21T10:17:00-04:00,7780.5,7781.75,7779.75,7781.0,3145
2026-09-21T10:18:00-04:00,7781.0,7782.75,7780.75,7782.0,2534
2026-09-21T10:19:00-04:00,7782.25,7782.25,7781.0,7782.0,2581
2026-09-21T10:20:00-04:00,7781.75,7782.75,7780.5,7780.75,2278
2026-09-21T10:21:00-04:00,7780.75,7786.5,7780.25,7786.25,6379
2026-09-21T10:22:00-04:00,7786.5,7788.75,7786.25,7788.5,6144
2026-09-21T10:23:00-04:00,7788.5,7789.0,7787.25,7788.75,3892
2026-09-21T10:24:00-04:00,7788.75,7789.5,7787.75,7788.5,3739
2026-09-21T10:25:00-04:00,7788.5,7789.75,7788.0,7789.0,3290
2026-09-21T10:26:00-04:00,7789.0,7790.25,7788.0,7789.5,2965
2026-09-21T10:27:00-04:00,7789.5,7789.5,7788.25,7789.0,3311
2026-09-21T10:28:00-04:00,7789.25,7791.0,7789.0,7789.25,3579
2026-09-21T10:29:00-04:00,7789.25,7790.0,7787.25,7788.0,3568
2026-09-21T10:30:00-04:00,7788.25,7789.0,7786.5,7789.0,3837
2026-09-21T10:31:00-04:00,7789.0,7790.25,7787.75,7790.0,3458
2026-09-21T10:32:00-04:00,7789.75,7790.75,7788.5,7790.5,3558
2026-09-21T10:33:00-04:00,7790.25,7791.5,7789.5,7790.0,2958
2026-09-21T10:34:00-04:00,7790.0,7790.25,7788.5,7789.25,2430
2026-09-21T10:35:00-04:00,7789.25,7790.25,7789.0,7789.75,2476
2026-09-21T10:36:00-04:00,7789.75,7791.5,7789.25,7790.75,2417
2026-09-21T10:37:00-04:00,7790.75,7793.5,7790.75,7792.75,3350
2026-09-21T10:38:00-04:00,7792.5,7793.0,7790.75,7790.75,2543
2026-09-21T10:39:00-04:00,7790.75,7791.25,7789.75,7790.75,3066
2026-09-21T10:40:00-04:00,7790.75,7791.0,7789.25,7790.0,2920
2026-09-21T10:41:00-04:00,7790.25,7793.25,7789.25,7790.0,5731
2026-09-21T10:42:00-04:00,7790.0,7790.25,7788.75,7788.75,2289
2026-09-21T10:43:00-04:00,7788.75,7789.0,7786.75,7787.0,3161
2026-09-21T10:44:00-04:00,7787.25,7788.0,7786.25,7787.75,3210
2026-09-21T10:45:00-04:00,7787.75,7787.75,7785.0,7785.25,3521
2026-09-21T10:46:00-04:00,7785.25,7787.25,7785.25,7787.25,2684
2026-09-21T10:47:00-04:00,7787.5,7789.75,7787.0,7789.5,3318
2026-09-21T10:48:00-04:00,7789.75,7790.75,7789.25,7790.5,2481
2026-09-21T10:49:00-04:00,7790.5,7790.5,7787.5,7787.75,2096
2026-09-21T10:50:00-04:00,7787.5,7788.0,7786.25,7786.5,2009
2026-09-21T10:51:00-04:00,7786.5,7787.75,7786.25,7787.25,1925
2026-09-21T10:52:00-04:00,7787.0,7788.0,7786.5,7787.25,1787
2026-09-21T10:53:00-04:00,7787.25,7787.5,7786.5,7786.75,1621
2026-09-21T10:54:00-04:00,7786.75,7790.0,7786.5,7789.75,2560
2026-09-21T10:55:00-04:00,7789.5,7789.75,7788.25,7788.75,1454
2026-09-21T10:56:00-04:00,7788.5,7789.75,7787.5,7789.75,1899
2026-09-21T10:57:00-04:00,7790.0,7791.0,7789.25,7791.0,2108
2026-09-21T10:58:00-04:00,7790.75,7792.25,7790.0,7791.75,2187
2026-09-21T10:59:00-04:00,7791.5,7791.75,7789.5,7790.0,2431
2026-09-21T11:00:00-04:00,7790.0,7791.0,7789.75,7790.25,2600
2026-09-21T11:01:00-04:00,7790.5,7791.0,7789.75,7790.0,2232
2026-09-21T11:02:00-04:00,7790.25,7790.5,7789.0,7790.0,1813
2026-09-21T11:03:00-04:00,7790.0,7790.75,7789.5,7790.75,2186
2026-09-21T11:04:00-04:00,7790.75,7793.5,7790.5,7793.25,3736
2026-09-21T11:05:00-04:00,7793.5,7794.5,7792.25,7792.75,3564
2026-09-21T11:06:00-04:00,7793.0,7793.0,7791.5,7791.5,1844
2026-09-21T11:07:00-04:00,7791.5,7793.75,7791.5,7793.0,2324
2026-09-21T11:08:00-04:00,7793.0,7793.75,7792.75,7793.5,1680
2026-09-21T11:09:00-04:00,7793.5,7794.0,7793.0,7793.25,1352
2026-09-21T11:10:00-04:00,7793.5,7793.5,7791.5,7792.0,2704
2026-09-21T11:11:00-04:00,7792.0,7792.75,7791.75,7792.75,1765
2026-09-21T11:12:00-04:00,7792.75,7796.0,7792.25,7795.75,2489
2026-09-21T11:13:00-04:00,7795.75,7796.0,7794.75,7795.75,2082
2026-09-21T11:14:00-04:00,7795.5,7796.25,7795.0,7796.0,2696
2026-09-21T11:15:00-04:00,7796.25,7797.75,7796.25,7797.25,3083
2026-09-21T11:16:00-04:00,7797.5,7798.5,7797.0,7797.75,2828
2026-09-21T11:17:00-04:00,7797.75,7798.0,7796.25,7797.75,1994
2026-09-21T11:18:00-04:00,7798.0,7799.5,7797.75,7798.75,3024
2026-09-21T11:19:00-04:00,7798.75,7800.0,7798.5,7799.5,2717
2026-09-21T11:20:00-04:00,7799.5,7799.75,7797.5,7797.75,2040
2026-09-21T11:21:00-04:00,7797.75,7799.5,7797.5,7798.5,2218
2026-09-21T11:22:00-04:00,7798.5,7798.75,7797.0,7797.75,1793
2026-09-21T11:23:00-04:00,7797.75,7798.0,7796.75,7797.75,1575
2026-09-21T11:24:00-04:00,7797.75,7798.25,7797.0,7797.25,1360
2026-09-21T11:25:00-04:00,7797.25,7798.75,7796.5,7798.25,2351
2026-09-21T11:26:00-04:00,7798.25,7798.25,7797.0,7797.25,1335
2026-09-21T11:27:00-04:00,7797.25,7798.75,7797.0,7797.5,1669
2026-09-21T11:28:00-04:00,7797.5,7797.75,7795.75,7796.0,1901
2026-09-21T11:29:00-04:00,7796.0,7797.0,7796.0,7796.25,1591
2026-09-21T11:30:00-04:00,7796.25,7797.75,7796.0,7797.75,2102
2026-09-21T11:31:00-04:00,7797.5,7797.75,7796.25,7797.25,1980
2026-09-21T11:32:00-04:00,7797.25,7798.25,7797.25,7797.5,1712
2026-09-21T11:33:00-04:00,7797.25,7797.75,7797.0,7797.25,1643
2026-09-21T11:34:00-04:00,7797.25,7797.75,7795.75,7796.5,2227
2026-09-21T11:35:00-04:00,7796.5,7797.75,7796.25,7797.0,2156
2026-09-21T11:36:00-04:00,7797.0,7800.0,7796.75,7799.25,4872
2026-09-21T11:37:00-04:00,7799.25,7801.0,7799.0,7800.75,2944
2026-09-21T11:38:00-04:00,7800.75,7801.75,7800.0,7801.75,2393
2026-09-21T11:39:00-04:00,7801.75,7803.5,7801.5,7802.75,3372
2026-09-21T11:40:00-04:00,7802.75,7803.5,7801.5,7801.75,2757
2026-09-21T11:41:00-04:00,7801.75,7802.75,7801.5,7802.75,1850
2026-09-21T11:42:00-04:00,7802.75,7802.75,7801.25,7802.25,2054
2026-09-21T11:43:00-04:00,7802.5,7803.5,7802.25,7803.25,2174
2026-09-21T11:44:00-04:00,7803.25,7805.0,7803.25,7805.0,2527
2026-09-21T11:45:00-04:00,7804.75,7807.5,7804.75,7806.75,3758
2026-09-21T11:46:00-04:00,7806.5,7808.5,7806.5,7808.25,2673
2026-09-21T11:47:00-04:00,7808.0,7809.75,7807.5,7809.5,2444
2026-09-21T11:48:00-04:00,7809.5,7809.75,7808.0,7808.0,2559
2026-09-21T11:49:00-04:00,7808.0,7808.25,7807.25,7807.5,2173
2026-09-21T11:50:00-04:00,7807.25,7811.5,7806.0,7807.5,9544
2026-09-21T11:51:00-04:00,7807.25,7807.5,7806.5,7806.75,2539
2026-09-21T11:52:00-04:00,7806.75,7807.5,7806.0,7806.25,2013
2026-09-21T11:53:00-04:00,7806.0,7807.0,7805.25,7806.0,1767
2026-09-21T11:54:00-04:00,7806.0,7806.25,7804.5,7804.5,2404
2026-09-21T11:55:00-04:00,7804.75,7805.75,7804.0,7805.5,2612
2026-09-21T11:56:00-04:00,7805.5,7805.75,7804.75,7805.0,1794
2026-09-21T11:57:00-04:00,7805.0,7805.25,7803.0,7804.0,2224
2026-09-21T11:58:00-04:00,7804.0,7804.5,7803.25,7804.25,1892
2026-09-21T11:59:00-04:00,7804.25,7805.5,7804.0,7805.25,1731
2026-09-21T12:00:00-04:00,7805.25,7805.25,7802.75,7803.5,2493
2026-09-21T12:01:00-04:00,7803.75,7804.5,7803.5,7804.25,2284
2026-09-21T12:02:00-04:00,7804.25,7806.75,7804.0,7806.5,1910
2026-09-21T12:03:00-04:00,7806.75,7808.25,7806.5,7807.75,2001
2026-09-21T12:04:00-04:00,7808.0,7808.75,7807.25,7808.0,1285
2026-09-21T12:05:00-04:00,7808.25,7808.75,7807.75,7808.0,1692
2026-09-21T12:06:00-04:00,7808.0,7808.75,7807.0,7807.0,1616
2026-09-21T12:07:00-04:00,7807.0,7813.25,7806.25,7810.5,12314
2026-09-21T12:08:00-04:00,7810.75,7811.75,7810.25,7811.75,2162
2026-09-21T12:09:00-04:00,7811.75,7815.25,7811.5,7814.5,3996
2026-09-21T12:10:00-04:00,7814.5,7816.5,7814.0,7816.5,3247
2026-09-21T12:11:00-04:00,7816.5,7816.5,7815.25,7815.25,2642
2026-09-21T12:12:00-04:00,7815.25,7815.25,7812.75,7813.25,3244
2026-09-21T12:13:00-04:00,7813.5,7815.0,7812.75,7812.75,1973
2026-09-21T12:14:00-04:00,7812.75,7813.75,7812.0,7813.25,1986
2026-09-21T12:15:00-04:00,7813.5,7815.25,7813.5,7814.5,3319
2026-09-21T12:16:00-04:00,7814.5,7815.75,7814.0,7815.25,1964
2026-09-21T12:17:00-04:00,7815.0,7815.25,7813.0,7813.0,2062
2026-09-21T12:18:00-04:00,7813.25,7813.75,7812.0,7812.75,2748
2026-09-21T12:19:00-04:00,7812.75,7814.0,7812.5,7813.75,1514
2026-09-21T12:20:00-04:00,7813.75,7814.25,7813.0,7813.75,1803
2026-09-21T12:21:00-04:00,7813.5,7813.5,7812.0,7813.25,1791
2026-09-21T12:22:00-04:00,7813.25,7815.0,7813.25,7814.5,1607
2026-09-21T12:23:00-04:00,7814.5,7814.5,7813.5,7814.5,1239
2026-09-21T12:24:00-04:00,7814.25,7814.5,7813.0,7814.25,1781
2026-09-21T12:25:00-04:00,7814.25,7815.5,7813.75,7815.25,1885
2026-09-21T12:26:00-04:00,7815.25,7816.75,7815.0,7816.5,1642
2026-09-21T12:27:00-04:00,7816.25,7818.0,7816.25,7818.0,1806
2026-09-21T12:28:00-04:00,7817.75,7818.25,7816.75,7817.5,2105
2026-09-21T12:29:00-04:00,7817.5,7817.5,7815.25,7816.0,2549
2026-09-21T12:30:00-04:00,7816.0,7818.75,7815.75,7818.5,3268
2026-09-21T12:31:00-04:00,7818.5,7820.5,7818.25,7820.5,2521
2026-09-21T12:32:00-04:00,7820.5,7823.25,7820.0,7823.0,4500
2026-09-21T12:33:00-04:00,7823.0,7824.75,7822.5,7823.25,3933
2026-09-21T12:34:00-04:00,7823.25,7823.25,7821.0,7822.25,3001
2026-09-21T12:35:00-04:00,7822.0,7823.5,7821.5,7822.25,1732
2026-09-21T12:36:00-04:00,7822.0,7822.75,7821.5,7822.0,2580
2026-09-21T12:37:00-04:00,7822.25,7822.5,7820.5,7820.5,2050
2026-09-21T12:38:00-04:00,7820.75,7820.75,7818.5,7819.0,2368
2026-09-21T12:39:00-04:00,7819.0,7819.0,7816.25,7816.75,1534
2026-09-21T12:40:00-04:00,7816.5,7817.75,7815.75,7817.75,2378
2026-09-21T12:41:00-04:00,7817.75,7818.25,7816.25,7818.0,1692
2026-09-21T12:42:00-04:00,7818.0,7819.0,7817.5,7819.0,1813
2026-09-21T12:43:00-04:00,7819.0,7819.5,7818.75,7819.0,1845
2026-09-21T12:44:00-04:00,7819.0,7819.25,7817.0,7818.0,2763
2026-09-21T12:45:00-04:00,7818.0,7820.5,7817.75,7820.0,2022
2026-09-21T12:46:00-04:00,7820.0,7821.25,7819.75,7820.25,1172
2026-09-21T12:47:00-04:00,7820.5,7820.75,7819.5,7820.5,1501
2026-09-21T12:48:00-04:00,7820.5,7820.5,7819.0,7820.0,1271
2026-09-21T12:49:00-04:00,7819.75,7820.25,7819.25,7820.0,1187
2026-09-21T12:50:00-04:00,7820.25,7821.0,7819.75,7820.5,1624
2026-09-21T12:51:00-04:00,7820.5,7820.5,7818.5,7819.25,1310
2026-09-21T12:52:00-04:00,7819.0,7819.25,7817.25,7818.5,1735
2026-09-21T12:53:00-04:00,7818.5,7818.75,7817.5,7818.5,1213
2026-09-21T12:54:00-04:00,7818.75,7819.5,7818.5,7819.25,1593
2026-09-21T12:55:00-04:00,7819.25,7820.75,7819.0,7820.5,1647
2026-09-21T12:56:00-04:00,7820.25,7820.25,7818.0,7818.25,1833
2026-09-21T12:57:00-04:00,7818.25,7819.5,7818.0,7819.25,979
2026-09-21T12:58:00-04:00,7819.0,7820.25,7819.0,7820.0,1354
2026-09-21T12:59:00-04:00,7820.0,7821.25,7819.75,7821.0,1557
2026-09-21T13:00:00-04:00,7821.25,7822.25,7821.0,7821.75,2600
2026-09-21T13:01:00-04:00,7821.75,7822.75,7821.0,7821.25,2013
2026-09-21T13:02:00-04:00,7821.5,7821.75,7820.5,7820.75,1419
2026-09-21T13:03:00-04:00,7821.0,7821.5,7820.5,7820.75,1083
2026-09-21T13:04:00-04:00,7820.75,7820.75,7819.5,7820.5,1946
2026-09-21T13:05:00-04:00,7820.5,7823.0,7820.5,7822.5,1194
2026-09-21T13:06:00-04:00,7822.25,7823.0,7822.0,7822.5,1110
2026-09-21T13:07:00-04:00,7822.5,7822.75,7821.0,7821.0,1479
2026-09-21T13:08:00-04:00,7821.25,7821.25,7820.5,7821.0,1677
2026-09-21T13:09:00-04:00,7821.0,7821.75,7820.5,7821.5,1366
2026-09-21T13:10:00-04:00,7821.75,7822.75,7821.25,7822.25,1297
2026-09-21T13:11:00-04:00,7822.5,7823.0,7822.25,7823.0,1266
2026-09-21T13:12:00-04:00,7823.25,7825.25,7823.0,7825.0,2537
2026-09-21T13:13:00-04:00,7825.25,7825.75,7824.75,7825.25,1747
2026-09-21T13:14:00-04:00,7825.25,7827.0,7825.25,7826.0,2516
2026-09-21T13:15:00-04:00,7826.25,7826.5,7824.75,7825.0,2786
2026-09-21T13:16:00-04:00,7825.25,7825.5,7824.5,7825.0,1599
2026-09-21T13:17:00-04:00,7825.0,7825.25,7824.0,7824.75,1631
2026-09-21T13:18:00-04:00,7824.75,7827.25,7824.5,7826.75,1710
2026-09-21T13:19:00-04:00,7826.75,7827.75,7826.25,7826.5,2061
2026-09-21T13:20:00-04:00,7826.5,7827.25,7826.5,7827.0,1885
2026-09-21T13:21:00-04:00,7826.75,7828.0,7826.5,7827.5,1940
2026-09-21T13:22:00-04:00,7827.5,7827.75,7825.0,7825.25,2005
2026-09-21T13:23:00-04:00,7825.25,7825.75,7823.75,7824.25,2005
2026-09-21T13:24:00-04:00,7824.0,7824.25,7823.0,7824.0,1830
2026-09-21T13:25:00-04:00,7823.75,7824.25,7822.75,7823.75,1659
2026-09-21T13:26:00-04:00,7823.5,7824.25,7822.75,7823.0,1320
2026-09-21T13:27:00-04:00,7823.0,7824.25,7822.0,7824.0,1543
2026-09-21T13:28:00-04:00,7824.0,7824.75,7822.75,7824.75,1676
2026-09-21T13:29:00-04:00,7824.5,7826.0,7824.5,7826.0,2229
2026-09-21T13:30:00-04:00,7826.25,7826.5,7824.5,7826.0,1632
2026-09-21T13:31:00-04:00,7825.75,7826.5,7823.25,7824.25,4707
2026-09-21T13:32:00-04:00,7824.25,7824.25,7822.5,7823.25,1943
2026-09-21T13:33:00-04:00,7823.0,7823.5,7821.75,7822.25,1330
2026-09-21T13:34:00-04:00,7822.25,7822.25,7820.75,7821.5,1922
2026-09-21T13:35:00-04:00,7821.5,7822.5,7820.75,7822.0,1496
2026-09-21T13:36:00-04:00,7822.25,7823.0,7821.75,7822.25,1208
2026-09-21T13:37:00-04:00,7822.25,7823.5,7820.5,7820.75,2234
2026-09-21T13:38:00-04:00,7820.75,7822.25,7820.75,7821.5,1273
2026-09-21T13:39:00-04:00,7821.25,7822.0,7820.5,7820.75,2043
2026-09-21T13:40:00-04:00,7820.75,7822.0,7820.0,7821.25,2027
2026-09-21T13:41:00-04:00,7821.25,7822.5,7821.25,7821.75,1297
2026-09-21T13:42:00-04:00,7821.5,7824.5,7821.5,7824.0,2028
2026-09-21T13:43:00-04:00,7823.75,7825.5,7823.25,7825.25,1747
2026-09-21T13:44:00-04:00,7825.25,7827.25,7825.25,7826.75,2308
2026-09-21T13:45:00-04:00,7826.75,7829.25,7826.75,7829.0,3324
2026-09-21T13:46:00-04:00,7829.0,7830.0,7829.0,7829.25,2986
2026-09-21T13:47:00-04:00,7829.25,7829.75,7825.75,7826.25,3512
2026-09-21T13:48:00-04:00,7826.25,7826.25,7825.25,7825.25,1896
2026-09-21T13:49:00-04:00,7825.25,7826.75,7825.25,7826.0,1974
2026-09-21T13:50:00-04:00,7825.75,7826.75,7825.5,7826.0,1071
2026-09-21T13:51:00-04:00,7826.0,7827.25,7826.0,7827.25,1221
2026-09-21T13:52:00-04:00,7827.25,7828.0,7827.0,7828.0,1197
2026-09-21T13:53:00-04:00,7828.0,7828.5,7827.25,7828.0,1279
2026-09-21T13:54:00-04:00,7828.0,7828.5,7827.25,7827.25,1399
2026-09-21T13:55:00-04:00,7827.25,7827.75,7826.0,7826.75,1354
2026-09-21T13:56:00-04:00,7826.5,7827.0,7825.25,7825.5,1537
2026-09-21T13:57:00-04:00,7825.75,7826.75,7825.5,7826.5,1236
2026-09-21T13:58:00-04:00,7826.5,7827.75,7826.5,7827.5,954
2026-09-21T13:59:00-04:00,7827.5,7827.5,7826.5,7826.75,778
2026-09-21T14:00:00-04:00,7827.0,7829.0,7827.0,7828.25,1868
2026-09-21T14:01:00-04:00,7828.25,7829.25,7828.0,7829.25,1413
2026-09-21T14:02:00-04:00,7829.25,7830.25,7829.0,7829.5,1924
2026-09-21T14:03:00-04:00,7829.75,7830.0,7828.5,7828.75,2344
2026-09-21T14:04:00-04:00,7828.75,7830.25,7828.5,7830.25,1300
2026-09-21T14:05:00-04:00,7830.0,7831.5,7830.0,7831.25,2608
2026-09-21T14:06:00-04:00,7831.25,7831.5,7830.5,7831.25,1377
2026-09-21T14:07:00-04:00,7831.25,7831.75,7830.5,7831.0,1748
2026-09-21T14:08:00-04:00,7831.25,7831.75,7830.25,7831.0,1425
2026-09-21T14:09:00-04:00,7831.0,7831.25,7829.25,7830.0,1982
2026-09-21T14:10:00-04:00,7830.0,7830.5,7829.5,7829.5,1298
2026-09-21T14:11:00-04:00,7829.5,7830.5,7828.75,7830.25,1708
2026-09-21T14:12:00-04:00,7830.5,7830.5,7829.5,7830.0,892
2026-09-21T14:13:00-04:00,7830.25,7830.75,7830.0,7830.5,866
2026-09-21T14:14:00-04:00,7830.5,7832.5,7830.5,7830.75,3657
2026-09-21T14:15:00-04:00,7830.75,7832.5,7830.5,7832.25,1447
2026-09-21T14:16:00-04:00,7832.25,7832.25,7830.0,7830.25,2065
2026-09-21T14:17:00-04:00,7830.25,7831.25,7829.75,7831.0,1277
2026-09-21T14:18:00-04:00,7830.75,7832.25,7830.75,7832.0,1597
2026-09-21T14:19:00-04:00,7831.75,7832.0,7830.25,7831.5,1403
2026-09-21T14:20:00-04:00,7831.5,7832.0,7831.0,7832.0,1196
2026-09-21T14:21:00-04:00,7831.75,7833.0,7831.25,7833.0,1481
2026-09-21T14:22:00-04:00,7833.0,7836.0,7832.75,7835.75,3599
2026-09-21T14:23:00-04:00,7835.75,7836.75,7835.25,7836.75,2595
2026-09-21T14:24:00-04:00,7836.5,7837.0,7836.0,7836.5,1772
2026-09-21T14:25:00-04:00,7836.25,7837.25,7835.5,7836.75,2564
2026-09-21T14:26:00-04:00,7836.75,7836.75,7835.5,7835.75,1741
2026-09-21T14:27:00-04:00,7835.75,7836.75,7835.75,7836.5,1564
2026-09-21T14:28:00-04:00,7836.25,7838.0,7836.25,7837.75,1365
2026-09-21T14:29:00-04:00,7837.5,7838.25,7836.5,7837.0,2358
2026-09-21T14:30:00-04:00,7837.0,7837.5,7836.25,7837.0,2737
2026-09-21T14:31:00-04:00,7837.0,7838.25,7835.0,7835.5,2897
2026-09-21T14:32:00-04:00,7835.25,7835.75,7834.0,7834.75,1994
2026-09-21T14:33:00-04:00,7834.75,7835.75,7833.75,7835.5,1840
2026-09-21T14:34:00-04:00,7835.5,7835.75,7835.0,7835.5,1277
2026-09-21T14:35:00-04:00,7835.75,7836.5,7834.0,7834.75,1229
2026-09-21T14:36:00-04:00,7834.75,7836.5,7834.25,7836.5,1123
2026-09-21T14:37:00-04:00,7836.5,7836.75,7836.0,7836.75,1019
2026-09-21T14:38:00-04:00,7836.5,7837.75,7836.5,7836.75,1546
2026-09-21T14:39:00-04:00,7836.75,7837.5,7836.75,7837.5,993
2026-09-21T14:40:00-04:00,7837.5,7838.25,7837.0,7837.5,1321
2026-09-21T14:41:00-04:00,7837.5,7838.5,7836.75,7838.25,1779
2026-09-21T14:42:00-04:00,7838.25,7839.0,7838.0,7838.25,1805
2026-09-21T14:43:00-04:00,7838.0,7839.0,7837.25,7839.0,1795
2026-09-21T14:44:00-04:00,7839.0,7839.75,7838.75,7839.75,2226
2026-09-21T14:45:00-04:00,7839.5,7842.0,7839.5,7840.5,4498
2026-09-21T14:46:00-04:00,7840.5,7840.75,7839.0,7839.0,1636
2026-09-21T14:47:00-04:00,7839.25,7840.25,7839.0,7840.0,2086
2026-09-21T14:48:00-04:00,7840.0,7842.0,7839.75,7841.75,1325
2026-09-21T14:49:00-04:00,7841.75,7842.25,7840.5,7842.0,2012
2026-09-21T14:50:00-04:00,7841.75,7844.25,7841.75,7842.75,4042
2026-09-21T14:51:00-04:00,7843.0,7843.75,7842.5,7843.5,1945
2026-09-21T14:52:00-04:00,7843.5,7843.75,7841.5,7841.75,3145
2026-09-21T14:53:00-04:00,7841.75,7844.5,7841.5,7844.5,3033
2026-09-21T14:54:00-04:00,7844.5,7844.75,7842.75,7843.0,2511
2026-09-21T14:55:00-04:00,7843.25,7844.0,7842.25,7842.5,1939
2026-09-21T14:56:00-04:00,7842.25,7843.5,7842.0,7843.0,1752
2026-09-21T14:57:00-04:00,7843.25,7843.5,7841.75,7841.75,2253
2026-09-21T14:58:00-04:00,7842.0,7842.25,7840.5,7840.75,2599
2026-09-21T14:59:00-04:00,7840.75,7842.0,7840.0,7841.25,2303
2026-09-21T15:00:00-04:00,7841.5,7843.5,7840.75,7841.0,3209
2026-09-21T15:01:00-04:00,7840.75,7842.0,7840.5,7841.5,2968
2026-09-21T15:02:00-04:00,7841.5,7842.5,7841.0,7841.75,2010
2026-09-21T15:03:00-04:00,7841.5,7841.75,7840.75,7841.0,1367
2026-09-21T15:04:00-04:00,7841.25,7841.75,7840.0,7840.0,1751
2026-09-21T15:05:00-04:00,7840.0,7840.25,7838.75,7838.75,2243
2026-09-21T15:06:00-04:00,7839.0,7839.75,7838.25,7839.75,2345
2026-09-21T15:07:00-04:00,7839.75,7840.25,7838.5,7839.0,1387
2026-09-21T15:08:00-04:00,7839.0,7839.75,7838.75,7838.75,1787
2026-09-21T15:09:00-04:00,7839.0,7840.5,7839.0,7840.25,1549
2026-09-21T15:10:00-04:00,7840.5,7840.5,7837.75,7839.0,2372
2026-09-21T15:11:00-04:00,7838.75,7840.25,7838.5,7840.25,2110
2026-09-21T15:12:00-04:00,7840.25,7842.0,7840.25,7841.5,2175
2026-09-21T15:13:00-04:00,7841.5,7842.5,7841.25,7842.25,1628
2026-09-21T15:14:00-04:00,7842.25,7843.0,7841.5,7842.75,1755
2026-09-21T15:15:00-04:00,7842.75,7842.75,7840.75,7842.25,2161
2026-09-21T15:16:00-04:00,7842.25,7842.75,7841.5,7842.75,1487
2026-09-21T15:17:00-04:00,7842.75,7843.0,7842.0,7842.25,1243
2026-09-21T15:18:00-04:00,7842.25,7842.5,7841.0,7841.0,1350
2026-09-21T15:19:00-04:00,7841.0,7842.25,7841.0,7842.0,1484
2026-09-21T15:20:00-04:00,7841.75,7842.0,7840.5,7840.75,2128
2026-09-21T15:21:00-04:00,7840.5,7841.0,7838.75,7840.75,3461
2026-09-21T15:22:00-04:00,7840.5,7841.5,7840.25,7841.5,1221
2026-09-21T15:23:00-04:00,7841.5,7842.0,7840.0,7840.25,1106
2026-09-21T15:24:00-04:00,7840.25,7840.25,7838.75,7839.25,1626
2026-09-21T15:25:00-04:00,7839.25,7840.0,7838.25,7838.75,1759
2026-09-21T15:26:00-04:00,7838.5,7840.5,7838.5,7840.5,1814
2026-09-21T15:27:00-04:00,7840.5,7840.75,7839.75,7840.25,1450
2026-09-21T15:28:00-04:00,7840.0,7841.25,7839.75,7840.0,1389
2026-09-21T15:29:00-04:00,7839.75,7840.0,7838.75,7839.25,1977
2026-09-21T15:30:00-04:00,7839.25,7840.25,7838.75,7840.0,2631
2026-09-21T15:31:00-04:00,7839.75,7840.25,7839.0,7840.0,2233
2026-09-21T15:32:00-04:00,7839.75,7841.75,7839.75,7841.0,1699
2026-09-21T15:33:00-04:00,7840.75,7842.5,7840.75,7842.25,2188
2026-09-21T15:34:00-04:00,7842.0,7843.75,7842.0,7843.0,2334
2026-09-21T15:35:00-04:00,7843.0,7843.5,7842.25,7843.25,1927
2026-09-21T15:36:00-04:00,7843.5,7844.0,7842.75,7843.5,1798
2026-09-21T15:37:00-04:00,7843.5,7845.0,7843.0,7844.75,2978
2026-09-21T15:38:00-04:00,7844.75,7847.0,7844.75,7846.75,3151
2026-09-21T15:39:00-04:00,7846.75,7847.25,7845.75,7846.0,3101
2026-09-21T15:40:00-04:00,7845.75,7846.5,7843.0,7843.0,4027
2026-09-21T15:41:00-04:00,7843.0,7844.0,7842.0,7842.25,3917
2026-09-21T15:42:00-04:00,7842.25,7842.75,7841.0,7841.25,3520
2026-09-21T15:43:00-04:00,7841.0,7842.75,7840.75,7842.5,2470
2026-09-21T15:44:00-04:00,7842.25,7843.25,7842.0,7842.5,3033
2026-09-21T15:45:00-04:00,7842.25,7843.5,7841.25,7843.25,4227
2026-09-21T15:46:00-04:00,7843.0,7843.25,7840.75,7841.25,3070
2026-09-21T15:47:00-04:00,7841.0,7842.0,7840.5,7840.75,2320
2026-09-21T15:48:00-04:00,7840.5,7841.75,7839.75,7840.5,3290
2026-09-21T15:49:00-04:00,7840.5,7840.75,7839.0,7839.75,3180
2026-09-21T15:50:00-04:00,7839.75,7839.75,7834.75,7836.5,9410
2026-09-21T15:51:00-04:00,7836.5,7837.5,7835.5,7836.5,5228
2026-09-21T15:52:00-04:00,7836.5,7838.0,7836.5,7837.25,5705
2026-09-21T15:53:00-04:00,7837.25,7837.5,7835.25,7835.75,3544
2026-09-21T15:54:00-04:00,7835.5,7836.75,7835.0,7835.0,8274
2026-09-21T15:55:00-04:00,7835.0,7836.5,7834.5,7835.0,7622
2026-09-21T15:56:00-04:00,7835.0,7836.0,7834.25,7835.0,6527
2026-09-21T15:57:00-04:00,7835.0,7837.0,7834.25,7835.25,8696
2026-09-21T15:58:00-04:00,7835.25,7837.25,7835.0,7835.5,11062
2026-09-21T15:59:00-04:00,7835.5,7837.25,7832.0,7833.25,73109
2026-09-21T16:00:00-04:00,7833.25,7835.0,7831.75,7832.25,10435
2026-09-21T16:01:00-04:00,7832.25,7832.25,7830.5,7831.25,3745
2026-09-21T16:02:00-04:00,7831.5,7831.5,7830.25,7830.5,2129
2026-09-21T16:03:00-04:00,7830.75,7830.75,7829.5,7829.75,2178
2026-09-21T16:04:00-04:00,7829.75,7830.0,7828.5,7829.5,1560
2026-09-21T16:05:00-04:00,7829.5,7830.25,7829.0,7830.25,2055
2026-09-21T16:06:00-04:00,7830.25,7831.75,7830.0,7831.75,1160
2026-09-21T16:07:00-04:00,7831.75,7832.75,7831.0,7831.25,1470
2026-09-21T16:08:00-04:00,7831.25,7832.0,7830.5,7831.5,1026
2026-09-21T16:09:00-04:00,7831.75,7832.25,7831.25,7831.75,655
2026-09-21T16:10:00-04:00,7831.75,7832.0,7831.5,7831.5,497
2026-09-21T16:11:00-04:00,7831.75,7831.75,7830.25,7830.75,839
2026-09-21T16:12:00-04:00,7830.75,7830.75,7829.75,7830.0,645
2026-09-21T16:13:00-04:00,7830.0,7831.25,7830.0,7831.0,534
2026-09-21T16:14:00-04:00,7831.0,7831.75,7830.75,7831.0,904
2026-09-21T16:15:00-04:00,7831.0,7831.25,7830.25,7830.25,208
2026-09-21T16:16:00-04:00,7830.25,7830.25,7827.5,7827.75,1818
2026-09-21T16:17:00-04:00,7827.75,7828.0,7827.25,7827.5,562
2026-09-21T16:18:00-04:00,7827.5,7828.25,7827.25,7828.0,761
2026-09-21T16:19:00-04:00,7827.75,7828.5,7827.5,7828.5,326
2026-09-21T16:20:00-04:00,7828.25,7829.0,7828.0,7828.5,416
2026-09-21T16:21:00-04:00,7828.5,7828.5,7828.0,7828.25,231
2026-09-21T16:22:00-04:00,7828.5,7828.5,7828.25,7828.5,215
2026-09-21T16:23:00-04:00,7828.25,7828.75,7828.25,7828.25,269
2026-09-21T16:24:00-04:00,7828.25,7828.5,7828.0,7828.0,209
2026-09-21T16:25:00-04:00,7828.0,7829.75,7828.0,7829.5,523
2026-09-21T16:26:00-04:00,7829.75,7830.5,7829.5,7829.75,746
2026-09-21T16:27:00-04:00,7829.5,7829.75,7829.25,7829.5,248
2026-09-21T16:28:00-04:00,7829.5,7830.25,7829.5,7830.25,245
2026-09-21T16:29:00-04:00,7830.25,7830.75,7830.0,7830.25,284
2026-09-21T16:30:00-04:00,7830.25,7830.5,7829.25,7829.25,361
2026-09-21T16:31:00-04:00,7829.0,7829.25,7828.75,7828.75,397
2026-09-21T16:32:00-04:00,7829.0,7829.25,7828.75,7829.0,182
2026-09-21T16:33:00-04:00,7828.75,7829.25,7828.75,7829.0,90
2026-09-21T16:34:00-04:00,7828.75,7829.5,7828.75,7829.25,159
2026-09-21T16:35:00-04:00,7829.25,7829.5,7828.75,7828.75,247
2026-09-21T16:36:00-04:00,7828.75,7828.75,7828.5,7828.5,235
2026-09-21T16:37:00-04:00,7828.25,7828.5,7828.0,7828.0,110
2026-09-21T16:38:00-04:00,7828.0,7828.25,7827.75,7827.75,272
2026-09-21T16:39:00-04:00,7827.5,7828.0,7827.5,7828.0,235
2026-09-21T16:40:00-04:00,7828.0,7828.25,7827.75,7828.0,371
2026-09-21T16:41:00-04:00,7828.0,7828.0,7827.25,7827.5,147
2026-09-21T16:42:00-04:00,7827.25,7827.5,7826.75,7827.25,268
2026-09-21T16:43:00-04:00,7827.25,7827.5,7827.25,7827.5,127
2026-09-21T16:44:00-04:00,7827.5,7827.75,7827.25,7827.5,209
2026-09-21T16:45:00-04:00,7827.25,7827.25,7826.5,7826.75,395
2026-09-21T16:46:00-04:00,7826.75,7827.25,7826.5,7827.0,288
2026-09-21T16:47:00-04:00,7826.75,7827.25,7826.5,7827.25,205
2026-09-21T16:48:00-04:00,7827.25,7828.0,7827.0,7827.5,333
2026-09-21T16:49:00-04:00,7827.75,7828.0,7827.0,7827.25,404
2026-09-21T16:50:00-04:00,7827.25,7827.5,7827.25,7827.25,287
2026-09-21T16:51:00-04:00,7827.25,7827.75,7827.0,7827.75,307
2026-09-21T16:52:00-04:00,7827.75,7828.0,7827.75,7828.0,89
2026-09-21T16:53:00-04:00,7828.0,7828.0,7827.5,7827.5,124
2026-09-21T16:54:00-04:00,7827.75,7828.25,7827.5,7828.25,256
2026-09-21T16:55:00-04:00,7828.0,7828.75,7828.0,7828.5,164
2026-09-21T16:56:00-04:00,7828.25,7828.5,7827.75,7827.75,559
2026-09-21T16:57:00-04:00,7828.0,7829.0,7827.75,7829.0,410
2026-09-21T16:58:00-04:00,7829.0,7830.25,7828.75,7829.75,661
2026-09-21T16:59:00-04:00,7829.25,7829.25,7829.25,7829.25,0
