timestamp,open,high,low,close,volume
2025-01-02T14:30:00+00:00,18500.0,18500.0,18496.0,18497.25,190
2025-01-02T14:31:00+00:00,18497.25,18497.5,18495.0,18496.25,102
2025-01-02T14:32:00+00:00,18496.25,18497.25,18492.75,18493.5,66
2025-01-02T14:33:00+00:00,18493.5,18493.75,18493.0,18493.25,308
2025-01-02T14:34:00+00:00,18493.25,18494.25,18490.5,18490.75,416
2025-01-02T14:35:00+00:00,18490.75,18493.75,18490.0,18493.5,351
2025-01-02T14:36:00+00:00,18493.5,18495.0,18490.75,18492.25,131
2025-01-02T14:37:00+00:00,18492.25,18495.75,18491.75,18495.25,129
2025-01-02T14:38:00+00:00,18495.25,18496.25,18495.25,18496.25,244
2025-01-02T14:39:00+00:00,18496.25,18498.25,18495.75,18496.75,359
2025-01-02T14:40:00+00:00,18496.75,18498.0,18494.75,18495.5,324
2025-01-02T14:41:00+00:00,18495.5,18496.0,18494.5,18496.0,200
2025-01-02T14:42:00+00:00,18496.0,18499.75,18495.75,18498.75,410
2025-01-02T14:43:00+00:00,18498.75,18500.0,18498.0,18498.25,445
2025-01-02T14:44:00+00:00,18498.25,18499.75,18496.75,18497.0,493
2025-01-02T14:45:00+00:00,18497.0,18498.0,18496.25,18497.5,375
2025-01-02T14:46:00+00:00,18497.5,18498.0,18495.5,18496.0,157
2025-01-02T14:47:00+00:00,18496.0,18500.0,18494.75,18498.75,381
2025-01-02T14:48:00+00:00,18498.75,18499.75,18497.0,18498.25,175
2025-01-02T14:49:00+00:00,18498.25,18499.75,18497.75,18499.0,377
2025-01-02T14:50:00+00:00,18499.0,18500.25,18495.5,18496.0,481
2025-01-02T14:51:00+00:00,18496.0,18497.5,18495.75,18495.75,462
2025-01-02T14:52:00+00:00,18495.75,18497.75,18495.75,18497.25,158
2025-01-02T14:53:00+00:00,18497.25,18500.0,18496.0,18499.75,305
2025-01-02T14:54:00+00:00,18499.75,18501.75,18499.25,18501.5,121
2025-01-02T14:55:00+00:00,18501.5,18503.75,18500.5,18502.5,269
2025-01-02T14:56:00+00:00,18502.5,18505.5,18502.25,18505.0,120
2025-01-02T14:57:00+00:00,18505.0,18507.25,18503.5,18507.25,74
2025-01-02T14:58:00+00:00,18507.25,18508.5,18506.5,18506.75,455
2025-01-02T14:59:00+00:00,18506.75,18510.5,18506.75,18509.5,247
2025-01-02T15:00:00+00:00,18509.5,18512.25,18509.0,18511.25,333
2025-01-02T15:01:00+00:00,18511.25,18512.5,18510.0,18511.0,434
2025-01-02T15:02:00+00:00,18511.0,18512.25,18510.5,18512.25,272
2025-01-02T15:03:00+00:00,18512.25,18513.0,18511.0,18513.0,498
2025-01-02T15:04:00+00:00,18513.0,18517.0,18511.5,18516.0,141
2025-01-02T15:05:00+00:00,18516.0,18517.5,18512.5,18513.75,202
2025-01-02T15:06:00+00:00,18513.75,18514.0,18510.5,18511.0,440
2025-01-02T15:07:00+00:00,18511.0,18512.0,18509.75,18510.25,300
2025-01-02T15:08:00+00:00,18510.25,18510.75,18508.5,18510.0,463
2025-01-02T15:09:00+00:00,18510.0,18510.0,18508.5,18508.75,499
2025-01-02T15:10:00+00:00,18508.75,18508.75,18505.0,18506.25,298
2025-01-02T15:11:00+00:00,18506.25,18506.5,18504.5,18505.75,293
2025-01-02T15:12:00+00:00,18505.75,18506.25,18502.5,18503.5,496
2025-01-02T15:13:00+00:00,18503.5,18506.25,18502.5,18506.0,436
2025-01-02T15:14:00+00:00,18506.0,18507.25,18502.5,18503.0,254
2025-01-02T15:15:00+00:00,18503.0,18506.5,18502.0,18505.75,281
2025-01-02T15:16:00+00:00,18505.75,18506.0,18505.25,18505.25,223
2025-01-02T15:17:00+00:00,18505.25,18506.25,18504.75,18505.0,53
2025-01-02T15:18:00+00:00,18505.0,18505.25,18504.5,18504.5,66
2025-01-02T15:19:00+00:00,18504.5,18505.5,18502.75,18503.0,192
2025-01-02T15:20:00+00:00,18503.0,18506.0,18502.0,18505.75,117
2025-01-02T15:21:00+00:00,18505.75,18509.0,18504.25,18508.75,292
2025-01-02T15:22:00+00:00,18508.75,18508.75,18507.0,18507.0,387
2025-01-02T15:23:00+00:00,18507.0,18509.5,18506.25,18508.75,289
2025-01-02T15:24:00+00:00,18508.75,18510.0,18504.5,18505.75,380
2025-01-02T15:25:00+00:00,18505.75,18506.5,18504.0,18505.25,223
2025-01-02T15:26:00+00:00,18505.25,18505.5,18504.5,18504.75,324
2025-01-02T15:27:00+00:00,18504.75,18505.5,18502.5,18502.75,192
2025-01-02T15:28:00+00:00,18502.75,18504.25,18500.75,18500.75,276
2025-01-02T15:29:00+00:00,18500.75,18500.75,18497.25,18498.5,326
2025-01-02T15:30:00+00:00,18498.5,18500.0,18496.75,18498.25,171
2025-01-02T15:31:00+00:00,18498.25,18499.75,18497.5,18499.0,159
2025-01-02T15:32:00+00:00,18499.0,18499.25,18496.5,18497.25,51
2025-01-02T15:33:00+00:00,18497.25,18500.5,18495.75,18499.0,282
2025-01-02T15:34:00+00:00,18499.0,18501.5,18497.75,18500.25,451
2025-01-02T15:35:00+00:00,18500.25,18502.75,18500.0,18502.5,201
2025-01-02T15:36:00+00:00,18502.5,18503.5,18500.25,18501.5,327
2025-01-02T15:37:00+00:00,18501.5,18501.75,18501.5,18501.75,349
2025-01-02T15:38:00+00:00,18501.75,18501.75,18498.75,18499.75,91
2025-01-02T15:39:00+00:00,18499.75,18500.75,18499.0,18499.0,395
2025-01-02T15:40:00+00:00,18499.0,18500.0,18498.0,18500.0,176
2025-01-02T15:41:00+00:00,18500.0,18501.0,18497.5,18497.5,264
2025-01-02T15:42:00+00:00,18497.5,18500.75,18497.25,18500.25,392
2025-01-02T15:43:00+00:00,18500.25,18503.5,18499.75,18503.25,252
2025-01-02T15:44:00+00:00,18503.25,18504.75,18502.75,18504.0,434
2025-01-02T15:45:00+00:00,18504.0,18504.75,18502.5,18503.5,338
2025-01-02T15:46:00+00:00,18503.5,18504.5,18502.75,18503.0,309
2025-01-02T15:47:00+00:00,18503.0,18503.5,18501.75,18501.75,500
2025-01-02T15:48:00+00:00,18501.75,18503.25,18501.5,18502.75,274
2025-01-02T15:49:00+00:00,18502.75,18506.0,18501.25,18505.0,384
2025-01-02T15:50:00+00:00,18505.0,18506.25,18501.25,18502.75,333
2025-01-02T15:51:00+00:00,18502.75,18503.0,18501.0,18501.5,109
2025-01-02T15:52:00+00:00,18501.5,18502.0,18500.5,18501.0,359
2025-01-02T15:53:00+00:00,18501.0,18502.25,18499.75,18502.0,374
2025-01-02T15:54:00+00:00,18502.0,18503.75,18500.5,18503.25,76
2025-01-02T15:55:00+00:00,18503.25,18505.25,18502.75,18503.75,72
2025-01-02T15:56:00+00:00,18503.75,18505.5,18503.5,18504.0,376
2025-01-02T15:57:00+00:00,18504.0,18505.25,18502.0,18502.75,332
2025-01-02T15:58:00+00:00,18502.75,18506.75,18502.75,18505.75,107
2025-01-02T15:59:00+00:00,18505.75,18506.75,18505.25,18505.25,477
2025-01-02T16:00:00+00:00,18505.25,18506.0,18503.5,18503.75,71
2025-01-02T16:01:00+00:00,18503.75,18506.5,18502.25,18505.0,70
2025-01-02T16:02:00+00:00,18505.0,18506.25,18503.25,18503.5,391
2025-01-02T16:03:00+00:00,18503.5,18505.5,18502.5,18504.0,497
2025-01-02T16:04:00+00:00,18504.0,18504.25,18500.75,18502.25,133
2025-01-02T16:05:00+00:00,18502.25,18503.0,18502.0,18503.0,427
2025-01-02T16:06:00+00:00,18503.0,18506.0,18501.75,18504.5,492
2025-01-02T16:07:00+00:00,18504.5,18505.0,18501.25,18501.5,453
2025-01-02T16:08:00+00:00,18501.5,18502.25,18497.0,18498.5,69
2025-01-02T16:09:00+00:00,18498.5,18498.75,18495.0,18496.5,285
2025-01-02T16:10:00+00:00,18496.5,18499.5,18495.0,18498.0,496
2025-01-02T16:11:00+00:00,18498.0,18498.0,18495.75,18497.0,148
2025-01-02T16:12:00+00:00,18497.0,18499.25,18495.5,18498.75,85
2025-01-02T16:13:00+00:00,18498.75,18501.25,18497.75,18500.0,254
2025-01-02T16:14:00+00:00,18500.0,18502.75,18500.0,18502.75,499
2025-01-02T16:15:00+00:00,18502.75,18503.75,18501.0,18501.5,69
2025-01-02T16:16:00+00:00,18501.5,18502.5,18500.25,18502.0,452
2025-01-02T16:17:00+00:00,18502.0,18504.5,18501.0,18503.5,109
2025-01-02T16:18:00+00:00,18503.5,18504.0,18501.75,18501.75,412
2025-01-02T16:19:00+00:00,18501.75,18502.75,18498.5,18500.0,325
2025-01-02T16:20:00+00:00,18500.0,18500.5,18496.5,18497.25,85
2025-01-02T16:21:00+00:00,18497.25,18501.0,18496.75,18500.0,389
2025-01-02T16:22:00+00:00,18500.0,18501.5,18499.5,18500.5,391
2025-01-02T16:23:00+00:00,18500.5,18503.0,18499.25,18502.25,201
2025-01-02T16:24:00+00:00,18502.25,18502.5,18499.25,18500.0,390
2025-01-02T16:25:00+00:00,18500.0,18501.0,18497.25,18498.25,204
2025-01-02T16:26:00+00:00,18498.25,18498.75,18496.0,18496.5,157
2025-01-02T16:27:00+00:00,18496.5,18499.0,18495.75,18498.25,276
2025-01-02T16:28:00+00:00,18498.25,18499.25,18494.75,18495.5,456
2025-01-02T16:29:00+00:00,18495.5,18496.75,18492.5,18492.5,195
2025-01-02T16:30:00+00:00,18492.5,18494.75,18491.0,18494.75,434
2025-01-02T16:31:00+00:00,18494.75,18496.0,18493.25,18495.75,151
2025-01-02T16:32:00+00:00,18495.75,18495.75,18494.75,18495.0,293
2025-01-02T16:33:00+00:00,18495.0,18495.75,18491.75,18492.5,372
2025-01-02T16:34:00+00:00,18492.5,18493.75,18488.75,18490.0,246
2025-01-02T16:35:00+00:00,18490.0,18492.25,18489.75,18492.0,385
2025-01-02T16:36:00+00:00,18492.0,18493.5,18487.5,18489.0,444
2025-01-02T16:37:00+00:00,18489.0,18489.75,18488.75,18489.5,461
2025-01-02T16:38:00+00:00,18489.5,18492.5,18488.5,18492.5,177
2025-01-02T16:39:00+00:00,18492.5,18493.25,18491.0,18493.0,287
2025-01-02T16:40:00+00:00,18493.0,18497.25,18492.25,18495.75,363
2025-01-02T16:41:00+00:00,18495.75,18500.25,18494.75,18498.75,278
2025-01-02T16:42:00+00:00,18498.75,18500.25,18498.25,18499.5,434
2025-01-02T16:43:00+00:00,18499.5,18502.0,18498.0,18500.5,316
2025-01-02T16:44:00+00:00,18500.5,18501.0,18497.75,18498.5,89
2025-01-02T16:45:00+00:00,18498.5,18501.75,18498.0,18501.5,221
2025-01-02T16:46:00+00:00,18501.5,18501.75,18499.75,18500.0,168
2025-01-02T16:47:00+00:00,18500.0,18501.25,18498.0,18498.25,82
2025-01-02T16:48:00+00:00,18498.25,18500.5,18497.25,18500.0,288
2025-01-02T16:49:00+00:00,18500.0,18500.25,18496.75,18498.25,265
2025-01-02T16:50:00+00:00,18498.25,18499.75,18495.0,18496.5,344
2025-01-02T16:51:00+00:00,18496.5,18498.25,18496.0,18498.25,202
2025-01-02T16:52:00+00:00,18498.25,18501.0,18497.0,18500.0,426
2025-01-02T16:53:00+00:00,18500.0,18500.75,18497.5,18497.75,189
2025-01-02T16:54:00+00:00,18497.75,18499.5,18497.0,18499.5,222
2025-01-02T16:55:00+00:00,18499.5,18503.5,18499.25,18502.25,480
2025-01-02T16:56:00+00:00,18502.25,18503.25,18499.25,18500.25,63
2025-01-02T16:57:00+00:00,18500.25,18500.25,18497.25,18498.5,269
2025-01-02T16:58:00+00:00,18498.5,18499.5,18498.5,18499.25,183
2025-01-02T16:59:00+00:00,18499.25,18501.25,18498.5,18501.0,217
2025-01-02T17:00:00+00:00,18501.0,18503.0,18499.5,18502.5,475
2025-01-02T17:01:00+00:00,18502.5,18505.75,18502.5,18504.25,290
2025-01-02T17:02:00+00:00,18504.25,18504.75,18503.75,18504.0,382
2025-01-02T17:03:00+00:00,18504.0,18505.5,18503.5,18503.5,176
2025-01-02T17:04:00+00:00,18503.5,18504.5,18502.25,18502.5,172
2025-01-02T17:05:00+00:00,18502.5,18504.5,18502.5,18503.25,338
2025-01-02T17:06:00+00:00,18503.25,18505.5,18502.75,18504.25,442
2025-01-02T17:07:00+00:00,18504.25,18505.25,18501.75,18502.75,432
2025-01-02T17:08:00+00:00,18502.75,18504.25,18498.25,18499.75,133
2025-01-02T17:09:00+00:00,18499.75,18500.75,18498.5,18498.5,209
2025-01-02T17:10:00+00:00,18498.5,18501.75,18497.25,18501.0,151
2025-01-02T17:11:00+00:00,18501.0,18501.0,18499.25,18500.5,445
2025-01-02T17:12:00+00:00,18500.5,18502.0,18498.25,18499.25,450
2025-01-02T17:13:00+00:00,18499.25,18500.5,18498.5,18499.5,388
2025-01-02T17:14:00+00:00,18499.5,18500.5,18496.75,18498.0,224
2025-01-02T17:15:00+00:00,18498.0,18499.75,18497.25,18498.25,104
2025-01-02T17:16:00+00:00,18498.25,18501.25,18496.75,18500.0,285
2025-01-02T17:17:00+00:00,18500.0,18500.75,18496.75,18497.0,425
2025-01-02T17:18:00+00:00,18497.0,18500.25,18495.5,18499.25,325
2025-01-02T17:19:00+00:00,18499.25,18502.0,18497.75,18501.25,424
2025-01-02T17:20:00+00:00,18501.25,18504.25,18499.75,18503.75,175
2025-01-02T17:21:00+00:00,18503.75,18505.0,18503.5,18504.25,434
2025-01-02T17:22:00+00:00,18504.25,18506.75,18504.25,18506.25,303
2025-01-02T17:23:00+00:00,18506.25,18507.0,18504.5,18504.75,231
2025-01-02T17:24:00+00:00,18504.75,18506.5,18503.75,18506.0,409
2025-01-02T17:25:00+00:00,18506.0,18507.0,18504.5,18504.75,93
2025-01-02T17:26:00+00:00,18504.75,18506.5,18503.75,18505.75,438
2025-01-02T17:27:00+00:00,18505.75,18508.0,18504.5,18506.75,301
2025-01-02T17:28:00+00:00,18506.75,18506.75,18504.25,18504.75,163
2025-01-02T17:29:00+00:00,18504.75,18505.25,18501.75,18503.0,347
2025-01-02T17:30:00+00:00,18503.0,18505.5,18502.0,18504.5,226
2025-01-02T17:31:00+00:00,18504.5,18506.75,18503.25,18506.25,282
2025-01-02T17:32:00+00:00,18506.25,18508.0,18506.0,18507.5,111
2025-01-02T17:33:00+00:00,18507.5,18508.0,18504.5,18504.5,430
2025-01-02T17:34:00+00:00,18504.5,18504.75,18502.0,18502.25,428
2025-01-02T17:35:00+00:00,18502.25,18505.5,18501.25,18504.25,439
2025-01-02T17:36:00+00:00,18504.25,18506.5,18502.75,18506.5,149
2025-01-02T17:37:00+00:00,18506.5,18507.0,18505.0,18505.25,204
2025-01-02T17:38:00+00:00,18505.25,18505.75,18505.0,18505.0,77
2025-01-02T17:39:00+00:00,18505.0,18508.5,18504.75,18507.25,376
2025-01-02T17:40:00+00:00,18507.25,18508.75,18505.25,18505.25,343
2025-01-02T17:41:00+00:00,18505.25,18507.25,18504.5,18506.5,224
2025-01-02T17:42:00+00:00,18506.5,18507.0,18504.25,18505.75,294
2025-01-02T17:43:00+00:00,18505.75,18506.5,18504.5,18505.25,87
2025-01-02T17:44:00+00:00,18505.25,18505.5,18502.5,18502.75,465
2025-01-02T17:45:00+00:00,18502.75,18505.25,18502.5,18505.25,110
2025-01-02T17:46:00+00:00,18505.25,18508.5,18504.25,18507.5,454
2025-01-02T17:47:00+00:00,18507.5,18509.0,18504.0,18505.0,244
2025-01-02T17:48:00+00:00,18505.0,18507.5,18503.5,18507.0,351
2025-01-02T17:49:00+00:00,18507.0,18509.75,18506.0,18508.75,80
2025-01-02T17:50:00+00:00,18508.75,18510.25,18506.0,18506.25,370
2025-01-02T17:51:00+00:00,18506.25,18508.5,18506.25,18507.25,130
2025-01-02T17:52:00+00:00,18507.25,18508.25,18506.25,18506.25,130
2025-01-02T17:53:00+00:00,18506.25,18507.25,18505.0,18506.5,354
2025-01-02T17:54:00+00:00,18506.5,18508.5,18506.25,18508.5,197
2025-01-02T17:55:00+00:00,18508.5,18512.75,18507.0,18511.5,282
2025-01-02T17:56:00+00:00,18511.5,18512.0,18509.5,18511.0,455
2025-01-02T17:57:00+00:00,18511.0,18511.75,18508.25,18508.25,328
2025-01-02T17:58:00+00:00,18508.25,18508.75,18505.75,18507.25,122
2025-01-02T17:59:00+00:00,18507.25,18507.5,18505.25,18506.75,207
2025-01-02T18:00:00+00:00,18506.75,18510.0,18506.75,18509.25,289
2025-01-02T18:01:00+00:00,18509.25,18513.5,18508.5,18512.25,189
2025-01-02T18:02:00+00:00,18512.25,18515.25,18512.25,18514.5,356
2025-01-02T18:03:00+00:00,18514.5,18516.0,18514.0,18514.75,359
2025-01-02T18:04:00+00:00,18514.75,18514.75,18513.25,18513.5,395
2025-01-02T18:05:00+00:00,18513.5,18515.0,18509.75,18511.0,470
2025-01-02T18:06:00+00:00,18511.0,18512.5,18508.25,18509.75,139
2025-01-02T18:07:00+00:00,18509.75,18512.25,18509.5,18511.75,349
2025-01-02T18:08:00+00:00,18511.75,18513.5,18511.0,18513.5,228
2025-01-02T18:09:00+00:00,18513.5,18515.75,18512.25,18515.25,103
2025-01-02T18:10:00+00:00,18515.25,18516.75,18514.0,18516.0,303
2025-01-02T18:11:00+00:00,18516.0,18518.75,18514.5,18517.25,331
2025-01-02T18:12:00+00:00,18517.25,18517.5,18516.75,18517.5,179
2025-01-02T18:13:00+00:00,18517.5,18519.0,18515.25,18516.0,492
2025-01-02T18:14:00+00:00,18516.0,18517.25,18512.25,18513.75,327
2025-01-02T18:15:00+00:00,18513.75,18515.75,18513.5,18515.75,315
2025-01-02T18:16:00+00:00,18515.75,18518.5,18515.0,18517.25,439
2025-01-02T18:17:00+00:00,18517.25,18517.75,18516.0,18517.0,117
2025-01-02T18:18:00+00:00,18517.0,18519.5,18516.25,18518.25,112
2025-01-02T18:19:00+00:00,18518.25,18519.5,18517.75,18518.0,209
2025-01-02T18:20:00+00:00,18518.0,18519.0,18515.0,18515.75,97
2025-01-02T18:21:00+00:00,18515.75,18516.5,18514.75,18514.75,381
2025-01-02T18:22:00+00:00,18514.75,18516.75,18514.25,18515.5,310
2025-01-02T18:23:00+00:00,18515.5,18519.25,18514.0,18518.5,297
2025-01-02T18:24:00+00:00,18518.5,18519.25,18515.5,18516.5,124
2025-01-02T18:25:00+00:00,18516.5,18517.5,18513.75,18514.75,432
2025-01-02T18:26:00+00:00,18514.75,18515.25,18512.5,18514.0,454
2025-01-02T18:27:00+00:00,18514.0,18517.25,18513.0,18515.75,186
2025-01-02T18:28:00+00:00,18515.75,18517.25,18515.25,18516.0,478
2025-01-02T18:29:00+00:00,18516.0,18520.0,18515.75,18518.5,278
2025-01-02T18:30:00+00:00,18518.5,18521.25,18518.0,18520.75,332
2025-01-02T18:31:00+00:00,18520.75,18523.75,18520.25,18523.0,495
2025-01-02T18:32:00+00:00,18523.0,18524.0,18521.25,18522.0,169
2025-01-02T18:33:00+00:00,18522.0,18522.5,18519.0,18520.25,292
2025-01-02T18:34:00+00:00,18520.25,18524.0,18519.0,18523.25,455
2025-01-02T18:35:00+00:00,18523.25,18524.0,18520.5,18520.5,114
2025-01-02T18:36:00+00:00,18520.5,18524.25,18520.5,18522.75,497
2025-01-02T18:37:00+00:00,18522.75,18523.75,18520.0,18520.75,57
2025-01-02T18:38:00+00:00,18520.75,18521.5,18516.25,18517.75,385
2025-01-02T18:39:00+00:00,18517.75,18518.5,18515.5,18517.0,185
2025-01-02T18:40:00+00:00,18517.0,18519.75,18517.0,18518.5,486
2025-01-02T18:41:00+00:00,18518.5,18520.5,18517.25,18520.0,417
2025-01-02T18:42:00+00:00,18520.0,18521.0,18518.0,18518.0,170
2025-01-02T18:43:00+00:00,18518.0,18521.0,18516.75,18520.75,96
2025-01-02T18:44:00+00:00,18520.75,18522.25,18517.75,18519.0,410
2025-01-02T18:45:00+00:00,18519.0,18519.75,18517.75,18519.5,203
2025-01-02T18:46:00+00:00,18519.5,18520.0,18517.75,18519.25,78
2025-01-02T18:47:00+00:00,18519.25,18521.0,18518.5,18520.5,124
2025-01-02T18:48:00+00:00,18520.5,18522.5,18519.25,18521.5,455
2025-01-02T18:49:00+00:00,18521.5,18521.75,18520.75,18520.75,362
2025-01-02T18:50:00+00:00,18520.75,18521.5,18518.0,18519.0,123
2025-01-02T18:51:00+00:00,18519.0,18521.25,18518.5,18520.0,285
2025-01-02T18:52:00+00:00,18520.0,18521.5,18518.0,18518.75,197
2025-01-02T18:53:00+00:00,18518.75,18518.75,18515.25,18516.0,226
2025-01-02T18:54:00+00:00,18516.0,18519.75,18515.25,18518.5,403
2025-01-02T18:55:00+00:00,18518.5,18521.25,18518.0,18519.75,151
2025-01-02T18:56:00+00:00,18519.75,18521.5,18519.5,18521.5,245
2025-01-02T18:57:00+00:00,18521.5,18525.0,18521.0,18524.0,408
2025-01-02T18:58:00+00:00,18524.0,18525.5,18521.5,18522.75,252
2025-01-02T18:59:00+00:00,18522.75,18523.75,18520.0,18521.5,401
2025-01-02T19:00:00+00:00,18521.5,18522.5,18517.25,18518.5,304
2025-01-02T19:01:00+00:00,18518.5,18519.5,18515.75,18517.25,230
2025-01-02T19:02:00+00:00,18517.25,18518.25,18515.75,18516.25,397
2025-01-02T19:03:00+00:00,18516.25,18517.5,18513.25,18513.25,371
2025-01-02T19:04:00+00:00,18513.25,18513.75,18509.0,18510.5,275
2025-01-02T19:05:00+00:00,18510.5,18512.0,18510.25,18510.75,96
2025-01-02T19:06:00+00:00,18510.75,18513.25,18510.0,18512.0,139
2025-01-02T19:07:00+00:00,18512.0,18513.5,18510.0,18511.0,498
2025-01-02T19:08:00+00:00,18511.0,18514.0,18510.75,18512.5,181
2025-01-02T19:09:00+00:00,18512.5,18515.75,18511.0,18514.5,223
2025-01-02T19:10:00+00:00,18514.5,18515.0,18514.25,18515.0,436
2025-01-02T19:11:00+00:00,18515.0,18517.5,18513.5,18516.0,335
2025-01-02T19:12:00+00:00,18516.0,18517.5,18513.75,18514.5,57
2025-01-02T19:13:00+00:00,18514.5,18515.25,18512.75,18513.25,394
2025-01-02T19:14:00+00:00,18513.25,18517.25,18512.5,18516.25,471
2025-01-02T19:15:00+00:00,18516.25,18519.0,18515.0,18519.0,169
2025-01-02T19:16:00+00:00,18519.0,18520.0,18516.0,18517.0,217
2025-01-02T19:17:00+00:00,18517.0,18518.25,18514.5,18514.5,375
2025-01-02T19:18:00+00:00,18514.5,18517.75,18513.75,18516.5,109
2025-01-02T19:19:00+00:00,18516.5,18516.5,18515.25,18515.75,302
2025-01-02T19:20:00+00:00,18515.75,18516.0,18514.25,18515.25,119
2025-01-02T19:21:00+00:00,18515.25,18517.5,18514.0,18517.0,430
2025-01-02T19:22:00+00:00,18517.0,18521.0,18515.75,18520.0,422
2025-01-02T19:23:00+00:00,18520.0,18522.0,18520.0,18520.75,476
2025-01-02T19:24:00+00:00,18520.75,18523.25,18520.75,18522.75,403
2025-01-02T19:25:00+00:00,18522.75,18523.5,18520.5,18521.25,170
2025-01-02T19:26:00+00:00,18521.25,18522.5,18519.25,18519.75,328
2025-01-02T19:27:00+00:00,18519.75,18522.5,18519.0,18522.5,191
2025-01-02T19:28:00+00:00,18522.5,18524.0,18520.0,18521.5,282
2025-01-02T19:29:00+00:00,18521.5,18522.75,18519.75,18521.0,355
2025-01-02T19:30:00+00:00,18521.0,18522.5,18520.25,18520.75,174
2025-01-02T19:31:00+00:00,18520.75,18520.75,18518.5,18520.0,441
2025-01-02T19:32:00+00:00,18520.0,18521.0,18517.5,18517.75,466
2025-01-02T19:33:00+00:00,18517.75,18520.25,18517.5,18518.75,453
2025-01-02T19:34:00+00:00,18518.75,18519.25,18514.75,18516.25,124
2025-01-02T19:35:00+00:00,18516.25,18518.5,18516.0,18517.0,106
2025-01-02T19:36:00+00:00,18517.0,18517.25,18514.25,18514.25,233
2025-01-02T19:37:00+00:00,18514.25,18515.25,18514.0,18515.25,185
2025-01-02T19:38:00+00:00,18515.25,18516.5,18514.25,18515.0,319
2025-01-02T19:39:00+00:00,18515.0,18515.75,18513.75,18514.5,448
2025-01-02T19:40:00+00:00,18514.5,18515.25,18512.0,18513.0,163
2025-01-02T19:41:00+00:00,18513.0,18514.25,18509.0,18510.5,493
2025-01-02T19:42:00+00:00,18510.5,18514.0,18509.25,18513.25,65
2025-01-02T19:43:00+00:00,18513.25,18515.0,18512.5,18513.5,268
2025-01-02T19:44:00+00:00,18513.5,18514.25,18509.5,18510.75,277
2025-01-02T19:45:00+00:00,18510.75,18511.25,18509.25,18510.25,125
2025-01-02T19:46:00+00:00,18510.25,18510.75,18508.75,18509.75,374
2025-01-02T19:47:00+00:00,18509.75,18513.0,18508.75,18512.25,321
2025-01-02T19:48:00+00:00,18512.25,18514.5,18511.25,18513.5,270
2025-01-02T19:49:00+00:00,18513.5,18515.0,18511.75,18513.0,383
2025-01-02T19:50:00+00:00,18513.0,18513.75,18510.0,18510.75,166
2025-01-02T19:51:00+00:00,18510.75,18514.0,18510.0,18512.5,254
2025-01-02T19:52:00+00:00,18512.5,18513.0,18510.0,18510.75,210
2025-01-02T19:53:00+00:00,18510.75,18514.0,18510.5,18513.5,401
2025-01-02T19:54:00+00:00,18513.5,18513.5,18510.0,18511.5,93
2025-01-02T19:55:00+00:00,18511.5,18512.0,18510.25,18512.0,428
2025-01-02T19:56:00+00:00,18512.0,18513.0,18510.5,18510.5,350
2025-01-02T19:57:00+00:00,18510.5,18514.0,18510.5,18512.75,260
2025-01-02T19:58:00+00:00,18512.75,18515.75,18511.5,18514.25,76
2025-01-02T19:59:00+00:00,18514.25,18516.0,18514.25,18515.5,345
2025-01-02T20:00:00+00:00,18515.5,18515.75,18512.0,18513.25,296
2025-01-02T20:01:00+00:00,18513.25,18513.75,18510.75,18512.25,334
2025-01-02T20:02:00+00:00,18512.25,18513.75,18510.25,18510.75,343
2025-01-02T20:03:00+00:00,18510.75,18513.25,18509.75,18511.75,442
2025-01-02T20:04:00+00:00,18511.75,18512.75,18508.0,18509.25,474
2025-01-02T20:05:00+00:00,18509.25,18512.25,18509.0,18512.25,189
2025-01-02T20:06:00+00:00,18512.25,18515.75,18511.75,18515.25,53
2025-01-02T20:07:00+00:00,18515.25,18516.25,18513.25,18514.5,255
2025-01-02T20:08:00+00:00,18514.5,18515.75,18512.75,18514.0,65
2025-01-02T20:09:00+00:00,18514.0,18514.75,18512.75,18513.5,282
2025-01-02T20:10:00+00:00,18513.5,18514.0,18511.5,18512.0,419
2025-01-02T20:11:00+00:00,18512.0,18512.0,18510.25,18510.5,130
2025-01-02T20:12:00+00:00,18510.5,18511.75,18508.0,18508.0,189
2025-01-02T20:13:00+00:00,18508.0,18510.75,18507.0,18510.0,276
2025-01-02T20:14:00+00:00,18510.0,18512.0,18508.5,18511.75,312
2025-01-02T20:15:00+00:00,18511.75,18513.0,18511.75,18512.25,195
2025-01-02T20:16:00+00:00,18512.25,18516.0,18511.0,18515.0,207
2025-01-02T20:17:00+00:00,18515.0,18515.75,18513.75,18514.75,78
2025-01-02T20:18:00+00:00,18514.75,18515.25,18514.25,18514.5,442
2025-01-02T20:19:00+00:00,18514.5,18515.75,18514.0,18515.25,111
2025-01-02T20:20:00+00:00,18515.25,18516.75,18514.5,18515.5,139
2025-01-02T20:21:00+00:00,18515.5,18517.25,18514.25,18516.25,167
2025-01-02T20:22:00+00:00,18516.25,18518.5,18515.5,18518.5,491
2025-01-02T20:23:00+00:00,18518.5,18519.25,18515.5,18515.5,285
2025-01-02T20:24:00+00:00,18515.5,18517.0,18514.75,18516.0,343
2025-01-02T20:25:00+00:00,18516.0,18518.25,18516.0,18517.75,257
2025-01-02T20:26:00+00:00,18517.75,18518.25,18516.25,18518.0,366
2025-01-02T20:27:00+00:00,18518.0,18520.0,18517.25,18520.0,482
2025-01-02T20:28:00+00:00,18520.0,18520.75,18518.5,18519.5,255
2025-01-02T20:29:00+00:00,18519.5,18520.25,18515.75,18517.25,208
2025-01-02T20:30:00+00:00,18517.25,18520.5,18516.75,18520.25,448
2025-01-02T20:31:00+00:00,18520.25,18521.25,18518.25,18519.5,108
2025-01-02T20:32:00+00:00,18519.5,18521.0,18516.75,18517.25,229
2025-01-02T20:33:00+00:00,18517.25,18517.5,18514.25,18514.25,124
2025-01-02T20:34:00+00:00,18514.25,18514.5,18512.0,18513.0,128
2025-01-02T20:35:00+00:00,18513.0,18513.25,18508.75,18510.25,371
2025-01-02T20:36:00+00:00,18510.25,18513.75,18509.25,18512.25,439
2025-01-02T20:37:00+00:00,18512.25,18516.0,18511.25,18514.75,379
2025-01-02T20:38:00+00:00,18514.75,18519.0,18513.5,18517.5,211
2025-01-02T20:39:00+00:00,18517.5,18518.25,18516.75,18518.25,276
2025-01-02T20:40:00+00:00,18518.25,18522.5,18517.75,18521.0,352
2025-01-02T20:41:00+00:00,18521.0,18522.25,18521.0,18521.25,208
2025-01-02T20:42:00+00:00,18521.25,18523.25,18521.25,18523.25,238
2025-01-02T20:43:00+00:00,18523.25,18524.5,18520.5,18522.0,487
2025-01-02T20:44:00+00:00,18522.0,18523.25,18521.0,18522.5,333
2025-01-02T20:45:00+00:00,18522.5,18523.25,18518.0,18519.5,342
2025-01-02T20:46:00+00:00,18519.5,18520.0,18515.75,18516.75,293
2025-01-02T20:47:00+00:00,18516.75,18516.75,18513.75,18514.5,102
2025-01-02T20:48:00+00:00,18514.5,18515.5,18511.75,18513.0,138
2025-01-02T20:49:00+00:00,18513.0,18514.25,18512.0,18512.75,274
2025-01-02T20:50:00+00:00,18512.75,18513.25,18510.0,18510.5,194
2025-01-02T20:51:00+00:00,18510.5,18513.75,18510.0,18512.25,397
2025-01-02T20:52:00+00:00,18512.25,18513.75,18508.5,18509.75,381
2025-01-02T20:53:00+00:00,18509.75,18510.25,18508.25,18508.25,335
2025-01-02T20:54:00+00:00,18508.25,18511.5,18507.75,18511.0,420
2025-01-02T20:55:00+00:00,18511.0,18511.5,18508.25,18508.25,348
2025-01-02T20:56:00+00:00,18508.25,18508.75,18505.0,18505.5,385
2025-01-02T20:57:00+00:00,18505.5,18508.75,18504.5,18508.5,412
2025-01-02T20:58:00+00:00,18508.5,18510.0,18507.75,18509.0,379
2025-01-02T20:59:00+00:00,18509.0,18510.25,18506.25,18507.5,474
2025-01-02T21:00:00+00:00,18507.5,18508.75,18503.25,18504.5,266
2025-01-02T21:01:00+00:00,18504.5,18506.75,18504.0,18506.75,208
2025-01-02T21:02:00+00:00,18506.75,18507.25,18504.5,18506.0,298
2025-01-02T21:03:00+00:00,18506.0,18506.25,18504.75,18505.0,89
2025-01-02T21:04:00+00:00,18505.0,18506.0,18502.25,18503.75,326
2025-01-02T21:05:00+00:00,18503.75,18505.0,18500.25,18500.75,498
2025-01-02T21:06:00+00:00,18500.75,18501.75,18497.5,18498.25,128
2025-01-02T21:07:00+00:00,18498.25,18499.75,18496.25,18497.5,444
2025-01-02T21:08:00+00:00,18497.5,18498.75,18494.25,18495.0,72
2025-01-02T21:09:00+00:00,18495.0,18498.0,18493.75,18496.75,171
2025-01-02T21:10:00+00:00,18496.75,18500.25,18495.5,18498.75,451
2025-01-02T21:11:00+00:00,18498.75,18499.75,18496.5,18496.75,208
2025-01-02T21:12:00+00:00,18496.75,18497.25,18493.5,18494.75,342
2025-01-02T21:13:00+00:00,18494.75,18498.25,18494.25,18496.75,448
2025-01-02T21:14:00+00:00,18496.75,18498.75,18495.25,18498.5,152
2025-01-02T21:15:00+00:00,18498.5,18500.0,18495.5,18496.0,76
2025-01-02T21:16:00+00:00,18496.0,18500.25,18495.5,18498.75,333
2025-01-02T21:17:00+00:00,18498.75,18499.25,18498.25,18498.25,440
2025-01-02T21:18:00+00:00,18498.25,18499.75,18497.25,18499.0,125
2025-01-02T21:19:00+00:00,18499.0,18499.25,18495.75,18497.25,280
2025-01-02T21:20:00+00:00,18497.25,18498.0,18495.75,18495.75,252
2025-01-02T21:21:00+00:00,18495.75,18498.25,18495.0,18498.0,91
2025-01-02T21:22:00+00:00,18498.0,18498.0,18496.0,18496.5,100
2025-01-02T21:23:00+00:00,18496.5,18501.0,18496.25,18499.5,120
2025-01-02T21:24:00+00:00,18499.5,18501.25,18498.75,18499.75,406
2025-01-02T21:25:00+00:00,18499.75,18501.25,18498.75,18500.5,52
2025-01-02T21:26:00+00:00,18500.5,18501.0,18499.75,18500.0,477
2025-01-02T21:27:00+00:00,18500.0,18500.75,18498.5,18500.75,197
2025-01-02T21:28:00+00:00,18500.75,18501.75,18500.75,18501.75,172
2025-01-02T21:29:00+00:00,18501.75,18503.5,18501.75,18503.5,478
2025-01-02T21:30:00+00:00,18503.5,18504.75,18500.5,18501.5,344
2025-01-02T21:31:00+00:00,18501.5,18502.0,18499.75,18500.5,50
2025-01-02T21:32:00+00:00,18500.5,18503.25,18499.5,18503.0,263
2025-01-02T21:33:00+00:00,18503.0,18504.0,18501.75,18502.25,84
2025-01-02T21:34:00+00:00,18502.25,18503.0,18498.5,18500.0,290
2025-01-02T21:35:00+00:00,18500.0,18500.75,18499.5,18500.25,432
2025-01-02T21:36:00+00:00,18500.25,18502.0,18500.25,18500.5,226
2025-01-02T21:37:00+00:00,18500.5,18502.0,18498.5,18499.5,426
2025-01-02T21:38:00+00:00,18499.5,18499.5,18497.5,18498.0,329
2025-01-02T21:39:00+00:00,18498.0,18499.5,18495.0,18496.5,400
2025-01-02T21:40:00+00:00,18496.5,18499.75,18496.25,18498.5,465
2025-01-02T21:41:00+00:00,18498.5,18499.75,18496.25,18497.75,284
2025-01-02T21:42:00+00:00,18497.75,18498.25,18497.75,18498.0,455
2025-01-02T21:43:00+00:00,18498.0,18498.5,18496.5,18497.0,313
2025-01-02T21:44:00+00:00,18497.0,18499.25,18497.0,18498.75,435
2025-01-02T21:45:00+00:00,18498.75,18499.25,18495.5,18496.0,491
2025-01-02T21:46:00+00:00,18496.0,18496.75,18496.0,18496.25,459
2025-01-02T21:47:00+00:00,18496.25,18498.5,18495.0,18497.75,275
2025-01-02T21:48:00+00:00,18497.75,18499.75,18497.0,18499.5,404
2025-01-02T21:49:00+00:00,18499.5,18503.0,18498.5,18501.5,186
2025-01-02T21:50:00+00:00,18501.5,18502.0,18500.75,18502.0,358
2025-01-02T21:51:00+00:00,18502.0,18503.25,18502.0,18502.75,90
2025-01-02T21:52:00+00:00,18502.75,18504.75,18502.0,18504.25,358
2025-01-02T21:53:00+00:00,18504.25,18507.5,18503.0,18507.25,277
2025-01-02T21:54:00+00:00,18507.25,18508.75,18506.0,18508.75,495
2025-01-02T21:55:00+00:00,18508.75,18510.75,18507.5,18510.25,455
2025-01-02T21:56:00+00:00,18510.25,18511.5,18508.75,18510.0,257
2025-01-02T21:57:00+00:00,18510.0,18510.0,18508.25,18508.5,484
2025-01-02T21:58:00+00:00,18508.5,18511.0,18508.25,18511.0,84
2025-01-02T21:59:00+00:00,18511.0,18512.5,18510.25,18512.0,340
2025-01-02T22:00:00+00:00,18512.0,18513.25,18511.0,18511.75,239
2025-01-02T22:01:00+00:00,18511.75,18514.75,18511.75,18513.25,343
2025-01-02T22:02:00+00:00,18513.25,18514.75,18512.75,18514.0,382
2025-01-02T22:03:00+00:00,18514.0,18514.0,18512.75,18512.75,426
2025-01-02T22:04:00+00:00,18512.75,18514.5,18512.0,18513.5,337
2025-01-02T22:05:00+00:00,18513.5,18515.5,18513.0,18514.0,410
2025-01-02T22:06:00+00:00,18514.0,18515.0,18511.5,18512.0,405
2025-01-02T22:07:00+00:00,18512.0,18512.0,18509.75,18510.0,486
2025-01-02T22:08:00+00:00,18510.0,18510.75,18508.75,18510.5,277
2025-01-02T22:09:00+00:00,18510.5,18512.25,18510.0,18511.0,413
2025-01-02T22:10:00+00:00,18511.0,18512.0,18509.5,18511.5,130
2025-01-02T22:11:00+00:00,18511.5,18513.0,18508.0,18508.5,310
2025-01-02T22:12:00+00:00,18508.5,18508.75,18506.0,18507.5,121
2025-01-02T22:13:00+00:00,18507.5,18508.5,18507.0,18508.5,333
2025-01-02T22:14:00+00:00,18508.5,18511.75,18507.0,18511.0,332
2025-01-02T22:15:00+00:00,18511.0,18511.0,18509.75,18510.25,253
2025-01-02T22:16:00+00:00,18510.25,18514.25,18509.5,18513.25,443
2025-01-02T22:17:00+00:00,18513.25,18513.5,18511.0,18511.5,378
2025-01-02T22:18:00+00:00,18511.5,18512.75,18510.25,18512.0,314
2025-01-02T22:19:00+00:00,18512.0,18513.5,18509.0,18510.5,332
2025-01-02T22:20:00+00:00,18510.5,18512.0,18507.5,18507.75,271
2025-01-02T22:21:00+00:00,18507.75,18509.25,18505.5,18505.5,315
2025-01-02T22:22:00+00:00,18505.5,18506.5,18505.25,18506.25,215
2025-01-02T22:23:00+00:00,18506.25,18506.75,18502.25,18503.25,195
2025-01-02T22:24:00+00:00,18503.25,18504.0,18502.0,18503.75,332
2025-01-02T22:25:00+00:00,18503.75,18505.0,18502.0,18502.5,364
2025-01-02T22:26:00+00:00,18502.5,18503.5,18499.0,18500.25,136
2025-01-02T22:27:00+00:00,18500.25,18500.5,18496.5,18497.75,369
2025-01-02T22:28:00+00:00,18497.75,18502.25,18496.75,18500.75,71
2025-01-02T22:29:00+00:00,18500.75,18500.75,18499.25,18500.5,444
2025-01-02T22:30:00+00:00,18500.5,18504.25,18500.25,18503.0,442
2025-01-02T22:31:00+00:00,18503.0,18506.5,18501.75,18505.5,65
2025-01-02T22:32:00+00:00,18505.5,18508.75,18505.0,18507.5,297
2025-01-02T22:33:00+00:00,18507.5,18509.0,18506.75,18508.5,87
2025-01-02T22:34:00+00:00,18508.5,18508.75,18504.75,18505.5,262
2025-01-02T22:35:00+00:00,18505.5,18507.75,18505.0,18507.5,360
2025-01-02T22:36:00+00:00,18507.5,18509.75,18506.25,18508.25,213
2025-01-02T22:37:00+00:00,18508.25,18512.0,18508.0,18511.25,439
2025-01-02T22:38:00+00:00,18511.25,18511.75,18509.5,18509.75,288
2025-01-02T22:39:00+00:00,18509.75,18511.0,18509.5,18510.25,122
2025-01-02T22:40:00+00:00,18510.25,18510.75,18509.0,18509.75,492
2025-01-02T22:41:00+00:00,18509.75,18512.5,18508.25,18512.25,131
2025-01-02T22:42:00+00:00,18512.25,18514.0,18510.75,18513.75,131
2025-01-02T22:43:00+00:00,18513.75,18516.5,18513.25,18515.75,304
2025-01-02T22:44:00+00:00,18515.75,18516.5,18514.5,18515.5,284
2025-01-02T22:45:00+00:00,18515.5,18516.5,18514.0,18514.5,74
2025-01-02T22:46:00+00:00,18514.5,18515.5,18513.5,18514.75,481
2025-01-02T22:47:00+00:00,18514.75,18518.0,18513.75,18517.5,54
2025-01-02T22:48:00+00:00,18517.5,18518.25,18517.0,18518.0,422
2025-01-02T22:49:00+00:00,18518.0,18520.0,18518.0,18519.5,255
2025-01-02T22:50:00+00:00,18519.5,18520.0,18518.25,18519.25,197
2025-01-02T22:51:00+00:00,18519.25,18520.75,18518.5,18519.75,441
2025-01-02T22:52:00+00:00,18519.75,18523.5,18518.75,18522.0,398
2025-01-02T22:53:00+00:00,18522.0,18522.25,18519.5,18519.5,251
2025-01-02T22:54:00+00:00,18519.5,18522.0,18519.0,18521.0,436
2025-01-02T22:55:00+00:00,18521.0,18522.0,18519.25,18520.25,255
2025-01-02T22:56:00+00:00,18520.25,18520.25,18518.0,18518.0,120
2025-01-02T22:57:00+00:00,18518.0,18522.5,18517.25,18521.0,315
2025-01-02T22:58:00+00:00,18521.0,18522.0,18518.0,18519.0,121
2025-01-02T22:59:00+00:00,18519.0,18520.75,18518.25,18520.5,365
2025-01-02T23:00:00+00:00,18520.5,18524.5,18520.0,18523.5,309
2025-01-02T23:01:00+00:00,18523.5,18527.0,18522.5,18525.75,203
2025-01-02T23:02:00+00:00,18525.75,18526.25,18523.25,18523.75,394
2025-01-02T23:03:00+00:00,18523.75,18525.25,18523.25,18524.25,457
2025-01-02T23:04:00+00:00,18524.25,18525.25,18520.5,18521.25,185
2025-01-02T23:05:00+00:00,18521.25,18522.5,18518.5,18518.5,348
2025-01-02T23:06:00+00:00,18518.5,18519.5,18515.25,18516.5,419
2025-01-02T23:07:00+00:00,18516.5,18519.25,18515.0,18519.0,398
2025-01-02T23:08:00+00:00,18519.0,18520.0,18516.75,18518.0,106
2025-01-02T23:09:00+00:00,18518.0,18518.75,18516.5,18517.0,264
2025-01-02T23:10:00+00:00,18517.0,18519.0,18516.75,18517.75,260
2025-01-02T23:11:00+00:00,18517.75,18521.5,18516.25,18520.0,426
2025-01-02T23:12:00+00:00,18520.0,18521.25,18516.75,18517.0,315
2025-01-02T23:13:00+00:00,18517.0,18519.25,18516.25,18518.0,319
2025-01-02T23:14:00+00:00,18518.0,18520.0,18517.25,18519.75,322
2025-01-02T23:15:00+00:00,18519.75,18522.5,18518.25,18521.25,494
2025-01-02T23:16:00+00:00,18521.25,18525.25,18520.5,18524.25,148
2025-01-02T23:17:00+00:00,18524.25,18526.25,18523.75,18525.25,165
2025-01-02T23:18:00+00:00,18525.25,18527.75,18525.0,18526.5,403
2025-01-02T23:19:00+00:00,18526.5,18530.0,18525.75,18529.5,228
2025-01-02T23:20:00+00:00,18529.5,18532.25,18529.5,18531.75,343
2025-01-02T23:21:00+00:00,18531.75,18535.25,18530.25,18534.5,226
2025-01-02T23:22:00+00:00,18534.5,18535.25,18534.0,18535.25,415
2025-01-02T23:23:00+00:00,18535.25,18536.5,18534.0,18535.75,181
2025-01-02T23:24:00+00:00,18535.75,18539.0,18535.5,18538.75,473
2025-01-02T23:25:00+00:00,18538.75,18542.0,18537.5,18541.0,189
2025-01-02T23:26:00+00:00,18541.0,18542.0,18539.0,18540.25,350
2025-01-02T23:27:00+00:00,18540.25,18540.25,18538.0,18539.25,321
2025-01-02T23:28:00+00:00,18539.25,18539.25,18538.25,18538.25,261
2025-01-02T23:29:00+00:00,18538.25,18539.75,18537.0,18539.75,444
2025-01-02T23:30:00+00:00,18539.75,18540.75,18538.75,18539.0,258
2025-01-02T23:31:00+00:00,18539.0,18542.5,18537.75,18541.75,152
2025-01-02T23:32:00+00:00,18541.75,18543.5,18540.5,18543.0,80
2025-01-02T23:33:00+00:00,18543.0,18544.0,18541.25,18542.5,420
2025-01-02T23:34:00+00:00,18542.5,18543.25,18540.75,18542.25,140
2025-01-02T23:35:00+00:00,18542.25,18544.0,18541.5,18542.5,145
2025-01-02T23:36:00+00:00,18542.5,18545.5,18542.5,18545.5,202
2025-01-02T23:37:00+00:00,18545.5,18546.0,18542.5,18543.0,282
2025-01-02T23:38:00+00:00,18543.0,18546.0,18541.5,18545.75,308
2025-01-02T23:39:00+00:00,18545.75,18548.0,18544.25,18547.75,107
2025-01-02T23:40:00+00:00,18547.75,18549.0,18545.5,18546.25,381
2025-01-02T23:41:00+00:00,18546.25,18546.25,18543.75,18545.0,222
2025-01-02T23:42:00+00:00,18545.0,18545.25,18542.75,18543.75,488
2025-01-02T23:43:00+00:00,18543.75,18548.0,18543.0,18546.5,313
2025-01-02T23:44:00+00:00,18546.5,18547.25,18543.75,18545.0,98
2025-01-02T23:45:00+00:00,18545.0,18545.75,18543.75,18544.25,177
2025-01-02T23:46:00+00:00,18544.25,18545.25,18544.0,18544.5,278
2025-01-02T23:47:00+00:00,18544.5,18546.25,18543.5,18545.75,420
2025-01-02T23:48:00+00:00,18545.75,18546.25,18542.0,18543.25,234
2025-01-02T23:49:00+00:00,18543.25,18543.25,18539.0,18540.25,110
2025-01-02T23:50:00+00:00,18540.25,18542.5,18539.5,18542.25,401
2025-01-02T23:51:00+00:00,18542.25,18545.75,18542.25,18544.5,377
2025-01-02T23:52:00+00:00,18544.5,18546.75,18544.25,18545.75,162
2025-01-02T23:53:00+00:00,18545.75,18546.75,18545.0,18546.5,432
2025-01-02T23:54:00+00:00,18546.5,18549.75,18545.25,18549.0,331
2025-01-02T23:55:00+00:00,18549.0,18550.5,18546.75,18547.0,398
2025-01-02T23:56:00+00:00,18547.0,18548.0,18543.75,18544.5,320
2025-01-02T23:57:00+00:00,18544.5,18547.5,18543.5,18547.5,107
2025-01-02T23:58:00+00:00,18547.5,18548.5,18546.25,18547.25,126
2025-01-02T23:59:00+00:00,18547.25,18549.5,18546.25,18548.0,276
2025-01-03T00:00:00+00:00,18548.0,18549.25,18546.5,18547.5,300
2025-01-03T00:01:00+00:00,18547.5,18549.5,18547.5,18548.0,282
2025-01-03T00:02:00+00:00,18548.0,18549.5,18547.0,18548.75,79
2025-01-03T00:03:00+00:00,18548.75,18552.25,18547.25,18551.0,207
2025-01-03T00:04:00+00:00,18551.0,18551.75,18547.5,18548.0,468
2025-01-03T00:05:00+00:00,18548.0,18549.0,18547.75,18547.75,73
2025-01-03T00:06:00+00:00,18547.75,18550.75,18547.75,18549.5,327
2025-01-03T00:07:00+00:00,18549.5,18550.25,18549.25,18549.25,196
2025-01-03T00:08:00+00:00,18549.25,18550.75,18547.25,18547.5,442
2025-01-03T00:09:00+00:00,18547.5,18550.75,18546.75,18550.25,279
2025-01-03T00:10:00+00:00,18550.25,18552.0,18549.0,18552.0,388
2025-01-03T00:11:00+00:00,18552.0,18553.25,18548.25,18549.75,228
2025-01-03T00:12:00+00:00,18549.75,18550.75,18548.5,18549.25,320
2025-01-03T00:13:00+00:00,18549.25,18550.75,18548.5,18548.5,437
2025-01-03T00:14:00+00:00,18548.5,18549.5,18547.25,18548.75,418
2025-01-03T00:15:00+00:00,18548.75,18552.0,18548.0,18551.0,471
2025-01-03T00:16:00+00:00,18551.0,18551.75,18549.5,18550.0,129
2025-01-03T00:17:00+00:00,18550.0,18551.25,18547.25,18548.75,107
2025-01-03T00:18:00+00:00,18548.75,18550.0,18547.25,18549.0,58
2025-01-03T00:19:00+00:00,18549.0,18549.0,18548.0,18548.0,354
2025-01-03T00:20:00+00:00,18548.0,18549.25,18546.75,18548.25,410
2025-01-03T00:21:00+00:00,18548.25,18549.5,18548.0,18548.0,255
2025-01-03T00:22:00+00:00,18548.0,18549.0,18545.75,18546.0,436
2025-01-03T00:23:00+00:00,18546.0,18547.0,18545.25,18545.75,169
2025-01-03T00:24:00+00:00,18545.75,18549.75,18544.75,18548.75,445
2025-01-03T00:25:00+00:00,18548.75,18551.75,18548.25,18551.5,498
2025-01-03T00:26:00+00:00,18551.5,18552.25,18550.25,18550.75,190
2025-01-03T00:27:00+00:00,18550.75,18552.0,18549.25,18550.5,268
2025-01-03T00:28:00+00:00,18550.5,18552.75,18550.0,18552.75,379
2025-01-03T00:29:00+00:00,18552.75,18557.0,18551.75,18555.5,213
2025-01-03T00:30:00+00:00,18555.5,18559.25,18555.25,18558.5,203
2025-01-03T00:31:00+00:00,18558.5,18560.0,18555.75,18556.75,292
2025-01-03T00:32:00+00:00,18556.75,18557.25,18554.25,18555.75,412
2025-01-03T00:33:00+00:00,18555.75,18556.5,18554.75,18556.5,261
2025-01-03T00:34:00+00:00,18556.5,18557.25,18554.5,18554.75,180
2025-01-03T00:35:00+00:00,18554.75,18557.0,18554.75,18555.75,280
2025-01-03T00:36:00+00:00,18555.75,18556.75,18553.0,18554.25,474
2025-01-03T00:37:00+00:00,18554.25,18554.75,18552.5,18553.25,394
2025-01-03T00:38:00+00:00,18553.25,18554.75,18550.75,18550.75,146
2025-01-03T00:39:00+00:00,18550.75,18551.5,18548.0,18548.25,495
2025-01-03T00:40:00+00:00,18548.25,18549.75,18548.0,18549.75,147
2025-01-03T00:41:00+00:00,18549.75,18551.0,18545.25,18546.75,295
2025-01-03T00:42:00+00:00,18546.75,18547.5,18545.5,18545.75,332
2025-01-03T00:43:00+00:00,18545.75,18548.0,18545.0,18547.25,323
2025-01-03T00:44:00+00:00,18547.25,18550.5,18546.75,18550.0,234
2025-01-03T00:45:00+00:00,18550.0,18553.0,18550.0,18552.25,461
2025-01-03T00:46:00+00:00,18552.25,18556.75,18550.75,18555.25,213
2025-01-03T00:47:00+00:00,18555.25,18556.75,18554.5,18556.25,73
2025-01-03T00:48:00+00:00,18556.25,18557.5,18553.5,18553.75,58
2025-01-03T00:49:00+00:00,18553.75,18555.5,18553.5,18555.0,150
2025-01-03T00:50:00+00:00,18555.0,18555.75,18552.5,18553.5,476
2025-01-03T00:51:00+00:00,18553.5,18555.5,18552.25,18554.5,400
2025-01-03T00:52:00+00:00,18554.5,18557.5,18553.0,18556.0,300
2025-01-03T00:53:00+00:00,18556.0,18559.75,18555.75,18559.0,425
2025-01-03T00:54:00+00:00,18559.0,18559.25,18556.25,18557.5,329
2025-01-03T00:55:00+00:00,18557.5,18558.5,18554.25,18555.5,80
2025-01-03T00:56:00+00:00,18555.5,18557.0,18551.75,18553.25,88
2025-01-03T00:57:00+00:00,18553.25,18554.75,18550.5,18550.5,261
2025-01-03T00:58:00+00:00,18550.5,18550.5,18548.5,18549.75,127
2025-01-03T00:59:00+00:00,18549.75,18550.75,18548.75,18549.5,241
2025-01-03T01:00:00+00:00,18549.5,18551.0,18548.75,18549.75,58
2025-01-03T01:01:00+00:00,18549.75,18550.0,18549.75,18550.0,321
2025-01-03T01:02:00+00:00,18550.0,18554.0,18549.5,18553.0,58
2025-01-03T01:03:00+00:00,18553.0,18556.75,18552.75,18555.25,104
2025-01-03T01:04:00+00:00,18555.25,18555.5,18554.5,18554.75,367
2025-01-03T01:05:00+00:00,18554.75,18558.5,18554.25,18557.0,186
2025-01-03T01:06:00+00:00,18557.0,18557.5,18554.5,18555.25,285
2025-01-03T01:07:00+00:00,18555.25,18556.5,18552.5,18552.75,203
2025-01-03T01:08:00+00:00,18552.75,18554.0,18548.5,18550.0,382
2025-01-03T01:09:00+00:00,18550.0,18550.75,18549.0,18549.75,243
2025-01-03T01:10:00+00:00,18549.75,18552.0,18548.5,18552.0,54
2025-01-03T01:11:00+00:00,18552.0,18552.0,18548.25,18549.0,482
2025-01-03T01:12:00+00:00,18549.0,18551.75,18547.5,18550.75,98
2025-01-03T01:13:00+00:00,18550.75,18551.0,18548.25,18548.5,494
2025-01-03T01:14:00+00:00,18548.5,18552.0,18548.5,18551.5,88
2025-01-03T01:15:00+00:00,18551.5,18555.25,18550.5,18554.25,386
2025-01-03T01:16:00+00:00,18554.25,18555.75,18553.5,18554.0,58
2025-01-03T01:17:00+00:00,18554.0,18555.5,18551.5,18553.0,414
2025-01-03T01:18:00+00:00,18553.0,18553.5,18551.0,18551.25,338
2025-01-03T01:19:00+00:00,18551.25,18553.5,18550.25,18552.25,219
2025-01-03T01:20:00+00:00,18552.25,18553.75,18549.25,18550.5,420
2025-01-03T01:21:00+00:00,18550.5,18551.0,18550.5,18551.0,273
2025-01-03T01:22:00+00:00,18551.0,18551.5,18549.0,18550.0,443
2025-01-03T01:23:00+00:00,18550.0,18554.0,18549.5,18552.5,65
2025-01-03T01:24:00+00:00,18552.5,18556.75,18551.75,18555.25,301
2025-01-03T01:25:00+00:00,18555.25,18557.25,18554.5,18556.25,271
2025-01-03T01:26:00+00:00,18556.25,18557.0,18554.75,18557.0,366
2025-01-03T01:27:00+00:00,18557.0,18558.25,18555.75,18555.75,92
2025-01-03T01:28:00+00:00,18555.75,18556.5,18553.25,18554.5,451
2025-01-03T01:29:00+00:00,18554.5,18555.75,18551.0,18551.75,212
2025-01-03T01:30:00+00:00,18551.75,18551.75,18550.25,18550.25,207
2025-01-03T01:31:00+00:00,18550.25,18553.75,18549.75,18552.25,102
2025-01-03T01:32:00+00:00,18552.25,18552.5,18550.75,18551.5,279
2025-01-03T01:33:00+00:00,18551.5,18553.75,18551.5,18553.75,95
2025-01-03T01:34:00+00:00,18553.75,18554.75,18551.25,18552.25,451
2025-01-03T01:35:00+00:00,18552.25,18553.75,18551.75,18553.75,261
2025-01-03T01:36:00+00:00,18553.75,18555.0,18551.0,18552.0,174
2025-01-03T01:37:00+00:00,18552.0,18553.25,18548.75,18549.5,136
2025-01-03T01:38:00+00:00,18549.5,18550.75,18549.0,18550.25,302
2025-01-03T01:39:00+00:00,18550.25,18550.5,18548.75,18549.5,191
2025-01-03T01:40:00+00:00,18549.5,18552.0,18548.0,18551.25,89
2025-01-03T01:41:00+00:00,18551.25,18553.0,18550.0,18552.75,370
2025-01-03T01:42:00+00:00,18552.75,18553.5,18550.75,18550.75,119
2025-01-03T01:43:00+00:00,18550.75,18551.5,18549.0,18549.5,480
2025-01-03T01:44:00+00:00,18549.5,18553.5,18548.0,18552.0,218
2025-01-03T01:45:00+00:00,18552.0,18554.75,18550.5,18554.0,471
2025-01-03T01:46:00+00:00,18554.0,18554.5,18550.75,18551.25,358
2025-01-03T01:47:00+00:00,18551.25,18552.0,18547.75,18548.25,140
2025-01-03T01:48:00+00:00,18548.25,18550.5,18547.0,18550.0,405
2025-01-03T01:49:00+00:00,18550.0,18553.75,18548.5,18552.75,174
2025-01-03T01:50:00+00:00,18552.75,18554.75,18551.25,18554.25,452
2025-01-03T01:51:00+00:00,18554.25,18556.0,18553.25,18556.0,152
2025-01-03T01:52:00+00:00,18556.0,18557.25,18552.0,18553.5,331
2025-01-03T01:53:00+00:00,18553.5,18555.0,18553.25,18553.75,274
2025-01-03T01:54:00+00:00,18553.75,18555.25,18551.0,18552.5,457
2025-01-03T01:55:00+00:00,18552.5,18554.5,18551.25,18554.25,205
2025-01-03T01:56:00+00:00,18554.25,18556.5,18554.0,18555.25,416
2025-01-03T01:57:00+00:00,18555.25,18557.0,18554.5,18557.0,356
2025-01-03T01:58:00+00:00,18557.0,18560.0,18556.0,18559.0,495
2025-01-03T01:59:00+00:00,18559.0,18563.0,18559.0,18562.0,454
2025-01-03T02:00:00+00:00,18562.0,18562.0,18559.0,18560.5,177
2025-01-03T02:01:00+00:00,18560.5,18563.5,18559.25,18563.25,363
2025-01-03T02:02:00+00:00,18563.25,18565.0,18562.75,18563.5,457
2025-01-03T02:03:00+00:00,18563.5,18563.5,18561.75,18561.75,182
2025-01-03T02:04:00+00:00,18561.75,18562.5,18560.25,18560.75,250
2025-01-03T02:05:00+00:00,18560.75,18561.25,18558.75,18558.75,297
2025-01-03T02:06:00+00:00,18558.75,18560.0,18558.75,18559.25,109
2025-01-03T02:07:00+00:00,18559.25,18559.75,18555.75,18556.25,225
2025-01-03T02:08:00+00:00,18556.25,18557.25,18553.5,18554.25,228
2025-01-03T02:09:00+00:00,18554.25,18555.0,18551.0,18552.25,406
2025-01-03T02:10:00+00:00,18552.25,18554.25,18551.75,18554.25,72
2025-01-03T02:11:00+00:00,18554.25,18554.25,18549.75,18551.25,225
2025-01-03T02:12:00+00:00,18551.25,18552.5,18547.0,18548.5,134
2025-01-03T02:13:00+00:00,18548.5,18549.5,18545.25,18545.5,332
2025-01-03T02:14:00+00:00,18545.5,18547.25,18544.75,18546.25,286
2025-01-03T02:15:00+00:00,18546.25,18548.5,18546.0,18547.25,145
2025-01-03T02:16:00+00:00,18547.25,18550.75,18547.25,18550.0,427
2025-01-03T02:17:00+00:00,18550.0,18550.75,18546.5,18547.5,269
2025-01-03T02:18:00+00:00,18547.5,18548.75,18545.5,18545.75,155
2025-01-03T02:19:00+00:00,18545.75,18546.75,18544.5,18544.5,459
2025-01-03T02:20:00+00:00,18544.5,18545.0,18541.75,18542.25,150
2025-01-03T02:21:00+00:00,18542.25,18542.75,18539.0,18540.25,491
2025-01-03T02:22:00+00:00,18540.25,18543.25,18539.5,18542.25,362
2025-01-03T02:23:00+00:00,18542.25,18542.75,18540.0,18540.5,482
2025-01-03T02:24:00+00:00,18540.5,18542.0,18537.25,18538.5,411
2025-01-03T02:25:00+00:00,18538.5,18539.75,18537.0,18537.25,210
2025-01-03T02:26:00+00:00,18537.25,18537.75,18536.75,18536.75,143
2025-01-03T02:27:00+00:00,18536.75,18537.75,18534.5,18535.25,264
2025-01-03T02:28:00+00:00,18535.25,18536.25,18532.0,18532.75,266
2025-01-03T02:29:00+00:00,18532.75,18534.75,18531.75,18533.5,405
2025-01-03T02:30:00+00:00,18533.5,18534.5,18530.5,18530.75,300
2025-01-03T02:31:00+00:00,18530.75,18531.0,18529.0,18529.5,481
2025-01-03T02:32:00+00:00,18529.5,18531.0,18527.0,18527.5,54
2025-01-03T02:33:00+00:00,18527.5,18527.75,18524.0,18525.5,246
2025-01-03T02:34:00+00:00,18525.5,18528.5,18524.25,18527.75,301
2025-01-03T02:35:00+00:00,18527.75,18530.25,18527.5,18529.5,92
2025-01-03T02:36:00+00:00,18529.5,18531.0,18525.5,18527.0,162
2025-01-03T02:37:00+00:00,18527.0,18527.5,18525.5,18525.75,325
2025-01-03T02:38:00+00:00,18525.75,18527.25,18523.75,18524.5,339
2025-01-03T02:39:00+00:00,18524.5,18528.5,18523.5,18527.5,107
2025-01-03T02:40:00+00:00,18527.5,18528.0,18523.5,18525.0,328
2025-01-03T02:41:00+00:00,18525.0,18526.5,18522.25,18523.5,275
2025-01-03T02:42:00+00:00,18523.5,18524.25,18521.25,18521.25,426
2025-01-03T02:43:00+00:00,18521.25,18521.75,18517.0,18518.5,66
2025-01-03T02:44:00+00:00,18518.5,18521.0,18517.0,18520.5,468
2025-01-03T02:45:00+00:00,18520.5,18522.5,18520.5,18521.0,447
2025-01-03T02:46:00+00:00,18521.0,18522.5,18518.75,18520.0,351
2025-01-03T02:47:00+00:00,18520.0,18524.5,18518.75,18523.0,362
2025-01-03T02:48:00+00:00,18523.0,18526.0,18522.0,18525.75,121
2025-01-03T02:49:00+00:00,18525.75,18527.25,18524.75,18524.75,341
2025-01-03T02:50:00+00:00,18524.75,18527.25,18523.75,18526.25,136
2025-01-03T02:51:00+00:00,18526.25,18528.25,18525.25,18527.75,186
2025-01-03T02:52:00+00:00,18527.75,18528.0,18524.0,18525.5,452
2025-01-03T02:53:00+00:00,18525.5,18526.0,18522.25,18523.75,385
2025-01-03T02:54:00+00:00,18523.75,18524.0,18522.75,18523.0,414
2025-01-03T02:55:00+00:00,18523.0,18524.5,18520.0,18521.5,396
2025-01-03T02:56:00+00:00,18521.5,18523.5,18520.5,18523.25,373
2025-01-03T02:57:00+00:00,18523.25,18525.25,18522.5,18524.5,88
2025-01-03T02:58:00+00:00,18524.5,18525.25,18520.75,18521.75,433
2025-01-03T02:59:00+00:00,18521.75,18523.75,18521.0,18523.0,217
2025-01-03T03:00:00+00:00,18523.0,18524.5,18519.0,18520.5,483
2025-01-03T03:01:00+00:00,18520.5,18521.75,18516.75,18517.5,375
2025-01-03T03:02:00+00:00,18517.5,18521.75,18517.5,18520.25,457
2025-01-03T03:03:00+00:00,18520.25,18522.75,18519.5,18522.5,472
2025-01-03T03:04:00+00:00,18522.5,18524.0,18522.0,18523.5,474
2025-01-03T03:05:00+00:00,18523.5,18525.75,18522.5,18524.75,116
2025-01-03T03:06:00+00:00,18524.75,18528.75,18524.25,18527.25,399
2025-01-03T03:07:00+00:00,18527.25,18527.25,18525.75,18527.0,451
2025-01-03T03:08:00+00:00,18527.0,18527.0,18523.5,18525.0,130
2025-01-03T03:09:00+00:00,18525.0,18527.0,18524.25,18527.0,153
2025-01-03T03:10:00+00:00,18527.0,18528.25,18523.5,18524.0,131
2025-01-03T03:11:00+00:00,18524.0,18525.25,18522.25,18522.75,178
2025-01-03T03:12:00+00:00,18522.75,18524.5,18521.5,18523.25,134
2025-01-03T03:13:00+00:00,18523.25,18524.75,18522.75,18523.5,421
2025-01-03T03:14:00+00:00,18523.5,18524.25,18519.25,18520.5,96
2025-01-03T03:15:00+00:00,18520.5,18520.5,18517.25,18517.5,294
2025-01-03T03:16:00+00:00,18517.5,18518.5,18516.75,18517.0,315
2025-01-03T03:17:00+00:00,18517.0,18519.75,18517.0,18519.75,406
2025-01-03T03:18:00+00:00,18519.75,18521.25,18517.5,18518.25,405
2025-01-03T03:19:00+00:00,18518.25,18519.0,18518.0,18519.0,246
2025-01-03T03:20:00+00:00,18519.0,18519.0,18518.0,18518.5,238
2025-01-03T03:21:00+00:00,18518.5,18519.25,18515.75,18517.25,466
2025-01-03T03:22:00+00:00,18517.25,18517.25,18515.5,18516.5,338
2025-01-03T03:23:00+00:00,18516.5,18517.25,18515.75,18516.25,419
2025-01-03T03:24:00+00:00,18516.25,18517.0,18514.25,18515.25,401
2025-01-03T03:25:00+00:00,18515.25,18515.25,18513.25,18513.25,121
2025-01-03T03:26:00+00:00,18513.25,18514.25,18512.5,18513.75,211
2025-01-03T03:27:00+00:00,18513.75,18514.25,18511.75,18513.0,93
2025-01-03T03:28:00+00:00,18513.0,18515.5,18511.75,18514.0,63
2025-01-03T03:29:00+00:00,18514.0,18517.0,18513.0,18516.75,360
2025-01-03T03:30:00+00:00,18516.75,18518.0,18513.75,18514.5,201
2025-01-03T03:31:00+00:00,18514.5,18516.0,18510.25,18511.75,172
2025-01-03T03:32:00+00:00,18511.75,18513.75,18511.5,18513.75,305
2025-01-03T03:33:00+00:00,18513.75,18514.75,18511.0,18511.0,234
2025-01-03T03:34:00+00:00,18511.0,18511.75,18508.0,18509.5,479
2025-01-03T03:35:00+00:00,18509.5,18512.5,18508.5,18512.0,399
2025-01-03T03:36:00+00:00,18512.0,18514.25,18512.0,18512.75,58
2025-01-03T03:37:00+00:00,18512.75,18512.75,18509.75,18510.25,160
2025-01-03T03:38:00+00:00,18510.25,18511.75,18509.25,18510.0,309
2025-01-03T03:39:00+00:00,18510.0,18512.0,18508.75,18511.25,255
2025-01-03T03:40:00+00:00,18511.25,18511.75,18510.75,18510.75,208
2025-01-03T03:41:00+00:00,18510.75,18512.25,18510.0,18510.25,324
2025-01-03T03:42:00+00:00,18510.25,18512.75,18509.0,18511.75,440
2025-01-03T03:43:00+00:00,18511.75,18512.25,18507.75,18509.0,273
2025-01-03T03:44:00+00:00,18509.0,18509.0,18505.75,18506.0,94
2025-01-03T03:45:00+00:00,18506.0,18506.75,18503.25,18504.25,361
2025-01-03T03:46:00+00:00,18504.25,18505.75,18503.0,18504.5,386
2025-01-03T03:47:00+00:00,18504.5,18504.5,18501.5,18501.5,412
2025-01-03T03:48:00+00:00,18501.5,18501.75,18500.0,18500.75,227
2025-01-03T03:49:00+00:00,18500.75,18503.25,18500.25,18503.0,114
2025-01-03T03:50:00+00:00,18503.0,18507.25,18503.0,18506.0,444
2025-01-03T03:51:00+00:00,18506.0,18507.75,18505.25,18506.25,189
2025-01-03T03:52:00+00:00,18506.25,18506.75,18502.75,18504.0,345
2025-01-03T03:53:00+00:00,18504.0,18504.75,18500.5,18501.25,311
2025-01-03T03:54:00+00:00,18501.25,18502.0,18498.25,18499.75,340
2025-01-03T03:55:00+00:00,18499.75,18500.75,18499.25,18500.5,445
2025-01-03T03:56:00+00:00,18500.5,18500.75,18498.75,18500.0,310
2025-01-03T03:57:00+00:00,18500.0,18501.5,18498.25,18499.75,56
2025-01-03T03:58:00+00:00,18499.75,18500.5,18498.25,18498.75,246
2025-01-03T03:59:00+00:00,18498.75,18500.25,18498.0,18498.0,333
2025-01-03T04:00:00+00:00,18498.0,18501.25,18497.5,18501.0,177
2025-01-03T04:01:00+00:00,18501.0,18503.25,18499.5,18502.75,89
2025-01-03T04:02:00+00:00,18502.75,18505.25,18501.75,18505.25,394
2025-01-03T04:03:00+00:00,18505.25,18505.5,18503.5,18505.0,314
2025-01-03T04:04:00+00:00,18505.0,18505.25,18504.25,18505.25,493
2025-01-03T04:05:00+00:00,18505.25,18507.0,18505.25,18506.5,333
2025-01-03T04:06:00+00:00,18506.5,18507.0,18504.25,18504.5,199
2025-01-03T04:07:00+00:00,18504.5,18508.25,18503.5,18507.0,174
2025-01-03T04:08:00+00:00,18507.0,18510.0,18506.25,18509.0,445
2025-01-03T04:09:00+00:00,18509.0,18509.25,18508.0,18508.0,259
2025-01-03T04:10:00+00:00,18508.0,18509.0,18507.25,18507.75,375
2025-01-03T04:11:00+00:00,18507.75,18508.25,18504.75,18504.75,438
2025-01-03T04:12:00+00:00,18504.75,18509.0,18503.5,18507.5,422
2025-01-03T04:13:00+00:00,18507.5,18507.75,18505.25,18506.25,171
2025-01-03T04:14:00+00:00,18506.25,18508.0,18506.0,18508.0,414
2025-01-03T04:15:00+00:00,18508.0,18508.0,18506.5,18506.75,482
2025-01-03T04:16:00+00:00,18506.75,18510.25,18506.25,18509.0,284
2025-01-03T04:17:00+00:00,18509.0,18510.0,18506.0,18506.0,308
2025-01-03T04:18:00+00:00,18506.0,18506.75,18505.0,18506.75,340
2025-01-03T04:19:00+00:00,18506.75,18508.25,18506.5,18507.0,171
2025-01-03T04:20:00+00:00,18507.0,18509.75,18506.5,18508.25,460
2025-01-03T04:21:00+00:00,18508.25,18510.5,18507.5,18510.0,189
2025-01-03T04:22:00+00:00,18510.0,18510.25,18508.75,18509.0,449
2025-01-03T04:23:00+00:00,18509.0,18509.25,18506.5,18506.5,134
2025-01-03T04:24:00+00:00,18506.5,18509.0,18505.75,18508.5,111
2025-01-03T04:25:00+00:00,18508.5,18512.25,18508.25,18510.75,281
2025-01-03T04:26:00+00:00,18510.75,18512.5,18509.25,18512.0,111
2025-01-03T04:27:00+00:00,18512.0,18513.5,18510.25,18511.5,205
2025-01-03T04:28:00+00:00,18511.5,18511.75,18507.0,18508.5,488
2025-01-03T04:29:00+00:00,18508.5,18508.5,18505.75,18507.0,177
2025-01-03T04:30:00+00:00,18507.0,18509.5,18507.0,18508.5,396
2025-01-03T04:31:00+00:00,18508.5,18511.25,18508.25,18509.75,65
2025-01-03T04:32:00+00:00,18509.75,18512.5,18508.5,18511.5,331
2025-01-03T04:33:00+00:00,18511.5,18512.25,18510.5,18510.5,461
2025-01-03T04:34:00+00:00,18510.5,18510.5,18509.75,18509.75,475
2025-01-03T04:35:00+00:00,18509.75,18510.0,18507.25,18508.75,255
2025-01-03T04:36:00+00:00,18508.75,18509.75,18506.25,18507.25,182
2025-01-03T04:37:00+00:00,18507.25,18507.25,18506.5,18506.75,380
2025-01-03T04:38:00+00:00,18506.75,18506.75,18503.25,18504.75,474
2025-01-03T04:39:00+00:00,18504.75,18504.75,18502.5,18503.25,75
2025-01-03T04:40:00+00:00,18503.25,18505.5,18502.0,18504.0,252
2025-01-03T04:41:00+00:00,18504.0,18504.75,18500.75,18502.0,268
2025-01-03T04:42:00+00:00,18502.0,18503.0,18501.75,18502.75,190
2025-01-03T04:43:00+00:00,18502.75,18504.25,18502.75,18504.0,364
2025-01-03T04:44:00+00:00,18504.0,18505.25,18501.0,18501.5,305
2025-01-03T04:45:00+00:00,18501.5,18503.25,18501.5,18503.25,193
2025-01-03T04:46:00+00:00,18503.25,18504.0,18501.25,18501.5,379
2025-01-03T04:47:00+00:00,18501.5,18502.75,18497.75,18499.25,328
2025-01-03T04:48:00+00:00,18499.25,18501.0,18498.0,18499.5,233
2025-01-03T04:49:00+00:00,18499.5,18502.0,18498.5,18501.5,307
2025-01-03T04:50:00+00:00,18501.5,18503.5,18501.25,18503.0,63
2025-01-03T04:51:00+00:00,18503.0,18503.0,18500.0,18501.5,448
2025-01-03T04:52:00+00:00,18501.5,18503.0,18499.5,18500.25,321
2025-01-03T04:53:00+00:00,18500.25,18500.5,18498.75,18498.75,176
2025-01-03T04:54:00+00:00,18498.75,18499.25,18495.0,18496.0,467
2025-01-03T04:55:00+00:00,18496.0,18497.5,18492.75,18493.0,344
2025-01-03T04:56:00+00:00,18493.0,18496.25,18491.5,18494.75,138
2025-01-03T04:57:00+00:00,18494.75,18495.75,18493.5,18494.0,462
2025-01-03T04:58:00+00:00,18494.0,18498.0,18494.0,18497.0,410
2025-01-03T04:59:00+00:00,18497.0,18501.0,18496.0,18500.0,122
2025-01-03T05:00:00+00:00,18500.0,18501.5,18496.0,18497.5,302
2025-01-03T05:01:00+00:00,18497.5,18500.0,18496.75,18499.75,69
2025-01-03T05:02:00+00:00,18499.75,18500.0,18498.25,18499.25,162
2025-01-03T05:03:00+00:00,18499.25,18499.5,18498.75,18499.5,364
2025-01-03T05:04:00+00:00,18499.5,18500.0,18497.25,18498.5,140
2025-01-03T05:05:00+00:00,18498.5,18498.5,18496.75,18497.0,350
2025-01-03T05:06:00+00:00,18497.0,18498.5,18494.0,18494.0,483
2025-01-03T05:07:00+00:00,18494.0,18496.25,18493.5,18496.25,410
2025-01-03T05:08:00+00:00,18496.25,18500.0,18496.25,18499.0,222
2025-01-03T05:09:00+00:00,18499.0,18500.5,18498.75,18500.25,424
2025-01-03T05:10:00+00:00,18500.25,18503.25,18499.75,18502.0,139
2025-01-03T05:11:00+00:00,18502.0,18505.25,18500.75,18505.0,351
2025-01-03T05:12:00+00:00,18505.0,18506.25,18503.75,18505.75,402
2025-01-03T05:13:00+00:00,18505.75,18506.0,18503.25,18504.5,50
2025-01-03T05:14:00+00:00,18504.5,18509.0,18503.0,18507.5,340
2025-01-03T05:15:00+00:00,18507.5,18508.5,18506.75,18507.25,464
2025-01-03T05:16:00+00:00,18507.25,18508.5,18503.75,18504.75,103
2025-01-03T05:17:00+00:00,18504.75,18505.25,18501.5,18502.75,89
2025-01-03T05:18:00+00:00,18502.75,18504.25,18502.5,18503.75,375
2025-01-03T05:19:00+00:00,18503.75,18505.0,18503.75,18504.25,185
2025-01-03T05:20:00+00:00,18504.25,18505.5,18503.25,18503.25,229
2025-01-03T05:21:00+00:00,18503.25,18504.5,18502.0,18502.0,74
2025-01-03T05:22:00+00:00,18502.0,18505.0,18501.25,18503.75,135
2025-01-03T05:23:00+00:00,18503.75,18506.25,18503.25,18505.5,329
2025-01-03T05:24:00+00:00,18505.5,18507.0,18503.0,18503.75,453
2025-01-03T05:25:00+00:00,18503.75,18504.0,18500.5,18501.25,87
2025-01-03T05:26:00+00:00,18501.25,18501.5,18500.75,18501.5,183
2025-01-03T05:27:00+00:00,18501.5,18502.0,18500.75,18501.0,242
2025-01-03T05:28:00+00:00,18501.0,18502.0,18500.25,18500.25,223
2025-01-03T05:29:00+00:00,18500.25,18504.0,18500.25,18502.75,270
2025-01-03T05:30:00+00:00,18502.75,18503.75,18499.25,18500.0,130
2025-01-03T05:31:00+00:00,18500.0,18500.5,18499.5,18499.75,147
2025-01-03T05:32:00+00:00,18499.75,18502.75,18499.25,18501.5,202
2025-01-03T05:33:00+00:00,18501.5,18501.5,18499.75,18500.5,342
2025-01-03T05:34:00+00:00,18500.5,18503.0,18500.5,18502.75,234
2025-01-03T05:35:00+00:00,18502.75,18503.0,18502.25,18503.0,471
2025-01-03T05:36:00+00:00,18503.0,18506.0,18503.0,18505.75,63
2025-01-03T05:37:00+00:00,18505.75,18507.0,18504.25,18504.75,91
2025-01-03T05:38:00+00:00,18504.75,18505.25,18501.25,18502.75,253
2025-01-03T05:39:00+00:00,18502.75,18506.0,18502.25,18504.75,96
2025-01-03T05:40:00+00:00,18504.75,18507.75,18504.25,18507.5,245
2025-01-03T05:41:00+00:00,18507.5,18508.25,18506.0,18506.0,184
2025-01-03T05:42:00+00:00,18506.0,18508.5,18505.75,18508.0,478
2025-01-03T05:43:00+00:00,18508.0,18508.25,18505.25,18506.75,406
2025-01-03T05:44:00+00:00,18506.75,18506.75,18502.75,18504.0,226
2025-01-03T05:45:00+00:00,18504.0,18507.75,18503.0,18506.25,166
2025-01-03T05:46:00+00:00,18506.25,18507.75,18503.25,18504.0,469
2025-01-03T05:47:00+00:00,18504.0,18507.25,18502.75,18506.25,493
2025-01-03T05:48:00+00:00,18506.25,18507.0,18503.75,18504.25,90
2025-01-03T05:49:00+00:00,18504.25,18505.25,18501.5,18502.5,314
2025-01-03T05:50:00+00:00,18502.5,18502.5,18498.5,18500.0,279
2025-01-03T05:51:00+00:00,18500.0,18500.25,18497.75,18499.25,148
2025-01-03T05:52:00+00:00,18499.25,18500.0,18498.5,18498.5,399
2025-01-03T05:53:00+00:00,18498.5,18500.0,18495.5,18496.75,125
2025-01-03T05:54:00+00:00,18496.75,18499.75,18495.5,18499.25,463
2025-01-03T05:55:00+00:00,18499.25,18500.0,18497.75,18498.75,253
2025-01-03T05:56:00+00:00,18498.75,18502.5,18498.25,18501.0,316
2025-01-03T05:57:00+00:00,18501.0,18502.5,18497.75,18499.0,369
2025-01-03T05:58:00+00:00,18499.0,18501.5,18498.25,18501.5,126
2025-01-03T05:59:00+00:00,18501.5,18501.5,18499.75,18500.75,449
2025-01-03T06:00:00+00:00,18500.75,18502.75,18499.75,18501.25,500
2025-01-03T06:01:00+00:00,18501.25,18503.25,18500.5,18502.75,385
2025-01-03T06:02:00+00:00,18502.75,18504.75,18502.5,18504.75,191
2025-01-03T06:03:00+00:00,18504.75,18505.75,18502.0,18503.0,398
2025-01-03T06:04:00+00:00,18503.0,18506.0,18502.25,18506.0,500
2025-01-03T06:05:00+00:00,18506.0,18506.0,18503.25,18504.5,293
2025-01-03T06:06:00+00:00,18504.5,18505.75,18504.0,18505.75,468
2025-01-03T06:07:00+00:00,18505.75,18507.5,18504.25,18507.0,301
2025-01-03T06:08:00+00:00,18507.0,18508.5,18503.75,18504.0,118
2025-01-03T06:09:00+00:00,18504.0,18506.75,18502.5,18505.25,214
2025-01-03T06:10:00+00:00,18505.25,18507.5,18504.0,18506.5,95
2025-01-03T06:11:00+00:00,18506.5,18507.75,18505.0,18507.5,258
2025-01-03T06:12:00+00:00,18507.5,18512.0,18506.5,18510.5,494
2025-01-03T06:13:00+00:00,18510.5,18511.5,18507.5,18509.0,131
2025-01-03T06:14:00+00:00,18509.0,18510.75,18508.0,18509.5,256
2025-01-03T06:15:00+00:00,18509.5,18509.75,18508.5,18508.75,498
2025-01-03T06:16:00+00:00,18508.75,18509.0,18507.75,18507.75,283
2025-01-03T06:17:00+00:00,18507.75,18509.25,18507.5,18508.0,190
2025-01-03T06:18:00+00:00,18508.0,18510.5,18507.25,18509.5,375
2025-01-03T06:19:00+00:00,18509.5,18509.75,18508.5,18509.0,300
2025-01-03T06:20:00+00:00,18509.0,18511.75,18507.5,18511.5,292
2025-01-03T06:21:00+00:00,18511.5,18514.5,18511.25,18514.0,478
2025-01-03T06:22:00+00:00,18514.0,18514.5,18512.75,18512.75,247
2025-01-03T06:23:00+00:00,18512.75,18514.25,18511.5,18512.5,449
2025-01-03T06:24:00+00:00,18512.5,18513.75,18511.25,18511.5,396
2025-01-03T06:25:00+00:00,18511.5,18513.75,18510.75,18512.5,312
2025-01-03T06:26:00+00:00,18512.5,18513.25,18512.0,18512.25,381
2025-01-03T06:27:00+00:00,18512.25,18512.5,18511.0,18511.5,361
2025-01-03T06:28:00+00:00,18511.5,18513.5,18510.75,18512.75,486
2025-01-03T06:29:00+00:00,18512.75,18514.75,18512.5,18514.25,288
2025-01-03T06:30:00+00:00,18514.25,18516.5,18514.25,18515.5,53
2025-01-03T06:31:00+00:00,18515.5,18518.75,18514.25,18517.75,354
2025-01-03T06:32:00+00:00,18517.75,18520.75,18516.5,18520.25,105
2025-01-03T06:33:00+00:00,18520.25,18520.75,18517.75,18518.25,377
2025-01-03T06:34:00+00:00,18518.25,18520.25,18517.0,18519.75,414
2025-01-03T06:35:00+00:00,18519.75,18522.75,18519.5,18522.5,314
2025-01-03T06:36:00+00:00,18522.5,18524.0,18520.0,18521.5,460
2025-01-03T06:37:00+00:00,18521.5,18525.25,18521.0,18524.0,398
2025-01-03T06:38:00+00:00,18524.0,18525.25,18522.5,18523.25,201
2025-01-03T06:39:00+00:00,18523.25,18525.25,18522.5,18524.5,427
2025-01-03T06:40:00+00:00,18524.5,18525.0,18523.0,18524.25,415
2025-01-03T06:41:00+00:00,18524.25,18526.5,18523.75,18525.25,309
2025-01-03T06:42:00+00:00,18525.25,18526.75,18522.75,18524.0,498
2025-01-03T06:43:00+00:00,18524.0,18524.5,18521.75,18521.75,291
2025-01-03T06:44:00+00:00,18521.75,18523.75,18520.25,18522.5,336
2025-01-03T06:45:00+00:00,18522.5,18524.5,18522.5,18523.25,163
2025-01-03T06:46:00+00:00,18523.25,18524.5,18520.25,18521.75,207
2025-01-03T06:47:00+00:00,18521.75,18524.0,18521.25,18523.5,349
2025-01-03T06:48:00+00:00,18523.5,18526.25,18523.5,18524.75,290
2025-01-03T06:49:00+00:00,18524.75,18525.5,18524.25,18524.5,306
2025-01-03T06:50:00+00:00,18524.5,18526.0,18524.0,18525.0,261
2025-01-03T06:51:00+00:00,18525.0,18525.25,18524.5,18524.75,225
2025-01-03T06:52:00+00:00,18524.75,18526.75,18524.25,18526.5,491
2025-01-03T06:53:00+00:00,18526.5,18528.0,18523.5,18523.5,299
2025-01-03T06:54:00+00:00,18523.5,18524.0,18520.75,18522.0,79
2025-01-03T06:55:00+00:00,18522.0,18522.75,18521.75,18522.25,439
2025-01-03T06:56:00+00:00,18522.25,18523.0,18520.0,18521.5,440
2025-01-03T06:57:00+00:00,18521.5,18522.5,18520.25,18521.0,374
2025-01-03T06:58:00+00:00,18521.0,18523.5,18520.25,18522.75,246
2025-01-03T06:59:00+00:00,18522.75,18523.75,18522.25,18522.5,424
2025-01-03T07:00:00+00:00,18522.5,18523.0,18519.5,18521.0,476
2025-01-03T07:01:00+00:00,18521.0,18521.0,18517.5,18518.75,52
2025-01-03T07:02:00+00:00,18518.75,18519.0,18514.75,18516.0,499
2025-01-03T07:03:00+00:00,18516.0,18517.75,18516.0,18517.5,246
2025-01-03T07:04:00+00:00,18517.5,18520.0,18517.5,18519.75,471
2025-01-03T07:05:00+00:00,18519.75,18520.5,18519.0,18520.0,422
2025-01-03T07:06:00+00:00,18520.0,18523.0,18518.75,18522.25,118
2025-01-03T07:07:00+00:00,18522.25,18524.25,18520.75,18523.75,146
2025-01-03T07:08:00+00:00,18523.75,18524.5,18523.5,18524.5,164
2025-01-03T07:09:00+00:00,18524.5,18524.75,18520.25,18521.5,61
2025-01-03T07:10:00+00:00,18521.5,18521.5,18518.5,18519.0,414
2025-01-03T07:11:00+00:00,18519.0,18519.75,18515.0,18516.25,180
2025-01-03T07:12:00+00:00,18516.25,18517.25,18514.0,18514.0,388
2025-01-03T07:13:00+00:00,18514.0,18514.0,18512.25,18513.5,109
2025-01-03T07:14:00+00:00,18513.5,18516.0,18513.5,18515.25,330
2025-01-03T07:15:00+00:00,18515.25,18517.75,18515.0,18516.5,155
2025-01-03T07:16:00+00:00,18516.5,18517.0,18512.75,18513.5,388
2025-01-03T07:17:00+00:00,18513.5,18515.0,18512.5,18514.0,408
2025-01-03T07:18:00+00:00,18514.0,18516.25,18514.0,18514.75,311
2025-01-03T07:19:00+00:00,18514.75,18515.25,18511.75,18511.75,451
2025-01-03T07:20:00+00:00,18511.75,18512.5,18510.75,18512.25,152
2025-01-03T07:21:00+00:00,18512.25,18512.75,18509.75,18511.0,259
2025-01-03T07:22:00+00:00,18511.0,18511.0,18508.75,18509.75,304
2025-01-03T07:23:00+00:00,18509.75,18511.25,18509.5,18510.75,51
2025-01-03T07:24:00+00:00,18510.75,18510.75,18509.0,18510.5,343
2025-01-03T07:25:00+00:00,18510.5,18513.5,18510.5,18513.25,449
2025-01-03T07:26:00+00:00,18513.25,18514.5,18509.75,18511.0,101
2025-01-03T07:27:00+00:00,18511.0,18511.75,18509.25,18509.75,185
2025-01-03T07:28:00+00:00,18509.75,18509.75,18506.25,18507.75,139
2025-01-03T07:29:00+00:00,18507.75,18508.5,18506.25,18508.0,396
2025-01-03T07:30:00+00:00,18508.0,18510.75,18508.0,18509.5,98
2025-01-03T07:31:00+00:00,18509.5,18511.0,18509.0,18509.25,389
2025-01-03T07:32:00+00:00,18509.25,18509.75,18506.0,18506.5,274
2025-01-03T07:33:00+00:00,18506.5,18510.25,18506.5,18509.0,240
2025-01-03T07:34:00+00:00,18509.0,18509.0,18506.75,18507.5,254
2025-01-03T07:35:00+00:00,18507.5,18511.0,18506.75,18509.5,403
2025-01-03T07:36:00+00:00,18509.5,18512.75,18508.0,18511.5,135
2025-01-03T07:37:00+00:00,18511.5,18512.75,18509.75,18511.0,80
2025-01-03T07:38:00+00:00,18511.0,18511.75,18509.25,18510.25,297
2025-01-03T07:39:00+00:00,18510.25,18513.0,18509.25,18512.75,244
2025-01-03T07:40:00+00:00,18512.75,18514.25,18510.0,18511.25,500
2025-01-03T07:41:00+00:00,18511.25,18512.0,18507.5,18508.25,107
2025-01-03T07:42:00+00:00,18508.25,18510.0,18508.25,18510.0,183
2025-01-03T07:43:00+00:00,18510.0,18512.75,18508.75,18512.75,494
2025-01-03T07:44:00+00:00,18512.75,18514.0,18508.5,18510.0,223
2025-01-03T07:45:00+00:00,18510.0,18510.75,18506.5,18507.75,422
2025-01-03T07:46:00+00:00,18507.75,18509.25,18506.5,18508.75,396
2025-01-03T07:47:00+00:00,18508.75,18511.75,18507.25,18511.5,473
2025-01-03T07:48:00+00:00,18511.5,18511.5,18508.0,18509.25,130
2025-01-03T07:49:00+00:00,18509.25,18513.0,18508.5,18511.5,495
2025-01-03T07:50:00+00:00,18511.5,18513.0,18510.0,18510.75,214
2025-01-03T07:51:00+00:00,18510.75,18512.25,18510.75,18511.75,309
2025-01-03T07:52:00+00:00,18511.75,18513.5,18510.25,18512.75,170
2025-01-03T07:53:00+00:00,18512.75,18514.0,18511.25,18513.25,343
2025-01-03T07:54:00+00:00,18513.25,18514.75,18510.5,18511.25,278
2025-01-03T07:55:00+00:00,18511.25,18512.0,18508.5,18509.75,384
2025-01-03T07:56:00+00:00,18509.75,18510.5,18508.75,18509.5,68
2025-01-03T07:57:00+00:00,18509.5,18511.0,18507.25,18507.25,455
2025-01-03T07:58:00+00:00,18507.25,18510.75,18506.25,18509.75,155
2025-01-03T07:59:00+00:00,18509.75,18513.0,18509.25,18512.5,472
2025-01-03T08:00:00+00:00,18512.5,18514.0,18511.5,18512.25,219
2025-01-03T08:01:00+00:00,18512.25,18515.75,18511.0,18514.5,236
2025-01-03T08:02:00+00:00,18514.5,18517.5,18514.5,18517.5,438
2025-01-03T08:03:00+00:00,18517.5,18517.5,18514.25,18514.75,231
2025-01-03T08:04:00+00:00,18514.75,18518.5,18513.75,18517.5,241
2025-01-03T08:05:00+00:00,18517.5,18517.5,18514.25,18514.5,302
2025-01-03T08:06:00+00:00,18514.5,18515.25,18514.0,18515.25,362
2025-01-03T08:07:00+00:00,18515.25,18515.25,18512.75,18514.25,251
2025-01-03T08:08:00+00:00,18514.25,18516.75,18512.75,18515.25,147
2025-01-03T08:09:00+00:00,18515.25,18518.25,18513.75,18518.25,262
2025-01-03T08:10:00+00:00,18518.25,18519.75,18517.25,18518.0,284
2025-01-03T08:11:00+00:00,18518.0,18518.75,18515.25,18515.25,321
2025-01-03T08:12:00+00:00,18515.25,18516.25,18511.5,18512.25,479
2025-01-03T08:13:00+00:00,18512.25,18515.75,18510.75,18514.75,140
2025-01-03T08:14:00+00:00,18514.75,18516.0,18510.25,18511.75,115
2025-01-03T08:15:00+00:00,18511.75,18513.5,18510.75,18512.25,360
2025-01-03T08:16:00+00:00,18512.25,18514.5,18511.25,18513.75,404
2025-01-03T08:17:00+00:00,18513.75,18515.5,18513.25,18514.75,200
2025-01-03T08:18:00+00:00,18514.75,18515.0,18512.0,18512.75,358
2025-01-03T08:19:00+00:00,18512.75,18517.25,18511.5,18515.75,330
2025-01-03T08:20:00+00:00,18515.75,18516.0,18514.0,18514.25,369
2025-01-03T08:21:00+00:00,18514.25,18518.5,18513.75,18517.25,394
2025-01-03T08:22:00+00:00,18517.25,18518.25,18515.5,18516.5,405
2025-01-03T08:23:00+00:00,18516.5,18520.5,18516.5,18519.25,439
2025-01-03T08:24:00+00:00,18519.25,18521.75,18518.25,18520.75,391
2025-01-03T08:25:00+00:00,18520.75,18525.0,18519.5,18523.75,480
2025-01-03T08:26:00+00:00,18523.75,18527.5,18523.0,18526.0,463
2025-01-03T08:27:00+00:00,18526.0,18526.0,18525.0,18525.75,124
2025-01-03T08:28:00+00:00,18525.75,18526.0,18525.0,18525.5,434
2025-01-03T08:29:00+00:00,18525.5,18527.5,18525.0,18526.25,124
2025-01-03T08:30:00+00:00,18526.25,18526.75,18524.75,18526.5,327
2025-01-03T08:31:00+00:00,18526.5,18528.25,18525.75,18526.75,102
2025-01-03T08:32:00+00:00,18526.75,18528.0,18523.0,18524.25,337
2025-01-03T08:33:00+00:00,18524.25,18525.25,18521.0,18522.5,457
2025-01-03T08:34:00+00:00,18522.5,18526.75,18521.25,18525.5,74
2025-01-03T08:35:00+00:00,18525.5,18528.0,18524.0,18527.25,400
2025-01-03T08:36:00+00:00,18527.25,18527.25,18524.5,18525.75,178
2025-01-03T08:37:00+00:00,18525.75,18528.25,18525.5,18526.75,374
2025-01-03T08:38:00+00:00,18526.75,18531.25,18525.75,18529.75,329
2025-01-03T08:39:00+00:00,18529.75,18531.25,18525.5,18526.75,149
2025-01-03T08:40:00+00:00,18526.75,18528.25,18525.5,18528.0,88
2025-01-03T08:41:00+00:00,18528.0,18529.25,18526.25,18527.25,111
2025-01-03T08:42:00+00:00,18527.25,18528.0,18525.0,18525.5,334
2025-01-03T08:43:00+00:00,18525.5,18525.75,18523.25,18524.25,483
2025-01-03T08:44:00+00:00,18524.25,18524.75,18522.25,18523.0,413
2025-01-03T08:45:00+00:00,18523.0,18523.25,18521.75,18522.25,355
2025-01-03T08:46:00+00:00,18522.25,18523.25,18520.75,18522.5,343
2025-01-03T08:47:00+00:00,18522.5,18524.75,18521.0,18524.75,412
2025-01-03T08:48:00+00:00,18524.75,18525.0,18522.25,18523.25,84
2025-01-03T08:49:00+00:00,18523.25,18524.0,18520.0,18521.0,324
2025-01-03T08:50:00+00:00,18521.0,18521.5,18519.0,18519.25,159
2025-01-03T08:51:00+00:00,18519.25,18522.5,18518.75,18522.0,200
2025-01-03T08:52:00+00:00,18522.0,18524.0,18520.5,18523.0,435
2025-01-03T08:53:00+00:00,18523.0,18523.0,18519.0,18520.25,227
2025-01-03T08:54:00+00:00,18520.25,18521.5,18517.25,18518.25,368
2025-01-03T08:55:00+00:00,18518.25,18519.5,18516.75,18517.25,245
2025-01-03T08:56:00+00:00,18517.25,18518.25,18516.25,18517.75,420
2025-01-03T08:57:00+00:00,18517.75,18518.75,18515.0,18516.5,444
2025-01-03T08:58:00+00:00,18516.5,18518.75,18516.5,18518.0,201
2025-01-03T08:59:00+00:00,18518.0,18518.5,18514.25,18515.25,92
2025-01-03T09:00:00+00:00,18515.25,18516.75,18513.75,18514.75,323
2025-01-03T09:01:00+00:00,18514.75,18515.0,18513.25,18514.5,372
2025-01-03T09:02:00+00:00,18514.5,18517.0,18514.5,18515.5,155
2025-01-03T09:03:00+00:00,18515.5,18519.0,18514.0,18517.75,86
2025-01-03T09:04:00+00:00,18517.75,18517.75,18514.0,18514.75,417
2025-01-03T09:05:00+00:00,18514.75,18514.75,18513.25,18513.25,77
2025-01-03T09:06:00+00:00,18513.25,18515.0,18513.25,18514.0,344
2025-01-03T09:07:00+00:00,18514.0,18515.75,18513.25,18515.0,280
2025-01-03T09:08:00+00:00,18515.0,18518.5,18514.5,18517.75,58
2025-01-03T09:09:00+00:00,18517.75,18518.75,18516.0,18516.0,378
2025-01-03T09:10:00+00:00,18516.0,18517.5,18511.75,18513.0,349
2025-01-03T09:11:00+00:00,18513.0,18513.5,18511.75,18512.75,104
2025-01-03T09:12:00+00:00,18512.75,18515.0,18512.75,18514.0,194
2025-01-03T09:13:00+00:00,18514.0,18516.75,18512.5,18516.0,388
2025-01-03T09:14:00+00:00,18516.0,18516.5,18515.0,18516.25,162
2025-01-03T09:15:00+00:00,18516.25,18518.5,18514.75,18517.0,484
2025-01-03T09:16:00+00:00,18517.0,18520.5,18516.75,18519.25,202
2025-01-03T09:17:00+00:00,18519.25,18522.0,18518.25,18522.0,497
2025-01-03T09:18:00+00:00,18522.0,18522.0,18519.75,18519.75,52
2025-01-03T09:19:00+00:00,18519.75,18523.25,18518.75,18522.25,93
2025-01-03T09:20:00+00:00,18522.25,18523.5,18519.75,18521.0,421
2025-01-03T09:21:00+00:00,18521.0,18521.75,18518.25,18519.5,485
2025-01-03T09:22:00+00:00,18519.5,18519.75,18517.0,18517.25,163
2025-01-03T09:23:00+00:00,18517.25,18520.0,18517.25,18519.75,142
2025-01-03T09:24:00+00:00,18519.75,18521.25,18515.5,18517.0,331
2025-01-03T09:25:00+00:00,18517.0,18517.5,18513.75,18515.0,84
2025-01-03T09:26:00+00:00,18515.0,18515.25,18512.5,18513.75,347
2025-01-03T09:27:00+00:00,18513.75,18516.25,18513.5,18515.75,393
2025-01-03T09:28:00+00:00,18515.75,18515.75,18512.5,18513.0,367
2025-01-03T09:29:00+00:00,18513.0,18513.5,18511.75,18512.5,280
2025-01-03T09:30:00+00:00,18512.5,18515.25,18511.5,18514.0,128
2025-01-03T09:31:00+00:00,18514.0,18518.0,18513.5,18516.5,269
2025-01-03T09:32:00+00:00,18516.5,18517.0,18515.5,18515.75,452
2025-01-03T09:33:00+00:00,18515.75,18517.25,18514.25,18516.75,234
2025-01-03T09:34:00+00:00,18516.75,18518.25,18516.0,18517.5,278
2025-01-03T09:35:00+00:00,18517.5,18519.75,18516.5,18519.0,105
2025-01-03T09:36:00+00:00,18519.0,18520.5,18517.75,18518.25,489
2025-01-03T09:37:00+00:00,18518.25,18518.75,18516.25,18517.5,370
2025-01-03T09:38:00+00:00,18517.5,18517.5,18515.5,18517.0,309
2025-01-03T09:39:00+00:00,18517.0,18518.5,18513.25,18514.25,346
2025-01-03T09:40:00+00:00,18514.25,18514.25,18511.5,18512.5,183
2025-01-03T09:41:00+00:00,18512.5,18516.0,18511.0,18514.75,126
2025-01-03T09:42:00+00:00,18514.75,18516.5,18513.25,18516.25,351
2025-01-03T09:43:00+00:00,18516.25,18519.5,18515.5,18519.25,306
2025-01-03T09:44:00+00:00,18519.25,18520.0,18516.5,18517.0,307
2025-01-03T09:45:00+00:00,18517.0,18518.5,18515.25,18516.75,364
2025-01-03T09:46:00+00:00,18516.75,18518.25,18513.0,18514.0,121
2025-01-03T09:47:00+00:00,18514.0,18514.25,18511.0,18512.0,339
2025-01-03T09:48:00+00:00,18512.0,18513.25,18508.0,18509.25,297
2025-01-03T09:49:00+00:00,18509.25,18509.5,18506.25,18507.75,299
2025-01-03T09:50:00+00:00,18507.75,18508.25,18506.25,18506.75,169
2025-01-03T09:51:00+00:00,18506.75,18507.75,18505.0,18506.5,234
2025-01-03T09:52:00+00:00,18506.5,18509.0,18506.5,18508.25,70
2025-01-03T09:53:00+00:00,18508.25,18511.0,18507.0,18511.0,316
2025-01-03T09:54:00+00:00,18511.0,18515.25,18509.75,18513.75,184
2025-01-03T09:55:00+00:00,18513.75,18514.5,18510.0,18511.25,243
2025-01-03T09:56:00+00:00,18511.25,18512.25,18509.25,18509.75,242
2025-01-03T09:57:00+00:00,18509.75,18511.25,18508.25,18510.75,494
2025-01-03T09:58:00+00:00,18510.75,18513.75,18510.0,18512.25,359
2025-01-03T09:59:00+00:00,18512.25,18513.0,18511.75,18512.0,167
2025-01-03T10:00:00+00:00,18512.0,18512.75,18511.75,18512.5,145
2025-01-03T10:01:00+00:00,18512.5,18514.25,18511.25,18513.25,468
2025-01-03T10:02:00+00:00,18513.25,18514.0,18511.25,18512.75,219
2025-01-03T10:03:00+00:00,18512.75,18513.5,18508.5,18509.75,295
2025-01-03T10:04:00+00:00,18509.75,18510.75,18507.5,18507.75,381
2025-01-03T10:05:00+00:00,18507.75,18508.0,18506.0,18506.0,115
2025-01-03T10:06:00+00:00,18506.0,18506.25,18502.25,18503.5,312
2025-01-03T10:07:00+00:00,18503.5,18503.5,18503.0,18503.25,182
2025-01-03T10:08:00+00:00,18503.25,18505.0,18502.25,18504.0,376
2025-01-03T10:09:00+00:00,18504.0,18504.25,18503.75,18504.25,279
2025-01-03T10:10:00+00:00,18504.25,18508.25,18503.5,18506.75,137
2025-01-03T10:11:00+00:00,18506.75,18508.75,18506.5,18507.75,456
2025-01-03T10:12:00+00:00,18507.75,18508.75,18504.0,18505.25,311
2025-01-03T10:13:00+00:00,18505.25,18506.5,18502.75,18504.0,225
2025-01-03T10:14:00+00:00,18504.0,18504.25,18501.25,18502.0,247
2025-01-03T10:15:00+00:00,18502.0,18502.0,18501.0,18501.25,317
2025-01-03T10:16:00+00:00,18501.25,18505.0,18501.0,18503.5,360
2025-01-03T10:17:00+00:00,18503.5,18504.25,18502.0,18503.0,357
2025-01-03T10:18:00+00:00,18503.0,18503.0,18502.0,18502.75,387
2025-01-03T10:19:00+00:00,18502.75,18504.25,18500.75,18502.0,382
2025-01-03T10:20:00+00:00,18502.0,18504.25,18500.5,18503.75,72
2025-01-03T10:21:00+00:00,18503.75,18507.0,18502.25,18506.75,296
2025-01-03T10:22:00+00:00,18506.75,18509.5,18505.25,18508.5,429
2025-01-03T10:23:00+00:00,18508.5,18509.25,18505.25,18505.5,180
2025-01-03T10:24:00+00:00,18505.5,18507.0,18503.5,18503.5,195
2025-01-03T10:25:00+00:00,18503.5,18506.5,18503.25,18506.0,52
2025-01-03T10:26:00+00:00,18506.0,18507.0,18502.0,18503.0,110
2025-01-03T10:27:00+00:00,18503.0,18503.75,18499.5,18500.75,155
2025-01-03T10:28:00+00:00,18500.75,18504.5,18500.25,18503.75,104
2025-01-03T10:29:00+00:00,18503.75,18505.75,18502.75,18504.5,179
2025-01-03T10:30:00+00:00,18504.5,18506.75,18504.0,18505.75,363
2025-01-03T10:31:00+00:00,18505.75,18508.5,18505.5,18507.0,261
2025-01-03T10:32:00+00:00,18507.0,18509.5,18506.5,18509.25,336
2025-01-03T10:33:00+00:00,18509.25,18512.0,18508.75,18511.5,345
2025-01-03T10:34:00+00:00,18511.5,18514.25,18511.25,18513.0,487
2025-01-03T10:35:00+00:00,18513.0,18514.25,18510.0,18510.25,278
2025-01-03T10:36:00+00:00,18510.25,18510.25,18507.0,18507.25,310
2025-01-03T10:37:00+00:00,18507.25,18510.5,18506.25,18509.0,364
2025-01-03T10:38:00+00:00,18509.0,18509.25,18505.25,18506.0,375
2025-01-03T10:39:00+00:00,18506.0,18507.5,18505.5,18505.75,291
2025-01-03T10:40:00+00:00,18505.75,18508.25,18505.75,18508.25,184
2025-01-03T10:41:00+00:00,18508.25,18509.25,18507.25,18509.25,69
2025-01-03T10:42:00+00:00,18509.25,18513.0,18508.25,18512.25,385
2025-01-03T10:43:00+00:00,18512.25,18515.75,18511.25,18514.5,79
2025-01-03T10:44:00+00:00,18514.5,18516.0,18514.5,18515.25,153
2025-01-03T10:45:00+00:00,18515.25,18518.25,18515.25,18518.0,451
2025-01-03T10:46:00+00:00,18518.0,18519.0,18515.25,18515.5,395
2025-01-03T10:47:00+00:00,18515.5,18516.0,18514.25,18515.75,50
2025-01-03T10:48:00+00:00,18515.75,18516.25,18513.5,18515.0,254
2025-01-03T10:49:00+00:00,18515.0,18517.25,18514.0,18516.5,152
2025-01-03T10:50:00+00:00,18516.5,18517.75,18513.0,18514.25,85
2025-01-03T10:51:00+00:00,18514.25,18516.0,18512.75,18514.75,336
2025-01-03T10:52:00+00:00,18514.75,18517.75,18513.25,18517.25,191
2025-01-03T10:53:00+00:00,18517.25,18518.0,18515.5,18516.25,344
2025-01-03T10:54:00+00:00,18516.25,18516.75,18515.5,18516.5,309
2025-01-03T10:55:00+00:00,18516.5,18517.5,18515.5,18516.0,224
2025-01-03T10:56:00+00:00,18516.0,18517.5,18514.5,18516.5,456
2025-01-03T10:57:00+00:00,18516.5,18520.25,18515.75,18519.0,243
2025-01-03T10:58:00+00:00,18519.0,18523.0,18518.75,18521.5,437
2025-01-03T10:59:00+00:00,18521.5,18524.25,18520.75,18523.0,350
2025-01-03T11:00:00+00:00,18523.0,18523.25,18522.5,18523.25,84
2025-01-03T11:01:00+00:00,18523.25,18524.5,18520.25,18521.5,167
2025-01-03T11:02:00+00:00,18521.5,18523.5,18520.5,18523.0,324
2025-01-03T11:03:00+00:00,18523.0,18523.5,18522.5,18523.25,97
2025-01-03T11:04:00+00:00,18523.25,18525.0,18522.25,18525.0,141
2025-01-03T11:05:00+00:00,18525.0,18527.5,18524.75,18527.0,343
2025-01-03T11:06:00+00:00,18527.0,18528.25,18524.5,18525.75,147
2025-01-03T11:07:00+00:00,18525.75,18526.0,18522.5,18523.75,173
2025-01-03T11:08:00+00:00,18523.75,18524.0,18522.25,18522.5,477
2025-01-03T11:09:00+00:00,18522.5,18523.75,18521.0,18523.5,104
2025-01-03T11:10:00+00:00,18523.5,18524.75,18521.75,18523.0,302
2025-01-03T11:11:00+00:00,18523.0,18524.5,18519.0,18520.5,327
2025-01-03T11:12:00+00:00,18520.5,18521.25,18519.5,18520.75,211
2025-01-03T11:13:00+00:00,18520.75,18523.5,18520.5,18522.75,441
2025-01-03T11:14:00+00:00,18522.75,18525.75,18522.5,18525.0,434
2025-01-03T11:15:00+00:00,18525.0,18525.0,18521.5,18522.5,459
2025-01-03T11:16:00+00:00,18522.5,18525.25,18522.5,18524.25,307
2025-01-03T11:17:00+00:00,18524.25,18527.25,18523.0,18525.75,447
2025-01-03T11:18:00+00:00,18525.75,18526.5,18524.5,18526.5,315
2025-01-03T11:19:00+00:00,18526.5,18529.75,18526.5,18528.5,56
2025-01-03T11:20:00+00:00,18528.5,18529.25,18524.75,18525.75,101
2025-01-03T11:21:00+00:00,18525.75,18528.25,18524.25,18527.25,182
2025-01-03T11:22:00+00:00,18527.25,18528.25,18526.75,18528.0,291
2025-01-03T11:23:00+00:00,18528.0,18531.0,18527.75,18530.5,305
2025-01-03T11:24:00+00:00,18530.5,18531.25,18527.5,18528.75,435
2025-01-03T11:25:00+00:00,18528.75,18531.75,18528.0,18530.25,193
2025-01-03T11:26:00+00:00,18530.25,18531.25,18528.0,18528.25,344
2025-01-03T11:27:00+00:00,18528.25,18529.75,18525.5,18525.5,419
2025-01-03T11:28:00+00:00,18525.5,18526.5,18523.5,18524.25,488
2025-01-03T11:29:00+00:00,18524.25,18524.5,18521.0,18522.5,428
2025-01-03T11:30:00+00:00,18522.5,18524.75,18522.5,18523.25,140
2025-01-03T11:31:00+00:00,18523.25,18525.25,18521.75,18525.0,372
2025-01-03T11:32:00+00:00,18525.0,18528.75,18524.25,18527.25,203
2025-01-03T11:33:00+00:00,18527.25,18528.0,18526.0,18526.0,403
2025-01-03T11:34:00+00:00,18526.0,18526.25,18523.75,18525.25,180
2025-01-03T11:35:00+00:00,18525.25,18526.0,18522.0,18523.25,221
2025-01-03T11:36:00+00:00,18523.25,18525.0,18522.25,18524.5,335
2025-01-03T11:37:00+00:00,18524.5,18525.75,18523.75,18525.75,112
2025-01-03T11:38:00+00:00,18525.75,18526.75,18523.25,18524.25,382
2025-01-03T11:39:00+00:00,18524.25,18525.75,18521.0,18521.5,231
2025-01-03T11:40:00+00:00,18521.5,18524.5,18520.25,18523.0,278
2025-01-03T11:41:00+00:00,18523.0,18524.5,18522.5,18523.5,287
2025-01-03T11:42:00+00:00,18523.5,18525.0,18520.5,18520.75,377
2025-01-03T11:43:00+00:00,18520.75,18523.5,18519.75,18522.25,342
2025-01-03T11:44:00+00:00,18522.25,18522.25,18520.25,18520.5,225
2025-01-03T11:45:00+00:00,18520.5,18522.0,18519.25,18521.5,199
2025-01-03T11:46:00+00:00,18521.5,18525.5,18520.25,18524.5,252
2025-01-03T11:47:00+00:00,18524.5,18527.25,18523.0,18525.75,235
2025-01-03T11:48:00+00:00,18525.75,18529.5,18525.5,18528.75,144
2025-01-03T11:49:00+00:00,18528.75,18530.0,18528.25,18528.5,388
2025-01-03T11:50:00+00:00,18528.5,18528.75,18527.0,18527.25,253
2025-01-03T11:51:00+00:00,18527.25,18527.25,18526.0,18526.75,330
2025-01-03T11:52:00+00:00,18526.75,18528.25,18525.75,18526.5,318
2025-01-03T11:53:00+00:00,18526.5,18527.0,18525.0,18526.0,129
2025-01-03T11:54:00+00:00,18526.0,18527.0,18525.75,18526.5,176
2025-01-03T11:55:00+00:00,18526.5,18530.25,18525.25,18529.5,114
2025-01-03T11:56:00+00:00,18529.5,18529.5,18528.75,18528.75,389
2025-01-03T11:57:00+00:00,18528.75,18531.75,18528.0,18530.25,289
2025-01-03T11:58:00+00:00,18530.25,18533.5,18529.5,18532.5,119
2025-01-03T11:59:00+00:00,18532.5,18533.5,18528.5,18529.5,283
2025-01-03T12:00:00+00:00,18529.5,18533.25,18528.25,18532.25,377
2025-01-03T12:01:00+00:00,18532.25,18535.0,18531.5,18534.5,326
2025-01-03T12:02:00+00:00,18534.5,18535.25,18533.0,18533.5,237
2025-01-03T12:03:00+00:00,18533.5,18535.5,18533.0,18535.25,55
2025-01-03T12:04:00+00:00,18535.25,18535.75,18534.5,18535.0,290
2025-01-03T12:05:00+00:00,18535.0,18536.25,18532.0,18532.75,436
2025-01-03T12:06:00+00:00,18532.75,18534.75,18531.25,18534.75,270
2025-01-03T12:07:00+00:00,18534.75,18536.25,18533.5,18533.5,330
2025-01-03T12:08:00+00:00,18533.5,18534.25,18531.0,18532.0,273
2025-01-03T12:09:00+00:00,18532.0,18532.25,18529.0,18530.25,427
2025-01-03T12:10:00+00:00,18530.25,18534.5,18529.5,18533.0,162
2025-01-03T12:11:00+00:00,18533.0,18533.75,18530.5,18531.75,172
2025-01-03T12:12:00+00:00,18531.75,18534.5,18530.5,18534.0,430
2025-01-03T12:13:00+00:00,18534.0,18537.0,18533.75,18536.25,486
2025-01-03T12:14:00+00:00,18536.25,18536.5,18535.25,18535.75,106
2025-01-03T12:15:00+00:00,18535.75,18539.5,18535.0,18538.5,189
2025-01-03T12:16:00+00:00,18538.5,18541.75,18538.0,18541.5,59
2025-01-03T12:17:00+00:00,18541.5,18542.5,18540.75,18540.75,145
2025-01-03T12:18:00+00:00,18540.75,18541.75,18540.5,18541.25,416
2025-01-03T12:19:00+00:00,18541.25,18541.5,18539.25,18539.25,127
2025-01-03T12:20:00+00:00,18539.25,18539.75,18538.75,18539.5,265
2025-01-03T12:21:00+00:00,18539.5,18541.25,18538.75,18540.75,406
2025-01-03T12:22:00+00:00,18540.75,18541.0,18539.25,18541.0,434
2025-01-03T12:23:00+00:00,18541.0,18541.5,18538.75,18540.25,250
2025-01-03T12:24:00+00:00,18540.25,18541.0,18540.0,18540.75,480
2025-01-03T12:25:00+00:00,18540.75,18543.5,18540.75,18542.0,112
2025-01-03T12:26:00+00:00,18542.0,18542.75,18537.5,18539.0,276
2025-01-03T12:27:00+00:00,18539.0,18539.25,18537.25,18538.0,426
2025-01-03T12:28:00+00:00,18538.0,18538.75,18536.75,18537.5,398
2025-01-03T12:29:00+00:00,18537.5,18539.0,18536.25,18538.75,422
2025-01-03T12:30:00+00:00,18538.75,18539.25,18537.75,18538.5,376
2025-01-03T12:31:00+00:00,18538.5,18539.0,18537.25,18537.25,492
2025-01-03T12:32:00+00:00,18537.25,18537.25,18534.25,18534.5,374
2025-01-03T12:33:00+00:00,18534.5,18536.25,18534.25,18536.25,456
2025-01-03T12:34:00+00:00,18536.25,18537.0,18533.5,18535.0,174
2025-01-03T12:35:00+00:00,18535.0,18536.0,18533.25,18534.75,403
2025-01-03T12:36:00+00:00,18534.75,18535.25,18531.25,18532.75,95
2025-01-03T12:37:00+00:00,18532.75,18533.5,18531.75,18531.75,401
2025-01-03T12:38:00+00:00,18531.75,18535.75,18530.5,18534.25,80
2025-01-03T12:39:00+00:00,18534.25,18535.75,18534.0,18534.5,409
2025-01-03T12:40:00+00:00,18534.5,18534.75,18531.5,18532.25,169
2025-01-03T12:41:00+00:00,18532.25,18535.25,18531.5,18533.75,425
2025-01-03T12:42:00+00:00,18533.75,18535.0,18532.0,18532.75,233
2025-01-03T12:43:00+00:00,18532.75,18533.25,18529.75,18529.75,298
2025-01-03T12:44:00+00:00,18529.75,18533.75,18529.25,18532.75,327
2025-01-03T12:45:00+00:00,18532.75,18536.0,18531.75,18535.75,145
2025-01-03T12:46:00+00:00,18535.75,18538.5,18534.5,18538.0,289
2025-01-03T12:47:00+00:00,18538.0,18538.0,18535.75,18536.75,129
2025-01-03T12:48:00+00:00,18536.75,18540.25,18536.25,18538.75,327
2025-01-03T12:49:00+00:00,18538.75,18540.25,18537.25,18540.25,376
2025-01-03T12:50:00+00:00,18540.25,18543.75,18540.0,18542.5,59
2025-01-03T12:51:00+00:00,18542.5,18546.5,18541.5,18545.0,172
2025-01-03T12:52:00+00:00,18545.0,18546.25,18542.5,18543.5,469
2025-01-03T12:53:00+00:00,18543.5,18544.5,18540.5,18541.75,304
2025-01-03T12:54:00+00:00,18541.75,18542.75,18539.0,18539.5,215
2025-01-03T12:55:00+00:00,18539.5,18541.25,18539.5,18541.25,317
2025-01-03T12:56:00+00:00,18541.25,18541.25,18537.0,18538.5,116
2025-01-03T12:57:00+00:00,18538.5,18538.75,18537.75,18537.75,298
2025-01-03T12:58:00+00:00,18537.75,18537.75,18535.75,18536.75,378
2025-01-03T12:59:00+00:00,18536.75,18539.5,18535.75,18538.5,409
2025-01-03T13:00:00+00:00,18538.5,18541.0,18538.0,18541.0,163
2025-01-03T13:01:00+00:00,18541.0,18541.0,18538.25,18538.5,385
2025-01-03T13:02:00+00:00,18538.5,18539.25,18535.0,18536.5,377
2025-01-03T13:03:00+00:00,18536.5,18537.75,18535.25,18536.75,262
2025-01-03T13:04:00+00:00,18536.75,18538.25,18534.25,18535.25,186
2025-01-03T13:05:00+00:00,18535.25,18536.5,18533.0,18533.0,477
2025-01-03T13:06:00+00:00,18533.0,18533.25,18530.75,18531.75,99
2025-01-03T13:07:00+00:00,18531.75,18532.75,18530.5,18531.25,147
2025-01-03T13:08:00+00:00,18531.25,18532.25,18529.0,18530.25,141
2025-01-03T13:09:00+00:00,18530.25,18533.75,18530.25,18532.5,442
2025-01-03T13:10:00+00:00,18532.5,18536.5,18531.75,18535.25,409
2025-01-03T13:11:00+00:00,18535.25,18538.0,18535.0,18538.0,455
2025-01-03T13:12:00+00:00,18538.0,18539.75,18537.5,18538.75,386
2025-01-03T13:13:00+00:00,18538.75,18540.0,18538.25,18539.5,331
2025-01-03T13:14:00+00:00,18539.5,18541.75,18538.0,18541.0,374
2025-01-03T13:15:00+00:00,18541.0,18543.75,18540.75,18542.75,338
2025-01-03T13:16:00+00:00,18542.75,18543.5,18539.0,18540.5,331
2025-01-03T13:17:00+00:00,18540.5,18544.0,18539.75,18543.5,279
2025-01-03T13:18:00+00:00,18543.5,18544.75,18541.75,18541.75,195
2025-01-03T13:19:00+00:00,18541.75,18542.75,18539.0,18539.25,204
2025-01-03T13:20:00+00:00,18539.25,18539.75,18539.0,18539.5,488
2025-01-03T13:21:00+00:00,18539.5,18541.0,18536.5,18538.0,403
2025-01-03T13:22:00+00:00,18538.0,18538.0,18536.75,18536.75,285
2025-01-03T13:23:00+00:00,18536.75,18537.0,18534.75,18535.25,237
2025-01-03T13:24:00+00:00,18535.25,18535.5,18532.25,18532.75,465
2025-01-03T13:25:00+00:00,18532.75,18533.75,18530.75,18531.5,341
2025-01-03T13:26:00+00:00,18531.5,18532.75,18530.0,18530.5,455
2025-01-03T13:27:00+00:00,18530.5,18531.25,18527.0,18528.5,403
2025-01-03T13:28:00+00:00,18528.5,18529.5,18524.25,18525.5,203
2025-01-03T13:29:00+00:00,18525.5,18525.75,18524.0,18525.75,78
2025-01-03T13:30:00+00:00,18525.75,18528.75,18525.0,18527.25,263
2025-01-03T13:31:00+00:00,18527.25,18528.5,18525.5,18526.75,484
2025-01-03T13:32:00+00:00,18526.75,18528.0,18522.75,18524.25,373
2025-01-03T13:33:00+00:00,18524.25,18524.75,18521.5,18522.5,71
2025-01-03T13:34:00+00:00,18522.5,18523.0,18520.0,18521.0,407
2025-01-03T13:35:00+00:00,18521.0,18521.0,18518.75,18520.0,424
2025-01-03T13:36:00+00:00,18520.0,18523.25,18519.0,18521.75,344
2025-01-03T13:37:00+00:00,18521.75,18522.0,18518.75,18519.5,198
2025-01-03T13:38:00+00:00,18519.5,18519.75,18517.25,18517.75,92
2025-01-03T13:39:00+00:00,18517.75,18518.75,18515.0,18515.75,184
2025-01-03T13:40:00+00:00,18515.75,18517.25,18515.0,18516.25,446
2025-01-03T13:41:00+00:00,18516.25,18517.75,18513.0,18513.25,296
2025-01-03T13:42:00+00:00,18513.25,18514.0,18510.25,18511.0,383
2025-01-03T13:43:00+00:00,18511.0,18512.0,18507.5,18508.5,426
2025-01-03T13:44:00+00:00,18508.5,18508.75,18506.25,18506.25,186
2025-01-03T13:45:00+00:00,18506.25,18509.25,18505.25,18508.0,95
2025-01-03T13:46:00+00:00,18508.0,18509.25,18507.5,18508.5,228
2025-01-03T13:47:00+00:00,18508.5,18510.0,18507.5,18509.5,385
2025-01-03T13:48:00+00:00,18509.5,18510.0,18509.0,18509.75,365
2025-01-03T13:49:00+00:00,18509.75,18510.5,18507.75,18507.75,468
2025-01-03T13:50:00+00:00,18507.75,18509.0,18506.25,18506.75,129
2025-01-03T13:51:00+00:00,18506.75,18506.75,18502.5,18503.75,77
2025-01-03T13:52:00+00:00,18503.75,18505.25,18501.25,18502.75,469
2025-01-03T13:53:00+00:00,18502.75,18503.25,18500.25,18501.5,461
2025-01-03T13:54:00+00:00,18501.5,18502.75,18500.75,18502.0,61
2025-01-03T13:55:00+00:00,18502.0,18503.25,18499.5,18500.5,158
2025-01-03T13:56:00+00:00,18500.5,18502.5,18499.75,18501.5,368
2025-01-03T13:57:00+00:00,18501.5,18502.75,18497.25,18498.5,392
2025-01-03T13:58:00+00:00,18498.5,18499.75,18497.25,18498.75,319
2025-01-03T13:59:00+00:00,18498.75,18499.25,18498.75,18499.0,195
2025-01-03T14:00:00+00:00,18499.0,18500.0,18498.25,18500.0,385
2025-01-03T14:01:00+00:00,18500.0,18500.75,18498.5,18499.75,188
2025-01-03T14:02:00+00:00,18499.75,18504.0,18499.75,18502.5,59
2025-01-03T14:03:00+00:00,18502.5,18504.0,18501.75,18503.75,310
2025-01-03T14:04:00+00:00,18503.75,18504.25,18500.0,18500.75,493
2025-01-03T14:05:00+00:00,18500.75,18501.0,18498.0,18498.25,306
2025-01-03T14:06:00+00:00,18498.25,18498.25,18496.0,18496.25,321
2025-01-03T14:07:00+00:00,18496.25,18498.25,18495.5,18497.5,431
2025-01-03T14:08:00+00:00,18497.5,18498.0,18495.5,18496.75,230
2025-01-03T14:09:00+00:00,18496.75,18498.5,18495.75,18498.25,191
2025-01-03T14:10:00+00:00,18498.25,18499.25,18496.75,18498.5,65
2025-01-03T14:11:00+00:00,18498.5,18501.0,18498.25,18500.75,224
2025-01-03T14:12:00+00:00,18500.75,18500.75,18497.75,18499.0,245
2025-01-03T14:13:00+00:00,18499.0,18499.75,18496.5,18496.75,343
2025-01-03T14:14:00+00:00,18496.75,18498.0,18495.75,18497.5,218
2025-01-03T14:15:00+00:00,18497.5,18497.75,18494.25,18495.5,120
2025-01-03T14:16:00+00:00,18495.5,18497.0,18492.75,18493.0,208
2025-01-03T14:17:00+00:00,18493.0,18493.75,18488.5,18490.0,124
2025-01-03T14:18:00+00:00,18490.0,18490.5,18487.25,18487.25,335
2025-01-03T14:19:00+00:00,18487.25,18487.5,18484.5,18485.0,479
2025-01-03T14:20:00+00:00,18485.0,18486.5,18483.75,18484.25,500
2025-01-03T14:21:00+00:00,18484.25,18486.5,18483.5,18486.0,431
2025-01-03T14:22:00+00:00,18486.0,18489.0,18484.5,18488.75,146
2025-01-03T14:23:00+00:00,18488.75,18489.0,18488.25,18488.25,440
2025-01-03T14:24:00+00:00,18488.25,18491.75,18487.25,18490.75,363
2025-01-03T14:25:00+00:00,18490.75,18491.0,18488.5,18489.75,63
2025-01-03T14:26:00+00:00,18489.75,18491.0,18486.75,18488.25,294
2025-01-03T14:27:00+00:00,18488.25,18490.25,18487.0,18489.0,241
2025-01-03T14:28:00+00:00,18489.0,18490.5,18488.25,18489.75,120
2025-01-03T14:29:00+00:00,18489.75,18490.0,18489.0,18489.0,259
2025-01-03T14:30:00+00:00,18489.0,18490.0,18488.75,18489.25,430
2025-01-03T14:31:00+00:00,18489.25,18490.75,18486.25,18486.5,83
2025-01-03T14:32:00+00:00,18486.5,18488.75,18485.5,18487.25,300
2025-01-03T14:33:00+00:00,18487.25,18491.75,18486.5,18490.25,176
2025-01-03T14:34:00+00:00,18490.25,18493.5,18490.25,18492.0,361
2025-01-03T14:35:00+00:00,18492.0,18496.25,18491.5,18495.0,251
2025-01-03T14:36:00+00:00,18495.0,18496.0,18492.5,18492.5,281
2025-01-03T14:37:00+00:00,18492.5,18492.75,18489.5,18490.5,325
2025-01-03T14:38:00+00:00,18490.5,18491.5,18488.0,18488.75,314
2025-01-03T14:39:00+00:00,18488.75,18489.0,18485.5,18486.0,275
2025-01-03T14:40:00+00:00,18486.0,18489.25,18484.5,18487.75,196
2025-01-03T14:41:00+00:00,18487.75,18488.5,18485.25,18485.75,363
2025-01-03T14:42:00+00:00,18485.75,18486.5,18484.0,18485.5,380
2025-01-03T14:43:00+00:00,18485.5,18486.75,18482.5,18483.5,107
2025-01-03T14:44:00+00:00,18483.5,18484.25,18482.0,18482.75,215
2025-01-03T14:45:00+00:00,18482.75,18483.0,18480.0,18480.75,352
2025-01-03T14:46:00+00:00,18480.75,18481.5,18477.75,18477.75,178
2025-01-03T14:47:00+00:00,18477.75,18479.0,18475.0,18476.25,113
2025-01-03T14:48:00+00:00,18476.25,18477.5,18475.0,18475.75,374
2025-01-03T14:49:00+00:00,18475.75,18476.75,18473.0,18474.25,246
2025-01-03T14:50:00+00:00,18474.25,18475.0,18470.25,18471.25,244
2025-01-03T14:51:00+00:00,18471.25,18471.75,18470.0,18471.0,496
2025-01-03T14:52:00+00:00,18471.0,18471.25,18466.75,18468.25,124
2025-01-03T14:53:00+00:00,18468.25,18469.0,18467.0,18467.5,208
2025-01-03T14:54:00+00:00,18467.5,18471.0,18466.25,18470.5,142
2025-01-03T14:55:00+00:00,18470.5,18470.75,18470.0,18470.0,368
2025-01-03T14:56:00+00:00,18470.0,18470.75,18468.0,18468.75,487
2025-01-03T14:57:00+00:00,18468.75,18469.75,18466.0,18466.75,171
2025-01-03T14:58:00+00:00,18466.75,18468.5,18466.0,18467.75,276
2025-01-03T14:59:00+00:00,18467.75,18468.0,18466.25,18467.25,192
2025-01-03T15:00:00+00:00,18467.25,18467.25,18464.5,18464.75,125
2025-01-03T15:01:00+00:00,18464.75,18465.0,18464.5,18465.0,487
2025-01-03T15:02:00+00:00,18465.0,18465.75,18465.0,18465.25,75
2025-01-03T15:03:00+00:00,18465.25,18466.0,18465.0,18465.75,394
2025-01-03T15:04:00+00:00,18465.75,18466.5,18463.25,18464.5,346
2025-01-03T15:05:00+00:00,18464.5,18464.5,18461.5,18463.0,203
2025-01-03T15:06:00+00:00,18463.0,18465.25,18461.5,18464.5,84
2025-01-03T15:07:00+00:00,18464.5,18465.0,18462.0,18462.75,118
2025-01-03T15:08:00+00:00,18462.75,18463.75,18461.75,18463.25,261
2025-01-03T15:09:00+00:00,18463.25,18464.5,18460.75,18461.0,363
2025-01-03T15:10:00+00:00,18461.0,18462.0,18459.5,18460.75,372
2025-01-03T15:11:00+00:00,18460.75,18461.5,18457.25,18458.5,402
2025-01-03T15:12:00+00:00,18458.5,18461.75,18457.5,18461.0,484
2025-01-03T15:13:00+00:00,18461.0,18463.5,18460.0,18462.5,369
2025-01-03T15:14:00+00:00,18462.5,18463.5,18460.0,18461.0,304
2025-01-03T15:15:00+00:00,18461.0,18464.0,18459.5,18463.25,142
2025-01-03T15:16:00+00:00,18463.25,18464.5,18460.25,18460.75,149
2025-01-03T15:17:00+00:00,18460.75,18460.75,18459.75,18460.5,370
2025-01-03T15:18:00+00:00,18460.5,18462.0,18459.0,18460.0,262
2025-01-03T15:19:00+00:00,18460.0,18460.5,18457.75,18458.25,336
2025-01-03T15:20:00+00:00,18458.25,18458.25,18454.25,18455.5,153
2025-01-03T15:21:00+00:00,18455.5,18459.0,18454.0,18458.5,84
2025-01-03T15:22:00+00:00,18458.5,18460.75,18457.5,18459.75,215
2025-01-03T15:23:00+00:00,18459.75,18461.0,18459.0,18459.5,224
2025-01-03T15:24:00+00:00,18459.5,18461.0,18457.5,18457.75,149
2025-01-03T15:25:00+00:00,18457.75,18460.5,18457.0,18459.25,292
2025-01-03T15:26:00+00:00,18459.25,18460.0,18458.75,18459.0,371
2025-01-03T15:27:00+00:00,18459.0,18461.75,18457.5,18461.0,466
2025-01-03T15:28:00+00:00,18461.0,18462.5,18458.25,18459.25,203
2025-01-03T15:29:00+00:00,18459.25,18462.75,18458.25,18461.75,59
2025-01-03T15:30:00+00:00,18461.75,18464.25,18460.25,18462.75,231
2025-01-03T15:31:00+00:00,18462.75,18463.25,18460.75,18462.25,65
2025-01-03T15:32:00+00:00,18462.25,18465.0,18461.25,18463.75,481
2025-01-03T15:33:00+00:00,18463.75,18464.75,18462.75,18464.5,109
2025-01-03T15:34:00+00:00,18464.5,18467.0,18464.5,18465.75,189
2025-01-03T15:35:00+00:00,18465.75,18466.5,18463.75,18464.0,240
2025-01-03T15:36:00+00:00,18464.0,18466.25,18463.0,18466.0,204
2025-01-03T15:37:00+00:00,18466.0,18466.5,18463.75,18465.25,69
2025-01-03T15:38:00+00:00,18465.25,18466.0,18463.25,18464.25,62
2025-01-03T15:39:00+00:00,18464.25,18464.5,18461.75,18462.25,297
2025-01-03T15:40:00+00:00,18462.25,18466.75,18461.75,18465.25,123
2025-01-03T15:41:00+00:00,18465.25,18465.5,18463.5,18464.75,68
2025-01-03T15:42:00+00:00,18464.75,18468.0,18463.25,18466.75,317
2025-01-03T15:43:00+00:00,18466.75,18467.25,18466.25,18466.25,401
2025-01-03T15:44:00+00:00,18466.25,18466.75,18463.0,18463.75,73
2025-01-03T15:45:00+00:00,18463.75,18464.25,18462.75,18464.25,438
2025-01-03T15:46:00+00:00,18464.25,18464.75,18462.75,18463.0,148
2025-01-03T15:47:00+00:00,18463.0,18465.25,18462.5,18464.25,445
2025-01-03T15:48:00+00:00,18464.25,18464.75,18462.0,18462.25,130
2025-01-03T15:49:00+00:00,18462.25,18462.25,18460.0,18461.0,336
2025-01-03T15:50:00+00:00,18461.0,18461.25,18457.75,18458.75,229
2025-01-03T15:51:00+00:00,18458.75,18461.5,18458.5,18461.0,410
2025-01-03T15:52:00+00:00,18461.0,18461.25,18459.75,18459.75,209
2025-01-03T15:53:00+00:00,18459.75,18463.25,18459.0,18462.25,75
2025-01-03T15:54:00+00:00,18462.25,18463.0,18460.25,18461.5,75
2025-01-03T15:55:00+00:00,18461.5,18462.0,18461.5,18462.0,268
2025-01-03T15:56:00+00:00,18462.0,18463.25,18459.25,18460.25,353
2025-01-03T15:57:00+00:00,18460.25,18464.0,18459.75,18463.0,209
2025-01-03T15:58:00+00:00,18463.0,18464.25,18460.0,18461.5,393
2025-01-03T15:59:00+00:00,18461.5,18463.0,18457.75,18459.25,288
2025-01-03T16:00:00+00:00,18459.25,18459.25,18455.25,18456.75,460
2025-01-03T16:01:00+00:00,18456.75,18459.75,18456.0,18459.75,208
2025-01-03T16:02:00+00:00,18459.75,18463.25,18459.5,18462.5,164
2025-01-03T16:03:00+00:00,18462.5,18463.75,18461.75,18463.25,143
2025-01-03T16:04:00+00:00,18463.25,18467.75,18461.75,18466.25,216
2025-01-03T16:05:00+00:00,18466.25,18468.25,18466.25,18468.25,293
2025-01-03T16:06:00+00:00,18468.25,18469.5,18467.5,18468.75,483
2025-01-03T16:07:00+00:00,18468.75,18471.0,18468.25,18469.5,359
2025-01-03T16:08:00+00:00,18469.5,18470.5,18467.0,18467.0,257
2025-01-03T16:09:00+00:00,18467.0,18467.5,18463.0,18464.0,382
2025-01-03T16:10:00+00:00,18464.0,18465.5,18463.25,18464.5,255
2025-01-03T16:11:00+00:00,18464.5,18467.25,18463.5,18467.0,174
2025-01-03T16:12:00+00:00,18467.0,18467.75,18464.0,18464.75,83
2025-01-03T16:13:00+00:00,18464.75,18466.25,18462.0,18463.25,352
2025-01-03T16:14:00+00:00,18463.25,18466.0,18461.75,18465.0,225
2025-01-03T16:15:00+00:00,18465.0,18465.25,18461.5,18462.75,392
2025-01-03T16:16:00+00:00,18462.75,18463.25,18461.75,18463.25,355
2025-01-03T16:17:00+00:00,18463.25,18466.25,18463.25,18465.25,470
2025-01-03T16:18:00+00:00,18465.25,18465.75,18462.5,18463.25,85
2025-01-03T16:19:00+00:00,18463.25,18464.5,18459.25,18460.75,355
2025-01-03T16:20:00+00:00,18460.75,18463.25,18459.5,18462.5,388
2025-01-03T16:21:00+00:00,18462.5,18462.75,18460.75,18462.25,121
2025-01-03T16:22:00+00:00,18462.25,18463.75,18459.5,18459.75,388
2025-01-03T16:23:00+00:00,18459.75,18461.5,18459.25,18460.5,249
2025-01-03T16:24:00+00:00,18460.5,18463.25,18460.25,18463.0,398
2025-01-03T16:25:00+00:00,18463.0,18465.5,18461.5,18464.5,397
2025-01-03T16:26:00+00:00,18464.5,18467.0,18464.0,18465.75,95
2025-01-03T16:27:00+00:00,18465.75,18466.75,18462.25,18463.25,256
2025-01-03T16:28:00+00:00,18463.25,18464.0,18462.75,18464.0,331
2025-01-03T16:29:00+00:00,18464.0,18465.25,18462.75,18463.75,470
2025-01-03T16:30:00+00:00,18463.75,18465.25,18461.75,18462.25,493
2025-01-03T16:31:00+00:00,18462.25,18463.0,18460.75,18462.0,352
2025-01-03T16:32:00+00:00,18462.0,18465.0,18461.25,18463.75,257
2025-01-03T16:33:00+00:00,18463.75,18466.5,18463.5,18465.5,389
2025-01-03T16:34:00+00:00,18465.5,18466.5,18465.25,18466.25,334
2025-01-03T16:35:00+00:00,18466.25,18469.5,18465.5,18468.0,128
2025-01-03T16:36:00+00:00,18468.0,18468.25,18466.75,18466.75,86
2025-01-03T16:37:00+00:00,18466.75,18467.0,18462.75,18464.0,299
2025-01-03T16:38:00+00:00,18464.0,18467.0,18464.0,18466.75,120
2025-01-03T16:39:00+00:00,18466.75,18471.0,18466.0,18469.5,453
2025-01-03T16:40:00+00:00,18469.5,18473.5,18469.25,18472.5,282
2025-01-03T16:41:00+00:00,18472.5,18475.75,18471.0,18474.75,280
2025-01-03T16:42:00+00:00,18474.75,18476.75,18474.5,18476.5,267
2025-01-03T16:43:00+00:00,18476.5,18477.5,18473.25,18474.0,483
2025-01-03T16:44:00+00:00,18474.0,18475.25,18470.0,18471.0,187
2025-01-03T16:45:00+00:00,18471.0,18472.75,18471.0,18472.75,340
2025-01-03T16:46:00+00:00,18472.75,18474.75,18471.75,18474.75,296
2025-01-03T16:47:00+00:00,18474.75,18475.0,18470.5,18471.75,424
2025-01-03T16:48:00+00:00,18471.75,18474.75,18470.75,18474.0,90
2025-01-03T16:49:00+00:00,18474.0,18474.25,18471.0,18471.75,372
2025-01-03T16:50:00+00:00,18471.75,18473.0,18467.5,18468.75,326
2025-01-03T16:51:00+00:00,18468.75,18472.25,18468.75,18471.25,225
2025-01-03T16:52:00+00:00,18471.25,18472.0,18468.25,18469.0,312
2025-01-03T16:53:00+00:00,18469.0,18471.75,18468.5,18471.0,458
2025-01-03T16:54:00+00:00,18471.0,18472.5,18471.0,18472.25,405
2025-01-03T16:55:00+00:00,18472.25,18476.0,18470.75,18474.75,338
2025-01-03T16:56:00+00:00,18474.75,18476.0,18472.75,18473.5,346
2025-01-03T16:57:00+00:00,18473.5,18474.75,18472.25,18472.75,464
2025-01-03T16:58:00+00:00,18472.75,18473.25,18469.0,18469.75,92
2025-01-03T16:59:00+00:00,18469.75,18471.25,18467.5,18469.0,192
2025-01-03T17:00:00+00:00,18469.0,18470.0,18467.25,18467.75,190
2025-01-03T17:01:00+00:00,18467.75,18469.0,18466.5,18466.5,359
2025-01-03T17:02:00+00:00,18466.5,18467.75,18465.0,18465.75,239
2025-01-03T17:03:00+00:00,18465.75,18468.0,18464.5,18466.5,170
2025-01-03T17:04:00+00:00,18466.5,18468.0,18463.5,18464.5,491
2025-01-03T17:05:00+00:00,18464.5,18464.75,18464.25,18464.75,354
2025-01-03T17:06:00+00:00,18464.75,18467.0,18464.0,18465.5,444
2025-01-03T17:07:00+00:00,18465.5,18466.75,18463.0,18463.75,421
2025-01-03T17:08:00+00:00,18463.75,18464.0,18460.0,18461.0,425
2025-01-03T17:09:00+00:00,18461.0,18462.25,18459.0,18459.5,436
2025-01-03T17:10:00+00:00,18459.5,18459.75,18458.25,18459.0,254
2025-01-03T17:11:00+00:00,18459.0,18461.75,18457.75,18461.0,435
2025-01-03T17:12:00+00:00,18461.0,18461.75,18457.5,18458.75,411
2025-01-03T17:13:00+00:00,18458.75,18461.0,18458.5,18460.5,321
2025-01-03T17:14:00+00:00,18460.5,18461.0,18457.25,18458.75,279
2025-01-03T17:15:00+00:00,18458.75,18461.5,18457.5,18460.5,71
2025-01-03T17:16:00+00:00,18460.5,18462.5,18459.75,18461.0,362
2025-01-03T17:17:00+00:00,18461.0,18464.25,18460.5,18463.75,186
2025-01-03T17:18:00+00:00,18463.75,18465.5,18462.75,18464.25,250
2025-01-03T17:19:00+00:00,18464.25,18465.5,18461.0,18462.25,351
2025-01-03T17:20:00+00:00,18462.25,18464.5,18461.0,18463.25,142
2025-01-03T17:21:00+00:00,18463.25,18464.5,18461.75,18461.75,475
2025-01-03T17:22:00+00:00,18461.75,18462.5,18461.25,18461.25,318
2025-01-03T17:23:00+00:00,18461.25,18462.25,18461.0,18461.75,421
2025-01-03T17:24:00+00:00,18461.75,18463.25,18461.75,18463.0,62
2025-01-03T17:25:00+00:00,18463.0,18463.0,18459.5,18460.5,386
2025-01-03T17:26:00+00:00,18460.5,18461.75,18459.5,18459.5,94
2025-01-03T17:27:00+00:00,18459.5,18460.25,18455.75,18457.0,441
2025-01-03T17:28:00+00:00,18457.0,18457.0,18453.0,18454.25,144
2025-01-03T17:29:00+00:00,18454.25,18456.25,18453.0,18455.5,88
2025-01-03T17:30:00+00:00,18455.5,18458.75,18454.0,18458.25,268
2025-01-03T17:31:00+00:00,18458.25,18461.75,18458.0,18461.25,449
2025-01-03T17:32:00+00:00,18461.25,18463.25,18461.25,18461.75,245
2025-01-03T17:33:00+00:00,18461.75,18463.5,18461.25,18463.5,466
2025-01-03T17:34:00+00:00,18463.5,18464.25,18462.25,18462.25,301
2025-01-03T17:35:00+00:00,18462.25,18463.5,18461.0,18463.25,301
2025-01-03T17:36:00+00:00,18463.25,18464.25,18461.25,18462.75,270
2025-01-03T17:37:00+00:00,18462.75,18463.5,18460.5,18461.75,182
2025-01-03T17:38:00+00:00,18461.75,18461.75,18461.25,18461.25,342
2025-01-03T17:39:00+00:00,18461.25,18465.75,18460.5,18464.25,59
2025-01-03T17:40:00+00:00,18464.25,18465.5,18461.0,18462.25,50
2025-01-03T17:41:00+00:00,18462.25,18463.0,18462.0,18462.5,408
2025-01-03T17:42:00+00:00,18462.5,18465.0,18462.5,18464.0,313
2025-01-03T17:43:00+00:00,18464.0,18467.75,18463.25,18467.0,256
2025-01-03T17:44:00+00:00,18467.0,18468.0,18463.75,18464.0,51
2025-01-03T17:45:00+00:00,18464.0,18465.75,18463.0,18465.75,324
2025-01-03T17:46:00+00:00,18465.75,18468.5,18465.25,18467.25,255
2025-01-03T17:47:00+00:00,18467.25,18467.75,18466.0,18467.0,486
2025-01-03T17:48:00+00:00,18467.0,18468.5,18464.75,18465.5,439
2025-01-03T17:49:00+00:00,18465.5,18465.75,18463.25,18464.25,70
2025-01-03T17:50:00+00:00,18464.25,18464.75,18461.25,18462.5,249
2025-01-03T17:51:00+00:00,18462.5,18463.75,18462.5,18463.0,373
2025-01-03T17:52:00+00:00,18463.0,18463.25,18461.0,18461.0,148
2025-01-03T17:53:00+00:00,18461.0,18461.75,18460.0,18460.75,82
2025-01-03T17:54:00+00:00,18460.75,18463.75,18459.75,18463.0,477
2025-01-03T17:55:00+00:00,18463.0,18463.0,18460.5,18461.0,78
2025-01-03T17:56:00+00:00,18461.0,18461.75,18459.5,18459.5,158
2025-01-03T17:57:00+00:00,18459.5,18463.5,18458.0,18462.25,497
2025-01-03T17:58:00+00:00,18462.25,18463.5,18459.0,18460.0,169
2025-01-03T17:59:00+00:00,18460.0,18461.25,18459.25,18459.5,300
2025-01-03T18:00:00+00:00,18459.5,18460.25,18455.75,18456.75,73
2025-01-03T18:01:00+00:00,18456.75,18456.75,18455.5,18455.75,373
2025-01-03T18:02:00+00:00,18455.75,18457.5,18454.25,18456.0,99
2025-01-03T18:03:00+00:00,18456.0,18457.5,18453.0,18454.0,82
2025-01-03T18:04:00+00:00,18454.0,18454.75,18452.5,18453.5,459
2025-01-03T18:05:00+00:00,18453.5,18453.5,18449.5,18451.0,153
2025-01-03T18:06:00+00:00,18451.0,18454.25,18449.5,18452.75,427
2025-01-03T18:07:00+00:00,18452.75,18456.0,18452.75,18455.5,400
2025-01-03T18:08:00+00:00,18455.5,18456.0,18451.5,18453.0,456
2025-01-03T18:09:00+00:00,18453.0,18454.0,18451.75,18452.0,221
2025-01-03T18:10:00+00:00,18452.0,18452.5,18451.25,18451.5,437
2025-01-03T18:11:00+00:00,18451.5,18452.75,18449.25,18449.75,333
2025-01-03T18:12:00+00:00,18449.75,18450.75,18448.75,18450.5,70
2025-01-03T18:13:00+00:00,18450.5,18452.0,18448.25,18449.75,373
2025-01-03T18:14:00+00:00,18449.75,18453.75,18449.5,18452.25,58
2025-01-03T18:15:00+00:00,18452.25,18452.25,18450.25,18450.25,141
2025-01-03T18:16:00+00:00,18450.25,18451.5,18449.0,18450.75,463
2025-01-03T18:17:00+00:00,18450.75,18451.0,18448.5,18448.75,377
2025-01-03T18:18:00+00:00,18448.75,18450.75,18448.5,18450.0,139
2025-01-03T18:19:00+00:00,18450.0,18451.0,18447.25,18447.5,417
2025-01-03T18:20:00+00:00,18447.5,18448.75,18444.0,18445.5,450
2025-01-03T18:21:00+00:00,18445.5,18447.5,18445.5,18446.75,335
2025-01-03T18:22:00+00:00,18446.75,18446.75,18444.75,18445.75,98
2025-01-03T18:23:00+00:00,18445.75,18449.75,18444.25,18448.25,326
2025-01-03T18:24:00+00:00,18448.25,18449.0,18444.5,18446.0,370
2025-01-03T18:25:00+00:00,18446.0,18446.5,18443.25,18443.25,149
2025-01-03T18:26:00+00:00,18443.25,18444.5,18441.25,18442.75,292
2025-01-03T18:27:00+00:00,18442.75,18443.0,18439.5,18440.75,72
2025-01-03T18:28:00+00:00,18440.75,18441.5,18440.5,18441.0,272
2025-01-03T18:29:00+00:00,18441.0,18443.25,18439.5,18442.25,438
2025-01-03T18:30:00+00:00,18442.25,18442.25,18439.0,18440.25,76
2025-01-03T18:31:00+00:00,18440.25,18440.5,18436.5,18438.0,64
2025-01-03T18:32:00+00:00,18438.0,18438.0,18435.75,18436.0,419
2025-01-03T18:33:00+00:00,18436.0,18438.75,18435.75,18438.0,432
2025-01-03T18:34:00+00:00,18438.0,18441.0,18436.5,18440.75,106
2025-01-03T18:35:00+00:00,18440.75,18440.75,18439.0,18439.25,427
2025-01-03T18:36:00+00:00,18439.25,18440.0,18437.25,18437.5,87
2025-01-03T18:37:00+00:00,18437.5,18439.5,18436.75,18439.5,124
2025-01-03T18:38:00+00:00,18439.5,18440.75,18438.75,18440.5,241
2025-01-03T18:39:00+00:00,18440.5,18442.5,18440.25,18441.25,373
2025-01-03T18:40:00+00:00,18441.25,18443.0,18440.75,18442.75,115
2025-01-03T18:41:00+00:00,18442.75,18443.25,18442.25,18442.5,106
2025-01-03T18:42:00+00:00,18442.5,18445.25,18442.25,18444.5,439
2025-01-03T18:43:00+00:00,18444.5,18445.0,18442.0,18443.0,130
2025-01-03T18:44:00+00:00,18443.0,18444.0,18439.25,18440.25,487
2025-01-03T18:45:00+00:00,18440.25,18441.0,18437.75,18439.25,317
2025-01-03T18:46:00+00:00,18439.25,18440.25,18436.5,18437.25,478
2025-01-03T18:47:00+00:00,18437.25,18439.25,18436.0,18439.25,269
2025-01-03T18:48:00+00:00,18439.25,18439.5,18435.75,18436.25,272
2025-01-03T18:49:00+00:00,18436.25,18437.25,18433.5,18433.75,343
2025-01-03T18:50:00+00:00,18433.75,18434.0,18433.75,18434.0,290
2025-01-03T18:51:00+00:00,18434.0,18434.75,18430.0,18431.0,251
2025-01-03T18:52:00+00:00,18431.0,18431.75,18428.25,18429.0,173
2025-01-03T18:53:00+00:00,18429.0,18430.25,18427.25,18428.5,258
2025-01-03T18:54:00+00:00,18428.5,18429.0,18427.0,18427.5,172
2025-01-03T18:55:00+00:00,18427.5,18427.5,18424.0,18424.75,392
2025-01-03T18:56:00+00:00,18424.75,18426.0,18422.75,18423.5,489
2025-01-03T18:57:00+00:00,18423.5,18424.25,18420.25,18421.0,445
2025-01-03T18:58:00+00:00,18421.0,18422.0,18419.5,18421.75,496
2025-01-03T18:59:00+00:00,18421.75,18424.5,18420.5,18423.25,50
2025-01-03T19:00:00+00:00,18423.25,18424.0,18419.25,18420.5,220
2025-01-03T19:01:00+00:00,18420.5,18421.0,18417.5,18418.25,435
2025-01-03T19:02:00+00:00,18418.25,18419.75,18415.75,18417.0,91
2025-01-03T19:03:00+00:00,18417.0,18420.75,18417.0,18419.5,313
2025-01-03T19:04:00+00:00,18419.5,18422.25,18419.5,18422.25,246
2025-01-03T19:05:00+00:00,18422.25,18424.75,18422.25,18423.75,237
2025-01-03T19:06:00+00:00,18423.75,18425.0,18421.25,18422.25,410
2025-01-03T19:07:00+00:00,18422.25,18422.5,18421.25,18421.75,172
2025-01-03T19:08:00+00:00,18421.75,18423.0,18418.75,18419.5,427
2025-01-03T19:09:00+00:00,18419.5,18421.0,18415.75,18417.0,439
2025-01-03T19:10:00+00:00,18417.0,18418.5,18416.5,18418.0,307
2025-01-03T19:11:00+00:00,18418.0,18421.25,18418.0,18420.75,82
2025-01-03T19:12:00+00:00,18420.75,18423.0,18420.0,18422.25,306
2025-01-03T19:13:00+00:00,18422.25,18423.0,18418.75,18420.0,322
2025-01-03T19:14:00+00:00,18420.0,18423.5,18419.0,18422.75,238
2025-01-03T19:15:00+00:00,18422.75,18423.0,18419.25,18420.0,94
2025-01-03T19:16:00+00:00,18420.0,18420.75,18419.5,18420.5,89
2025-01-03T19:17:00+00:00,18420.5,18421.0,18420.0,18420.0,406
2025-01-03T19:18:00+00:00,18420.0,18421.0,18418.5,18420.75,154
2025-01-03T19:19:00+00:00,18420.75,18421.25,18417.75,18418.5,399
2025-01-03T19:20:00+00:00,18418.5,18419.25,18415.75,18416.25,265
2025-01-03T19:21:00+00:00,18416.25,18416.75,18414.0,18414.25,82
2025-01-03T19:22:00+00:00,18414.25,18415.75,18413.0,18414.0,380
2025-01-03T19:23:00+00:00,18414.0,18416.5,18413.5,18415.5,385
2025-01-03T19:24:00+00:00,18415.5,18419.0,18414.5,18418.25,390
2025-01-03T19:25:00+00:00,18418.25,18422.0,18417.75,18421.25,340
2025-01-03T19:26:00+00:00,18421.25,18422.25,18419.75,18422.0,183
2025-01-03T19:27:00+00:00,18422.0,18423.5,18421.5,18423.0,444
2025-01-03T19:28:00+00:00,18423.0,18423.5,18422.25,18422.75,283
2025-01-03T19:29:00+00:00,18422.75,18424.0,18421.0,18422.0,196
2025-01-03T19:30:00+00:00,18422.0,18423.5,18420.0,18421.25,404
2025-01-03T19:31:00+00:00,18421.25,18421.5,18418.25,18418.5,109
2025-01-03T19:32:00+00:00,18418.5,18419.75,18418.25,18418.75,275
2025-01-03T19:33:00+00:00,18418.75,18420.25,18418.5,18420.0,337
2025-01-03T19:34:00+00:00,18420.0,18421.25,18416.5,18417.0,226
2025-01-03T19:35:00+00:00,18417.0,18418.5,18416.0,18417.75,133
2025-01-03T19:36:00+00:00,18417.75,18420.0,18417.75,18420.0,257
2025-01-03T19:37:00+00:00,18420.0,18420.75,18417.5,18418.0,129
2025-01-03T19:38:00+00:00,18418.0,18419.5,18416.75,18418.25,201
2025-01-03T19:39:00+00:00,18418.25,18421.75,18417.25,18420.25,391
2025-01-03T19:40:00+00:00,18420.25,18421.5,18419.0,18421.0,107
2025-01-03T19:41:00+00:00,18421.0,18424.0,18420.75,18424.0,397
2025-01-03T19:42:00+00:00,18424.0,18424.5,18421.75,18421.75,255
2025-01-03T19:43:00+00:00,18421.75,18422.5,18418.75,18419.25,97
2025-01-03T19:44:00+00:00,18419.25,18420.25,18416.5,18417.75,149
2025-01-03T19:45:00+00:00,18417.75,18419.25,18413.75,18415.25,192
2025-01-03T19:46:00+00:00,18415.25,18415.25,18413.25,18414.25,484
2025-01-03T19:47:00+00:00,18414.25,18415.25,18411.5,18412.25,149
2025-01-03T19:48:00+00:00,18412.25,18415.25,18411.25,18414.25,311
2025-01-03T19:49:00+00:00,18414.25,18415.25,18414.0,18414.5,416
2025-01-03T19:50:00+00:00,18414.5,18417.0,18414.0,18416.25,56
2025-01-03T19:51:00+00:00,18416.25,18418.0,18415.75,18417.5,278
2025-01-03T19:52:00+00:00,18417.5,18417.75,18414.0,18415.25,277
2025-01-03T19:53:00+00:00,18415.25,18419.75,18414.5,18418.25,197
2025-01-03T19:54:00+00:00,18418.25,18420.25,18417.5,18419.0,121
2025-01-03T19:55:00+00:00,18419.0,18419.25,18416.25,18416.5,205
2025-01-03T19:56:00+00:00,18416.5,18418.5,18415.5,18418.5,437
2025-01-03T19:57:00+00:00,18418.5,18418.5,18416.0,18416.75,377
2025-01-03T19:58:00+00:00,18416.75,18418.25,18415.75,18418.0,286
2025-01-03T19:59:00+00:00,18418.0,18418.25,18414.75,18415.0,476
2025-01-03T20:00:00+00:00,18415.0,18417.75,18414.25,18416.75,71
2025-01-03T20:01:00+00:00,18416.75,18418.75,18415.75,18418.0,428
2025-01-03T20:02:00+00:00,18418.0,18418.0,18414.5,18416.0,51
2025-01-03T20:03:00+00:00,18416.0,18417.25,18414.75,18416.75,477
2025-01-03T20:04:00+00:00,18416.75,18419.5,18415.5,18419.5,390
2025-01-03T20:05:00+00:00,18419.5,18421.0,18418.75,18420.75,402
2025-01-03T20:06:00+00:00,18420.75,18420.75,18418.0,18418.0,441
2025-01-03T20:07:00+00:00,18418.0,18419.25,18417.0,18419.25,431
2025-01-03T20:08:00+00:00,18419.25,18421.75,18418.5,18420.75,494
2025-01-03T20:09:00+00:00,18420.75,18423.25,18419.25,18422.0,111
2025-01-03T20:10:00+00:00,18422.0,18423.5,18420.0,18420.5,133
2025-01-03T20:11:00+00:00,18420.5,18420.75,18417.5,18418.0,286
2025-01-03T20:12:00+00:00,18418.0,18418.5,18414.75,18415.0,77
2025-01-03T20:13:00+00:00,18415.0,18417.0,18413.75,18416.25,232
2025-01-03T20:14:00+00:00,18416.25,18417.0,18415.25,18416.5,377
2025-01-03T20:15:00+00:00,18416.5,18418.0,18414.75,18416.0,143
2025-01-03T20:16:00+00:00,18416.0,18417.0,18415.0,18415.5,496
2025-01-03T20:17:00+00:00,18415.5,18417.5,18414.25,18417.0,407
2025-01-03T20:18:00+00:00,18417.0,18420.0,18416.0,18420.0,346
2025-01-03T20:19:00+00:00,18420.0,18420.0,18418.25,18418.5,315
2025-01-03T20:20:00+00:00,18418.5,18421.25,18417.75,18419.75,260
2025-01-03T20:21:00+00:00,18419.75,18419.75,18418.0,18418.25,129
2025-01-03T20:22:00+00:00,18418.25,18419.75,18415.75,18416.0,457
2025-01-03T20:23:00+00:00,18416.0,18416.75,18413.0,18413.75,89
2025-01-03T20:24:00+00:00,18413.75,18413.75,18412.5,18413.25,228
2025-01-03T20:25:00+00:00,18413.25,18414.75,18411.75,18414.5,276
2025-01-03T20:26:00+00:00,18414.5,18417.25,18413.25,18417.0,205
2025-01-03T20:27:00+00:00,18417.0,18417.25,18416.5,18416.75,488
2025-01-03T20:28:00+00:00,18416.75,18418.0,18413.5,18413.75,207
2025-01-03T20:29:00+00:00,18413.75,18414.0,18413.0,18413.0,267
2025-01-03T20:30:00+00:00,18413.0,18413.0,18410.0,18410.0,446
2025-01-03T20:31:00+00:00,18410.0,18412.0,18409.75,18412.0,105
2025-01-03T20:32:00+00:00,18412.0,18412.75,18411.75,18411.75,179
2025-01-03T20:33:00+00:00,18411.75,18412.25,18410.25,18411.5,55
2025-01-03T20:34:00+00:00,18411.5,18412.5,18410.75,18411.0,350
2025-01-03T20:35:00+00:00,18411.0,18412.25,18409.5,18410.0,64
2025-01-03T20:36:00+00:00,18410.0,18411.5,18408.25,18409.5,192
2025-01-03T20:37:00+00:00,18409.5,18412.5,18409.25,18412.0,487
2025-01-03T20:38:00+00:00,18412.0,18413.0,18408.75,18409.75,84
2025-01-03T20:39:00+00:00,18409.75,18410.75,18409.0,18409.25,416
2025-01-03T20:40:00+00:00,18409.25,18410.5,18407.75,18410.25,325
2025-01-03T20:41:00+00:00,18410.25,18410.5,18409.0,18410.0,485
2025-01-03T20:42:00+00:00,18410.0,18413.5,18408.75,18413.0,351
2025-01-03T20:43:00+00:00,18413.0,18415.0,18413.0,18413.75,142
2025-01-03T20:44:00+00:00,18413.75,18416.0,18413.5,18415.25,313
2025-01-03T20:45:00+00:00,18415.25,18416.25,18413.75,18416.25,210
2025-01-03T20:46:00+00:00,18416.25,18416.75,18415.25,18416.75,119
2025-01-03T20:47:00+00:00,18416.75,18420.0,18416.25,18418.75,335
2025-01-03T20:48:00+00:00,18418.75,18418.75,18415.25,18415.75,302
2025-01-03T20:49:00+00:00,18415.75,18416.75,18415.0,18416.25,357
2025-01-03T20:50:00+00:00,18416.25,18420.5,18414.75,18419.25,277
2025-01-03T20:51:00+00:00,18419.25,18420.75,18417.75,18420.25,269
2025-01-03T20:52:00+00:00,18420.25,18421.75,18417.75,18419.25,293
2025-01-03T20:53:00+00:00,18419.25,18422.25,18419.25,18422.0,395
2025-01-03T20:54:00+00:00,18422.0,18422.75,18419.25,18420.0,317
2025-01-03T20:55:00+00:00,18420.0,18420.0,18417.0,18417.25,252
2025-01-03T20:56:00+00:00,18417.25,18418.5,18415.25,18415.5,83
2025-01-03T20:57:00+00:00,18415.5,18416.0,18413.75,18414.0,354
2025-01-03T20:58:00+00:00,18414.0,18414.25,18410.75,18412.25,267
2025-01-03T20:59:00+00:00,18412.25,18415.75,18410.75,18415.25,415
2025-01-03T21:00:00+00:00,18415.25,18419.25,18413.75,18417.75,460
2025-01-03T21:01:00+00:00,18417.75,18421.0,18417.0,18420.5,391
2025-01-03T21:02:00+00:00,18420.5,18423.75,18419.5,18423.0,192
2025-01-03T21:03:00+00:00,18423.0,18423.75,18423.0,18423.75,178
2025-01-03T21:04:00+00:00,18423.75,18426.0,18422.5,18425.75,118
2025-01-03T21:05:00+00:00,18425.75,18427.0,18425.5,18425.5,475
2025-01-03T21:06:00+00:00,18425.5,18427.25,18425.5,18426.0,141
2025-01-03T21:07:00+00:00,18426.0,18428.0,18425.5,18427.75,368
2025-01-03T21:08:00+00:00,18427.75,18429.25,18425.25,18425.25,388
2025-01-03T21:09:00+00:00,18425.25,18429.0,18424.5,18427.5,153
2025-01-03T21:10:00+00:00,18427.5,18429.5,18426.5,18428.75,183
2025-01-03T21:11:00+00:00,18428.75,18432.5,18427.25,18431.0,326
2025-01-03T21:12:00+00:00,18431.0,18432.5,18428.75,18428.75,270
2025-01-03T21:13:00+00:00,18428.75,18430.0,18428.25,18429.25,486
2025-01-03T21:14:00+00:00,18429.25,18431.75,18429.25,18431.0,66
2025-01-03T21:15:00+00:00,18431.0,18433.0,18430.75,18431.75,301
2025-01-03T21:16:00+00:00,18431.75,18432.25,18428.75,18430.0,249
2025-01-03T21:17:00+00:00,18430.0,18431.0,18426.75,18428.0,301
2025-01-03T21:18:00+00:00,18428.0,18431.5,18427.0,18430.75,487
2025-01-03T21:19:00+00:00,18430.75,18431.5,18429.5,18430.0,303
2025-01-03T21:20:00+00:00,18430.0,18433.5,18428.75,18432.5,230
2025-01-03T21:21:00+00:00,18432.5,18433.75,18432.5,18433.75,352
2025-01-03T21:22:00+00:00,18433.75,18435.25,18433.0,18433.5,228
2025-01-03T21:23:00+00:00,18433.5,18435.0,18429.25,18430.5,224
2025-01-03T21:24:00+00:00,18430.5,18431.25,18428.25,18428.75,232
2025-01-03T21:25:00+00:00,18428.75,18430.5,18427.5,18430.5,175
2025-01-03T21:26:00+00:00,18430.5,18431.75,18429.0,18429.5,353
2025-01-03T21:27:00+00:00,18429.5,18431.0,18428.5,18429.0,108
2025-01-03T21:28:00+00:00,18429.0,18429.0,18426.5,18427.5,216
2025-01-03T21:29:00+00:00,18427.5,18429.0,18426.0,18427.75,266
2025-01-03T21:30:00+00:00,18427.75,18430.75,18427.75,18430.25,406
2025-01-03T21:31:00+00:00,18430.25,18430.75,18427.5,18428.25,342
2025-01-03T21:32:00+00:00,18428.25,18431.0,18428.25,18430.0,463
2025-01-03T21:33:00+00:00,18430.0,18431.25,18426.75,18428.0,155
2025-01-03T21:34:00+00:00,18428.0,18430.5,18426.5,18429.5,441
2025-01-03T21:35:00+00:00,18429.5,18432.5,18428.5,18432.25,203
2025-01-03T21:36:00+00:00,18432.25,18434.0,18431.5,18433.75,375
2025-01-03T21:37:00+00:00,18433.75,18434.25,18432.75,18433.25,74
2025-01-03T21:38:00+00:00,18433.25,18436.0,18433.0,18434.5,369
2025-01-03T21:39:00+00:00,18434.5,18435.75,18430.0,18431.5,346
2025-01-03T21:40:00+00:00,18431.5,18432.5,18431.5,18432.0,340
2025-01-03T21:41:00+00:00,18432.0,18435.0,18431.75,18434.25,227
2025-01-03T21:42:00+00:00,18434.25,18435.75,18432.75,18434.75,203
2025-01-03T21:43:00+00:00,18434.75,18436.75,18434.0,18436.5,255
2025-01-03T21:44:00+00:00,18436.5,18439.0,18435.0,18437.75,330
2025-01-03T21:45:00+00:00,18437.75,18439.0,18435.75,18437.0,314
2025-01-03T21:46:00+00:00,18437.0,18438.0,18435.75,18437.75,471
2025-01-03T21:47:00+00:00,18437.75,18441.25,18436.5,18440.75,322
2025-01-03T21:48:00+00:00,18440.75,18444.25,18439.5,18443.25,370
2025-01-03T21:49:00+00:00,18443.25,18443.75,18442.25,18443.0,125
2025-01-03T21:50:00+00:00,18443.0,18444.25,18440.75,18442.0,441
2025-01-03T21:51:00+00:00,18442.0,18444.0,18441.5,18443.25,490
2025-01-03T21:52:00+00:00,18443.25,18444.75,18442.0,18442.75,186
2025-01-03T21:53:00+00:00,18442.75,18443.25,18440.25,18441.5,357
2025-01-03T21:54:00+00:00,18441.5,18442.75,18441.5,18442.5,126
2025-01-03T21:55:00+00:00,18442.5,18442.75,18440.0,18441.5,473
2025-01-03T21:56:00+00:00,18441.5,18443.5,18440.5,18442.75,273
2025-01-03T21:57:00+00:00,18442.75,18443.0,18440.75,18441.0,189
2025-01-03T21:58:00+00:00,18441.0,18441.5,18438.75,18440.25,461
2025-01-03T21:59:00+00:00,18440.25,18441.5,18437.5,18439.0,71
2025-01-03T22:00:00+00:00,18439.0,18443.5,18439.0,18442.0,78
2025-01-03T22:01:00+00:00,18442.0,18443.5,18441.5,18442.5,493
2025-01-03T22:02:00+00:00,18442.5,18443.5,18441.25,18443.0,386
2025-01-03T22:03:00+00:00,18443.0,18445.0,18441.75,18443.5,481
2025-01-03T22:04:00+00:00,18443.5,18443.5,18441.75,18442.75,426
2025-01-03T22:05:00+00:00,18442.75,18443.75,18439.25,18440.5,474
2025-01-03T22:06:00+00:00,18440.5,18443.75,18440.5,18443.0,171
2025-01-03T22:07:00+00:00,18443.0,18444.5,18439.0,18440.5,210
2025-01-03T22:08:00+00:00,18440.5,18443.5,18439.25,18442.0,430
2025-01-03T22:09:00+00:00,18442.0,18443.25,18441.75,18443.0,104
2025-01-03T22:10:00+00:00,18443.0,18443.5,18441.5,18442.25,259
2025-01-03T22:11:00+00:00,18442.25,18443.0,18440.0,18441.0,241
2025-01-03T22:12:00+00:00,18441.0,18441.5,18437.0,18438.0,266
2025-01-03T22:13:00+00:00,18438.0,18438.5,18434.5,18436.0,124
2025-01-03T22:14:00+00:00,18436.0,18438.75,18435.5,18437.5,470
2025-01-03T22:15:00+00:00,18437.5,18438.75,18435.25,18436.25,67
2025-01-03T22:16:00+00:00,18436.25,18437.5,18431.75,18433.25,393
2025-01-03T22:17:00+00:00,18433.25,18435.25,18432.5,18434.25,208
2025-01-03T22:18:00+00:00,18434.25,18438.5,18433.0,18437.0,112
2025-01-03T22:19:00+00:00,18437.0,18438.5,18434.0,18434.75,248
2025-01-03T22:20:00+00:00,18434.75,18435.5,18434.25,18435.0,96
2025-01-03T22:21:00+00:00,18435.0,18436.25,18433.5,18436.0,132
2025-01-03T22:22:00+00:00,18436.0,18439.5,18434.5,18438.0,379
2025-01-03T22:23:00+00:00,18438.0,18438.5,18434.75,18436.25,91
2025-01-03T22:24:00+00:00,18436.25,18439.5,18435.5,18438.25,480
2025-01-03T22:25:00+00:00,18438.25,18441.25,18438.25,18439.75,472
2025-01-03T22:26:00+00:00,18439.75,18441.5,18439.75,18440.5,230
2025-01-03T22:27:00+00:00,18440.5,18443.0,18439.25,18442.25,64
2025-01-03T22:28:00+00:00,18442.25,18443.5,18441.25,18442.0,455
2025-01-03T22:29:00+00:00,18442.0,18442.0,18438.5,18439.25,152
2025-01-03T22:30:00+00:00,18439.25,18442.5,18438.25,18442.0,92
2025-01-03T22:31:00+00:00,18442.0,18442.25,18440.5,18441.5,415
2025-01-03T22:32:00+00:00,18441.5,18443.0,18437.75,18438.75,401
2025-01-03T22:33:00+00:00,18438.75,18441.25,18438.0,18440.5,497
2025-01-03T22:34:00+00:00,18440.5,18441.0,18437.25,18437.5,401
2025-01-03T22:35:00+00:00,18437.5,18441.5,18437.0,18440.0,151
2025-01-03T22:36:00+00:00,18440.0,18441.0,18439.75,18440.5,251
2025-01-03T22:37:00+00:00,18440.5,18440.5,18438.75,18438.75,335
2025-01-03T22:38:00+00:00,18438.75,18438.75,18435.25,18436.0,151
2025-01-03T22:39:00+00:00,18436.0,18436.0,18434.0,18434.75,366
2025-01-03T22:40:00+00:00,18434.75,18436.75,18434.75,18436.5,238
2025-01-03T22:41:00+00:00,18436.5,18436.5,18434.5,18435.75,319
2025-01-03T22:42:00+00:00,18435.75,18439.0,18434.5,18437.5,303
2025-01-03T22:43:00+00:00,18437.5,18438.75,18436.75,18437.0,147
2025-01-03T22:44:00+00:00,18437.0,18439.5,18436.25,18438.25,245
2025-01-03T22:45:00+00:00,18438.25,18440.5,18438.0,18439.0,357
2025-01-03T22:46:00+00:00,18439.0,18441.25,18437.75,18440.0,146
2025-01-03T22:47:00+00:00,18440.0,18440.75,18436.75,18438.25,124
2025-01-03T22:48:00+00:00,18438.25,18439.0,18438.0,18438.5,366
2025-01-03T22:49:00+00:00,18438.5,18439.0,18435.5,18436.5,400
2025-01-03T22:50:00+00:00,18436.5,18439.25,18436.5,18439.25,290
2025-01-03T22:51:00+00:00,18439.25,18441.25,18438.5,18440.0,401
2025-01-03T22:52:00+00:00,18440.0,18442.25,18439.25,18441.0,426
2025-01-03T22:53:00+00:00,18441.0,18443.5,18441.0,18443.5,335
2025-01-03T22:54:00+00:00,18443.5,18444.0,18443.0,18443.25,291
2025-01-03T22:55:00+00:00,18443.25,18443.25,18441.25,18441.75,308
2025-01-03T22:56:00+00:00,18441.75,18444.75,18441.0,18444.25,393
2025-01-03T22:57:00+00:00,18444.25,18445.25,18442.75,18442.75,347
2025-01-03T22:58:00+00:00,18442.75,18443.75,18441.75,18443.5,302
2025-01-03T22:59:00+00:00,18443.5,18445.25,18443.5,18445.0,212
2025-01-03T23:00:00+00:00,18445.0,18448.25,18444.5,18448.0,109
2025-01-03T23:01:00+00:00,18448.0,18448.25,18445.75,18446.5,496
2025-01-03T23:02:00+00:00,18446.5,18448.5,18446.0,18447.75,498
2025-01-03T23:03:00+00:00,18447.75,18450.0,18447.25,18449.0,273
2025-01-03T23:04:00+00:00,18449.0,18451.0,18448.25,18449.75,441
2025-01-03T23:05:00+00:00,18449.75,18450.5,18449.5,18450.5,126
2025-01-03T23:06:00+00:00,18450.5,18450.75,18450.25,18450.25,290
2025-01-03T23:07:00+00:00,18450.25,18451.5,18448.25,18449.0,273
2025-01-03T23:08:00+00:00,18449.0,18449.5,18448.25,18449.5,232
2025-01-03T23:09:00+00:00,18449.5,18453.25,18448.75,18452.5,107
2025-01-03T23:10:00+00:00,18452.5,18452.5,18449.0,18449.5,97
2025-01-03T23:11:00+00:00,18449.5,18450.75,18448.0,18450.5,136
2025-01-03T23:12:00+00:00,18450.5,18454.5,18449.25,18453.5,349
2025-01-03T23:13:00+00:00,18453.5,18454.5,18451.0,18452.5,342
2025-01-03T23:14:00+00:00,18452.5,18453.25,18452.25,18453.25,443
2025-01-03T23:15:00+00:00,18453.25,18453.75,18451.25,18451.25,195
2025-01-03T23:16:00+00:00,18451.25,18452.0,18448.0,18448.5,352
2025-01-03T23:17:00+00:00,18448.5,18449.25,18448.5,18449.0,91
2025-01-03T23:18:00+00:00,18449.0,18451.75,18447.75,18451.0,187
2025-01-03T23:19:00+00:00,18451.0,18451.5,18448.5,18448.5,385
2025-01-03T23:20:00+00:00,18448.5,18451.5,18447.25,18451.0,425
2025-01-03T23:21:00+00:00,18451.0,18451.25,18447.0,18448.5,74
2025-01-03T23:22:00+00:00,18448.5,18451.75,18447.0,18451.25,78
2025-01-03T23:23:00+00:00,18451.25,18452.25,18447.25,18448.25,245
2025-01-03T23:24:00+00:00,18448.25,18449.25,18448.0,18448.75,172
2025-01-03T23:25:00+00:00,18448.75,18448.75,18445.5,18447.0,156
2025-01-03T23:26:00+00:00,18447.0,18449.25,18446.25,18447.75,195
2025-01-03T23:27:00+00:00,18447.75,18447.75,18444.5,18445.0,301
2025-01-03T23:28:00+00:00,18445.0,18448.0,18444.0,18446.75,117
2025-01-03T23:29:00+00:00,18446.75,18448.25,18444.75,18445.25,312
2025-01-03T23:30:00+00:00,18445.25,18447.0,18444.5,18446.25,293
2025-01-03T23:31:00+00:00,18446.25,18447.5,18444.75,18447.5,266
2025-01-03T23:32:00+00:00,18447.5,18448.25,18444.75,18446.0,268
2025-01-03T23:33:00+00:00,18446.0,18447.0,18445.0,18445.5,287
2025-01-03T23:34:00+00:00,18445.5,18446.75,18441.5,18442.75,415
2025-01-03T23:35:00+00:00,18442.75,18444.5,18441.5,18443.5,381
2025-01-03T23:36:00+00:00,18443.5,18444.0,18440.5,18441.25,273
2025-01-03T23:37:00+00:00,18441.25,18442.25,18441.0,18441.75,115
2025-01-03T23:38:00+00:00,18441.75,18446.0,18441.5,18444.5,317
2025-01-03T23:39:00+00:00,18444.5,18447.25,18444.5,18446.25,332
2025-01-03T23:40:00+00:00,18446.25,18447.25,18445.75,18445.75,311
2025-01-03T23:41:00+00:00,18445.75,18447.5,18445.0,18447.5,388
2025-01-03T23:42:00+00:00,18447.5,18451.0,18447.0,18450.5,349
2025-01-03T23:43:00+00:00,18450.5,18450.5,18448.75,18450.0,388
2025-01-03T23:44:00+00:00,18450.0,18451.5,18447.75,18448.0,481
2025-01-03T23:45:00+00:00,18448.0,18448.0,18445.5,18446.25,498
2025-01-03T23:46:00+00:00,18446.25,18449.75,18445.25,18449.25,420
2025-01-03T23:47:00+00:00,18449.25,18452.25,18447.75,18451.25,185
2025-01-03T23:48:00+00:00,18451.25,18451.5,18449.5,18449.75,90
2025-01-03T23:49:00+00:00,18449.75,18454.25,18448.5,18452.75,104
2025-01-03T23:50:00+00:00,18452.75,18452.75,18450.25,18451.0,109
2025-01-03T23:51:00+00:00,18451.0,18452.25,18450.0,18450.75,285
2025-01-03T23:52:00+00:00,18450.75,18455.25,18449.5,18453.75,431
2025-01-03T23:53:00+00:00,18453.75,18456.75,18452.75,18456.25,466
2025-01-03T23:54:00+00:00,18456.25,18460.0,18455.0,18458.75,403
2025-01-03T23:55:00+00:00,18458.75,18463.0,18458.25,18461.5,94
2025-01-03T23:56:00+00:00,18461.5,18461.5,18460.5,18460.75,107
2025-01-03T23:57:00+00:00,18460.75,18462.25,18460.5,18460.5,157
2025-01-03T23:58:00+00:00,18460.5,18461.75,18458.25,18458.5,273
2025-01-03T23:59:00+00:00,18458.5,18458.5,18455.25,18455.75,444
2025-01-04T00:00:00+00:00,18455.75,18456.5,18453.0,18453.75,61
2025-01-04T00:01:00+00:00,18453.75,18454.0,18452.0,18453.25,409
2025-01-04T00:02:00+00:00,18453.25,18456.0,18453.25,18455.25,490
2025-01-04T00:03:00+00:00,18455.25,18455.5,18452.75,18453.25,341
2025-01-04T00:04:00+00:00,18453.25,18453.75,18451.5,18451.5,102
2025-01-04T00:05:00+00:00,18451.5,18455.0,18450.0,18454.25,303
2025-01-04T00:06:00+00:00,18454.25,18457.25,18453.5,18457.25,254
2025-01-04T00:07:00+00:00,18457.25,18459.5,18456.0,18459.25,81
2025-01-04T00:08:00+00:00,18459.25,18460.0,18456.0,18457.0,211
2025-01-04T00:09:00+00:00,18457.0,18457.5,18453.5,18454.75,263
2025-01-04T00:10:00+00:00,18454.75,18455.5,18451.75,18452.75,380
2025-01-04T00:11:00+00:00,18452.75,18455.5,18452.0,18454.25,60
2025-01-04T00:12:00+00:00,18454.25,18456.25,18454.0,18455.0,290
2025-01-04T00:13:00+00:00,18455.0,18456.75,18454.0,18456.5,162
2025-01-04T00:14:00+00:00,18456.5,18460.0,18455.0,18459.0,481
2025-01-04T00:15:00+00:00,18459.0,18462.25,18458.5,18462.0,420
2025-01-04T00:16:00+00:00,18462.0,18465.75,18460.5,18465.0,394
2025-01-04T00:17:00+00:00,18465.0,18469.25,18464.25,18467.75,459
2025-01-04T00:18:00+00:00,18467.75,18468.25,18465.75,18467.0,433
2025-01-04T00:19:00+00:00,18467.0,18467.75,18466.75,18467.5,152
2025-01-04T00:20:00+00:00,18467.5,18468.25,18466.0,18468.25,262
2025-01-04T00:21:00+00:00,18468.25,18470.5,18468.0,18470.25,335
2025-01-04T00:22:00+00:00,18470.25,18470.75,18469.5,18470.0,232
2025-01-04T00:23:00+00:00,18470.0,18470.25,18465.75,18467.25,490
2025-01-04T00:24:00+00:00,18467.25,18468.75,18465.0,18465.0,222
2025-01-04T00:25:00+00:00,18465.0,18466.0,18463.0,18463.25,111
2025-01-04T00:26:00+00:00,18463.25,18464.0,18460.5,18461.0,224
2025-01-04T00:27:00+00:00,18461.0,18462.5,18458.5,18459.5,186
2025-01-04T00:28:00+00:00,18459.5,18460.75,18458.75,18458.75,274
2025-01-04T00:29:00+00:00,18458.75,18458.75,18455.25,18456.75,362
2025-01-04T00:30:00+00:00,18456.75,18458.25,18453.25,18454.25,71
2025-01-04T00:31:00+00:00,18454.25,18454.5,18450.75,18452.0,110
2025-01-04T00:32:00+00:00,18452.0,18453.25,18450.75,18453.0,199
2025-01-04T00:33:00+00:00,18453.0,18457.5,18452.0,18456.0,305
2025-01-04T00:34:00+00:00,18456.0,18456.25,18451.75,18453.0,236
2025-01-04T00:35:00+00:00,18453.0,18453.0,18450.0,18451.5,153
2025-01-04T00:36:00+00:00,18451.5,18455.0,18450.0,18453.5,53
2025-01-04T00:37:00+00:00,18453.5,18455.0,18453.0,18454.5,308
2025-01-04T00:38:00+00:00,18454.5,18455.0,18453.25,18453.75,416
2025-01-04T00:39:00+00:00,18453.75,18456.75,18452.5,18455.5,175
2025-01-04T00:40:00+00:00,18455.5,18457.75,18455.25,18456.25,120
2025-01-04T00:41:00+00:00,18456.25,18458.75,18455.5,18458.0,486
2025-01-04T00:42:00+00:00,18458.0,18460.25,18457.25,18460.25,124
2025-01-04T00:43:00+00:00,18460.25,18460.25,18459.5,18460.0,211
2025-01-04T00:44:00+00:00,18460.0,18460.75,18458.25,18458.25,251
2025-01-04T00:45:00+00:00,18458.25,18459.25,18458.0,18458.0,373
2025-01-04T00:46:00+00:00,18458.0,18461.75,18457.25,18461.0,398
2025-01-04T00:47:00+00:00,18461.0,18465.25,18459.75,18464.0,210
2025-01-04T00:48:00+00:00,18464.0,18465.5,18462.0,18462.5,320
2025-01-04T00:49:00+00:00,18462.5,18463.75,18459.25,18460.0,278
2025-01-04T00:50:00+00:00,18460.0,18461.0,18456.25,18457.25,453
2025-01-04T00:51:00+00:00,18457.25,18461.0,18456.75,18459.75,465
2025-01-04T00:52:00+00:00,18459.75,18464.0,18459.5,18462.5,204
2025-01-04T00:53:00+00:00,18462.5,18463.5,18461.5,18462.0,249
2025-01-04T00:54:00+00:00,18462.0,18463.0,18458.0,18459.0,195
2025-01-04T00:55:00+00:00,18459.0,18460.0,18457.0,18458.0,209
2025-01-04T00:56:00+00:00,18458.0,18461.75,18456.75,18460.25,131
2025-01-04T00:57:00+00:00,18460.25,18461.75,18459.0,18460.0,353
2025-01-04T00:58:00+00:00,18460.0,18461.5,18457.25,18458.75,205
2025-01-04T00:59:00+00:00,18458.75,18462.75,18458.75,18461.75,424
2025-01-04T01:00:00+00:00,18461.75,18462.5,18460.5,18462.0,309
2025-01-04T01:01:00+00:00,18462.0,18462.0,18459.0,18460.5,383
2025-01-04T01:02:00+00:00,18460.5,18461.5,18459.5,18461.0,427
2025-01-04T01:03:00+00:00,18461.0,18461.75,18460.75,18461.25,462
2025-01-04T01:04:00+00:00,18461.25,18461.75,18457.75,18458.25,195
2025-01-04T01:05:00+00:00,18458.25,18459.5,18454.75,18455.5,316
2025-01-04T01:06:00+00:00,18455.5,18455.5,18452.0,18452.5,314
2025-01-04T01:07:00+00:00,18452.5,18454.0,18448.5,18450.0,234
2025-01-04T01:08:00+00:00,18450.0,18450.25,18446.75,18448.0,267
2025-01-04T01:09:00+00:00,18448.0,18448.0,18446.25,18446.25,267
2025-01-04T01:10:00+00:00,18446.25,18447.25,18445.5,18447.0,89
2025-01-04T01:11:00+00:00,18447.0,18449.5,18446.0,18448.5,315
2025-01-04T01:12:00+00:00,18448.5,18451.25,18447.75,18450.25,375
2025-01-04T01:13:00+00:00,18450.25,18453.25,18449.5,18452.0,424
2025-01-04T01:14:00+00:00,18452.0,18452.25,18449.25,18450.25,115
2025-01-04T01:15:00+00:00,18450.25,18452.5,18449.0,18452.25,312
2025-01-04T01:16:00+00:00,18452.25,18453.5,18449.75,18450.0,283
2025-01-04T01:17:00+00:00,18450.0,18451.25,18447.75,18448.0,336
2025-01-04T01:18:00+00:00,18448.0,18449.0,18445.0,18446.5,259
2025-01-04T01:19:00+00:00,18446.5,18447.0,18445.0,18446.0,198
2025-01-04T01:20:00+00:00,18446.0,18446.0,18445.25,18445.75,206
2025-01-04T01:21:00+00:00,18445.75,18447.75,18445.0,18447.25,64
2025-01-04T01:22:00+00:00,18447.25,18448.75,18445.5,18446.5,265
2025-01-04T01:23:00+00:00,18446.5,18447.25,18446.25,18446.75,143
2025-01-04T01:24:00+00:00,18446.75,18449.75,18446.75,18449.75,330
2025-01-04T01:25:00+00:00,18449.75,18451.25,18448.25,18448.25,263
2025-01-04T01:26:00+00:00,18448.25,18451.25,18447.5,18450.25,222
2025-01-04T01:27:00+00:00,18450.25,18453.5,18449.0,18452.0,476
2025-01-04T01:28:00+00:00,18452.0,18453.5,18449.25,18449.5,308
2025-01-04T01:29:00+00:00,18449.5,18453.75,18448.75,18452.25,391
2025-01-04T01:30:00+00:00,18452.25,18453.75,18449.0,18450.25,216
2025-01-04T01:31:00+00:00,18450.25,18451.5,18450.0,18450.75,252
2025-01-04T01:32:00+00:00,18450.75,18452.0,18448.5,18449.25,426
2025-01-04T01:33:00+00:00,18449.25,18450.75,18447.75,18448.0,412
2025-01-04T01:34:00+00:00,18448.0,18449.25,18446.75,18448.25,113
2025-01-04T01:35:00+00:00,18448.25,18448.5,18444.5,18445.5,327
2025-01-04T01:36:00+00:00,18445.5,18446.5,18442.0,18443.0,146
2025-01-04T01:37:00+00:00,18443.0,18443.0,18439.75,18441.0,322
2025-01-04T01:38:00+00:00,18441.0,18441.5,18438.75,18440.25,155
2025-01-04T01:39:00+00:00,18440.25,18441.25,18438.75,18441.25,323
2025-01-04T01:40:00+00:00,18441.25,18444.5,18440.25,18443.75,73
2025-01-04T01:41:00+00:00,18443.75,18444.25,18441.0,18441.75,142
2025-01-04T01:42:00+00:00,18441.75,18443.25,18439.0,18440.0,212
2025-01-04T01:43:00+00:00,18440.0,18441.75,18440.0,18441.75,100
2025-01-04T01:44:00+00:00,18441.75,18442.25,18439.25,18439.5,143
2025-01-04T01:45:00+00:00,18439.5,18439.75,18437.75,18438.25,258
2025-01-04T01:46:00+00:00,18438.25,18438.25,18434.5,18435.5,216
2025-01-04T01:47:00+00:00,18435.5,18436.75,18434.75,18434.75,202
2025-01-04T01:48:00+00:00,18434.75,18435.25,18432.75,18433.0,261
2025-01-04T01:49:00+00:00,18433.0,18435.25,18431.5,18434.5,111
2025-01-04T01:50:00+00:00,18434.5,18434.75,18432.75,18434.25,355
2025-01-04T01:51:00+00:00,18434.25,18435.0,18430.75,18431.75,435
2025-01-04T01:52:00+00:00,18431.75,18434.0,18431.25,18434.0,81
2025-01-04T01:53:00+00:00,18434.0,18436.5,18433.25,18435.5,83
2025-01-04T01:54:00+00:00,18435.5,18436.25,18432.25,18433.5,169
2025-01-04T01:55:00+00:00,18433.5,18434.75,18432.5,18433.75,395
2025-01-04T01:56:00+00:00,18433.75,18435.25,18432.25,18433.25,383
2025-01-04T01:57:00+00:00,18433.25,18435.0,18432.5,18434.0,278
2025-01-04T01:58:00+00:00,18434.0,18435.5,18433.25,18433.5,241
2025-01-04T01:59:00+00:00,18433.5,18435.0,18431.0,18431.25,325
2025-01-04T02:00:00+00:00,18431.25,18433.0,18431.25,18433.0,466
2025-01-04T02:01:00+00:00,18433.0,18436.25,18432.75,18435.0,50
2025-01-04T02:02:00+00:00,18435.0,18435.75,18434.0,18435.25,178
2025-01-04T02:03:00+00:00,18435.25,18438.5,18433.75,18438.0,373
2025-01-04T02:04:00+00:00,18438.0,18439.0,18437.75,18439.0,428
2025-01-04T02:05:00+00:00,18439.0,18439.5,18436.75,18436.75,252
2025-01-04T02:06:00+00:00,18436.75,18438.25,18433.5,18433.75,421
2025-01-04T02:07:00+00:00,18433.75,18436.75,18433.5,18436.0,362
2025-01-04T02:08:00+00:00,18436.0,18439.5,18435.5,18438.25,375
2025-01-04T02:09:00+00:00,18438.25,18440.0,18438.0,18439.5,389
2025-01-04T02:10:00+00:00,18439.5,18441.25,18438.75,18441.0,356
2025-01-04T02:11:00+00:00,18441.0,18442.25,18439.25,18439.5,380
2025-01-04T02:12:00+00:00,18439.5,18439.75,18439.5,18439.75,394
2025-01-04T02:13:00+00:00,18439.75,18441.5,18438.5,18440.5,410
2025-01-04T02:14:00+00:00,18440.5,18443.5,18440.5,18442.5,453
2025-01-04T02:15:00+00:00,18442.5,18443.5,18439.75,18439.75,476
2025-01-04T02:16:00+00:00,18439.75,18443.75,18439.75,18442.5,230
2025-01-04T02:17:00+00:00,18442.5,18445.0,18442.25,18444.25,479
2025-01-04T02:18:00+00:00,18444.25,18444.25,18440.5,18441.25,239
2025-01-04T02:19:00+00:00,18441.25,18442.25,18441.0,18442.25,430
2025-01-04T02:20:00+00:00,18442.25,18443.75,18441.0,18442.5,233
2025-01-04T02:21:00+00:00,18442.5,18444.0,18440.5,18441.5,370
2025-01-04T02:22:00+00:00,18441.5,18441.75,18439.5,18440.25,235
2025-01-04T02:23:00+00:00,18440.25,18441.25,18439.0,18440.5,411
2025-01-04T02:24:00+00:00,18440.5,18440.5,18437.75,18438.0,470
2025-01-04T02:25:00+00:00,18438.0,18440.75,18436.5,18440.75,192
2025-01-04T02:26:00+00:00,18440.75,18443.5,18439.75,18443.25,149
2025-01-04T02:27:00+00:00,18443.25,18443.25,18439.5,18440.5,115
2025-01-04T02:28:00+00:00,18440.5,18440.75,18437.0,18437.5,341
2025-01-04T02:29:00+00:00,18437.5,18438.75,18436.0,18438.5,397
2025-01-04T02:30:00+00:00,18438.5,18440.0,18437.5,18438.75,282
2025-01-04T02:31:00+00:00,18438.75,18440.25,18437.5,18439.0,382
2025-01-04T02:32:00+00:00,18439.0,18440.0,18437.5,18439.25,258
2025-01-04T02:33:00+00:00,18439.25,18440.5,18437.0,18438.0,288
2025-01-04T02:34:00+00:00,18438.0,18441.0,18436.5,18440.0,72
2025-01-04T02:35:00+00:00,18440.0,18440.0,18436.5,18437.0,265
2025-01-04T02:36:00+00:00,18437.0,18439.75,18437.0,18439.25,250
2025-01-04T02:37:00+00:00,18439.25,18440.25,18438.25,18440.25,463
2025-01-04T02:38:00+00:00,18440.25,18441.5,18439.25,18440.0,88
2025-01-04T02:39:00+00:00,18440.0,18440.25,18438.5,18439.0,209
2025-01-04T02:40:00+00:00,18439.0,18439.0,18437.75,18438.5,271
2025-01-04T02:41:00+00:00,18438.5,18440.25,18438.0,18438.75,176
2025-01-04T02:42:00+00:00,18438.75,18439.5,18438.25,18439.25,476
2025-01-04T02:43:00+00:00,18439.25,18440.5,18437.75,18439.5,171
2025-01-04T02:44:00+00:00,18439.5,18441.5,18439.5,18440.0,370
2025-01-04T02:45:00+00:00,18440.0,18440.0,18438.0,18438.0,67
2025-01-04T02:46:00+00:00,18438.0,18441.25,18436.75,18439.75,83
2025-01-04T02:47:00+00:00,18439.75,18441.25,18438.25,18439.0,78
2025-01-04T02:48:00+00:00,18439.0,18440.25,18439.0,18440.25,396
2025-01-04T02:49:00+00:00,18440.25,18440.75,18438.5,18440.0,245
2025-01-04T02:50:00+00:00,18440.0,18441.0,18436.75,18438.25,260
2025-01-04T02:51:00+00:00,18438.25,18439.0,18436.5,18437.25,287
2025-01-04T02:52:00+00:00,18437.25,18437.75,18434.25,18435.5,395
2025-01-04T02:53:00+00:00,18435.5,18436.75,18435.0,18435.75,350
2025-01-04T02:54:00+00:00,18435.75,18435.75,18434.75,18434.75,354
2025-01-04T02:55:00+00:00,18434.75,18435.75,18430.25,18431.75,480
2025-01-04T02:56:00+00:00,18431.75,18433.0,18429.75,18430.75,181
2025-01-04T02:57:00+00:00,18430.75,18433.0,18429.5,18432.25,367
2025-01-04T02:58:00+00:00,18432.25,18432.5,18430.0,18430.25,458
2025-01-04T02:59:00+00:00,18430.25,18430.5,18429.5,18430.0,349
2025-01-04T03:00:00+00:00,18430.0,18432.25,18429.0,18431.75,327
2025-01-04T03:01:00+00:00,18431.75,18432.5,18430.5,18431.0,358
2025-01-04T03:02:00+00:00,18431.0,18433.0,18431.0,18432.5,315
2025-01-04T03:03:00+00:00,18432.5,18432.5,18429.75,18430.0,309
2025-01-04T03:04:00+00:00,18430.0,18430.75,18427.25,18427.75,150
2025-01-04T03:05:00+00:00,18427.75,18429.25,18426.75,18426.75,224
2025-01-04T03:06:00+00:00,18426.75,18429.0,18425.5,18427.75,289
2025-01-04T03:07:00+00:00,18427.75,18431.75,18426.75,18430.25,339
2025-01-04T03:08:00+00:00,18430.25,18432.5,18429.75,18431.75,133
2025-01-04T03:09:00+00:00,18431.75,18433.75,18431.75,18432.25,303
2025-01-04T03:10:00+00:00,18432.25,18433.5,18431.0,18431.25,404
2025-01-04T03:11:00+00:00,18431.25,18433.25,18431.0,18432.25,172
2025-01-04T03:12:00+00:00,18432.25,18435.75,18431.0,18434.25,242
2025-01-04T03:13:00+00:00,18434.25,18435.5,18432.75,18435.25,53
2025-01-04T03:14:00+00:00,18435.25,18435.25,18433.25,18433.75,65
2025-01-04T03:15:00+00:00,18433.75,18434.0,18431.0,18431.5,275
2025-01-04T03:16:00+00:00,18431.5,18432.5,18431.5,18432.5,151
2025-01-04T03:17:00+00:00,18432.5,18433.75,18432.25,18433.5,184
2025-01-04T03:18:00+00:00,18433.5,18434.0,18429.0,18430.5,333
2025-01-04T03:19:00+00:00,18430.5,18430.75,18429.5,18429.5,140
2025-01-04T03:20:00+00:00,18429.5,18429.5,18426.75,18428.25,396
2025-01-04T03:21:00+00:00,18428.25,18430.25,18426.75,18429.0,106
2025-01-04T03:22:00+00:00,18429.0,18429.5,18426.75,18427.5,172
2025-01-04T03:23:00+00:00,18427.5,18430.25,18427.25,18429.0,319
2025-01-04T03:24:00+00:00,18429.0,18432.75,18429.0,18431.5,110
2025-01-04T03:25:00+00:00,18431.5,18433.0,18430.5,18430.75,148
2025-01-04T03:26:00+00:00,18430.75,18434.25,18430.25,18433.0,212
2025-01-04T03:27:00+00:00,18433.0,18436.75,18432.75,18435.5,73
2025-01-04T03:28:00+00:00,18435.5,18437.0,18432.0,18433.0,200
2025-01-04T03:29:00+00:00,18433.0,18434.0,18433.0,18433.75,372
2025-01-04T03:30:00+00:00,18433.75,18435.25,18431.5,18432.5,349
2025-01-04T03:31:00+00:00,18432.5,18433.75,18430.5,18430.5,451
2025-01-04T03:32:00+00:00,18430.5,18430.75,18427.5,18428.5,248
2025-01-04T03:33:00+00:00,18428.5,18432.0,18427.5,18431.25,287
2025-01-04T03:34:00+00:00,18431.25,18433.25,18430.75,18432.0,319
2025-01-04T03:35:00+00:00,18432.0,18436.25,18431.25,18435.0,292
2025-01-04T03:36:00+00:00,18435.0,18437.5,18433.5,18436.25,348
2025-01-04T03:37:00+00:00,18436.25,18436.5,18433.25,18433.5,153
2025-01-04T03:38:00+00:00,18433.5,18434.25,18431.25,18431.5,206
2025-01-04T03:39:00+00:00,18431.5,18434.25,18431.25,18433.25,481
2025-01-04T03:40:00+00:00,18433.25,18435.75,18433.25,18434.75,118
2025-01-04T03:41:00+00:00,18434.75,18436.0,18433.75,18435.25,230
2025-01-04T03:42:00+00:00,18435.25,18436.0,18433.25,18434.25,368
2025-01-04T03:43:00+00:00,18434.25,18436.5,18433.5,18435.75,271
2025-01-04T03:44:00+00:00,18435.75,18439.0,18435.0,18437.5,212
2025-01-04T03:45:00+00:00,18437.5,18438.75,18437.25,18438.75,276
2025-01-04T03:46:00+00:00,18438.75,18441.0,18438.75,18439.75,233
2025-01-04T03:47:00+00:00,18439.75,18441.75,18438.75,18440.25,312
2025-01-04T03:48:00+00:00,18440.25,18441.75,18437.5,18438.0,166
2025-01-04T03:49:00+00:00,18438.0,18438.0,18437.0,18437.5,69
2025-01-04T03:50:00+00:00,18437.5,18438.0,18435.0,18435.25,395
2025-01-04T03:51:00+00:00,18435.25,18437.25,18434.0,18436.75,467
2025-01-04T03:52:00+00:00,18436.75,18439.75,18435.5,18439.5,359
2025-01-04T03:53:00+00:00,18439.5,18440.25,18438.0,18440.25,203
2025-01-04T03:54:00+00:00,18440.25,18443.0,18439.5,18441.5,257
2025-01-04T03:55:00+00:00,18441.5,18442.25,18437.75,18439.0,312
2025-01-04T03:56:00+00:00,18439.0,18440.0,18438.75,18439.75,420
2025-01-04T03:57:00+00:00,18439.75,18440.5,18436.5,18436.75,314
2025-01-04T03:58:00+00:00,18436.75,18440.5,18435.25,18439.25,286
2025-01-04T03:59:00+00:00,18439.25,18439.75,18436.25,18437.75,146
2025-01-04T04:00:00+00:00,18437.75,18439.75,18437.0,18439.5,280
2025-01-04T04:01:00+00:00,18439.5,18440.0,18437.0,18437.25,345
2025-01-04T04:02:00+00:00,18437.25,18439.25,18437.25,18438.0,305
2025-01-04T04:03:00+00:00,18438.0,18441.25,18437.75,18440.75,264
2025-01-04T04:04:00+00:00,18440.75,18444.0,18439.25,18442.5,403
2025-01-04T04:05:00+00:00,18442.5,18445.25,18441.5,18444.75,61
2025-01-04T04:06:00+00:00,18444.75,18445.0,18442.0,18442.25,219
2025-01-04T04:07:00+00:00,18442.25,18445.5,18442.0,18444.75,250
2025-01-04T04:08:00+00:00,18444.75,18445.5,18444.0,18445.25,105
2025-01-04T04:09:00+00:00,18445.25,18448.0,18444.75,18446.75,97
2025-01-04T04:10:00+00:00,18446.75,18448.0,18445.0,18446.0,140
2025-01-04T04:11:00+00:00,18446.0,18446.25,18445.75,18446.25,151
2025-01-04T04:12:00+00:00,18446.25,18447.25,18446.0,18446.75,169
2025-01-04T04:13:00+00:00,18446.75,18447.5,18445.5,18445.5,238
2025-01-04T04:14:00+00:00,18445.5,18445.75,18442.75,18443.25,490
2025-01-04T04:15:00+00:00,18443.25,18445.25,18443.25,18445.0,116
2025-01-04T04:16:00+00:00,18445.0,18448.0,18443.75,18447.25,85
2025-01-04T04:17:00+00:00,18447.25,18447.5,18444.0,18445.5,155
2025-01-04T04:18:00+00:00,18445.5,18448.25,18444.25,18446.75,390
2025-01-04T04:19:00+00:00,18446.75,18447.75,18443.75,18444.75,208
2025-01-04T04:20:00+00:00,18444.75,18445.75,18441.0,18442.25,400
2025-01-04T04:21:00+00:00,18442.25,18444.5,18442.25,18444.25,123
2025-01-04T04:22:00+00:00,18444.25,18445.75,18441.5,18442.25,359
2025-01-04T04:23:00+00:00,18442.25,18444.25,18441.5,18443.25,285
2025-01-04T04:24:00+00:00,18443.25,18444.5,18441.25,18441.25,197
2025-01-04T04:25:00+00:00,18441.25,18444.5,18440.0,18444.0,481
2025-01-04T04:26:00+00:00,18444.0,18447.75,18443.0,18447.0,471
2025-01-04T04:27:00+00:00,18447.0,18448.0,18446.75,18447.75,366
2025-01-04T04:28:00+00:00,18447.75,18451.5,18447.0,18450.75,387
2025-01-04T04:29:00+00:00,18450.75,18451.5,18448.75,18450.0,72
2025-01-04T04:30:00+00:00,18450.0,18450.5,18447.75,18449.0,325
2025-01-04T04:31:00+00:00,18449.0,18450.25,18446.5,18447.75,419
2025-01-04T04:32:00+00:00,18447.75,18449.5,18446.25,18448.75,333
2025-01-04T04:33:00+00:00,18448.75,18449.25,18447.25,18449.25,103
2025-01-04T04:34:00+00:00,18449.25,18452.25,18448.5,18451.5,134
2025-01-04T04:35:00+00:00,18451.5,18452.5,18450.25,18450.25,286
2025-01-04T04:36:00+00:00,18450.25,18451.5,18448.75,18450.0,395
2025-01-04T04:37:00+00:00,18450.0,18453.75,18449.5,18453.0,431
2025-01-04T04:38:00+00:00,18453.0,18453.75,18451.25,18451.25,55
2025-01-04T04:39:00+00:00,18451.25,18452.5,18449.75,18450.0,217
2025-01-04T04:40:00+00:00,18450.0,18453.5,18449.25,18452.75,84
2025-01-04T04:41:00+00:00,18452.75,18454.0,18451.5,18452.25,121
2025-01-04T04:42:00+00:00,18452.25,18455.75,18452.0,18454.25,137
2025-01-04T04:43:00+00:00,18454.25,18454.5,18453.5,18454.0,113
2025-01-04T04:44:00+00:00,18454.0,18456.5,18454.0,18456.25,393
2025-01-04T04:45:00+00:00,18456.25,18456.75,18455.5,18456.5,233
2025-01-04T04:46:00+00:00,18456.5,18457.75,18455.75,18455.75,395
2025-01-04T04:47:00+00:00,18455.75,18456.5,18452.25,18453.5,74
2025-01-04T04:48:00+00:00,18453.5,18454.25,18449.5,18450.75,207
2025-01-04T04:49:00+00:00,18450.75,18451.75,18448.75,18448.75,74
2025-01-04T04:50:00+00:00,18448.75,18449.0,18446.5,18447.0,172
2025-01-04T04:51:00+00:00,18447.0,18447.0,18445.25,18446.0,64
2025-01-04T04:52:00+00:00,18446.0,18447.75,18445.75,18446.25,398
2025-01-04T04:53:00+00:00,18446.25,18446.5,18443.5,18443.5,458
2025-01-04T04:54:00+00:00,18443.5,18444.75,18440.5,18440.75,72
2025-01-04T04:55:00+00:00,18440.75,18442.25,18438.5,18439.0,215
2025-01-04T04:56:00+00:00,18439.0,18440.0,18436.5,18436.75,327
2025-01-04T04:57:00+00:00,18436.75,18438.5,18436.5,18438.5,159
2025-01-04T04:58:00+00:00,18438.5,18439.5,18438.25,18439.0,57
2025-01-04T04:59:00+00:00,18439.0,18440.75,18438.25,18440.75,158
2025-01-04T05:00:00+00:00,18440.75,18440.75,18437.5,18438.75,467
2025-01-04T05:01:00+00:00,18438.75,18440.0,18438.75,18440.0,161
2025-01-04T05:02:00+00:00,18440.0,18443.25,18439.0,18441.75,305
2025-01-04T05:03:00+00:00,18441.75,18442.25,18441.25,18441.25,357
2025-01-04T05:04:00+00:00,18441.25,18444.0,18439.75,18442.75,405
2025-01-04T05:05:00+00:00,18442.75,18443.75,18441.5,18443.5,439
2025-01-04T05:06:00+00:00,18443.5,18448.0,18442.25,18446.5,296
2025-01-04T05:07:00+00:00,18446.5,18447.0,18445.5,18447.0,349
2025-01-04T05:08:00+00:00,18447.0,18450.0,18445.75,18449.0,429
2025-01-04T05:09:00+00:00,18449.0,18449.25,18448.0,18448.0,365
2025-01-04T05:10:00+00:00,18448.0,18448.75,18446.75,18448.5,269
2025-01-04T05:11:00+00:00,18448.5,18448.5,18447.25,18447.5,241
2025-01-04T05:12:00+00:00,18447.5,18449.75,18447.25,18449.5,242
2025-01-04T05:13:00+00:00,18449.5,18449.75,18447.25,18448.5,356
2025-01-04T05:14:00+00:00,18448.5,18450.75,18448.0,18450.5,212
2025-01-04T05:15:00+00:00,18450.5,18451.5,18446.25,18447.75,262
2025-01-04T05:16:00+00:00,18447.75,18452.0,18447.75,18450.5,167
2025-01-04T05:17:00+00:00,18450.5,18454.0,18450.25,18453.5,155
2025-01-04T05:18:00+00:00,18453.5,18454.75,18451.0,18451.25,460
2025-01-04T05:19:00+00:00,18451.25,18452.25,18447.0,18448.5,245
2025-01-04T05:20:00+00:00,18448.5,18451.0,18447.75,18450.75,372
2025-01-04T05:21:00+00:00,18450.75,18452.25,18449.75,18450.5,85
2025-01-04T05:22:00+00:00,18450.5,18451.75,18449.25,18449.5,154
2025-01-04T05:23:00+00:00,18449.5,18449.75,18447.75,18448.75,331
2025-01-04T05:24:00+00:00,18448.75,18449.75,18447.75,18447.75,268
2025-01-04T05:25:00+00:00,18447.75,18451.25,18447.5,18450.75,419
2025-01-04T05:26:00+00:00,18450.75,18451.5,18449.5,18449.75,360
2025-01-04T05:27:00+00:00,18449.75,18451.25,18448.75,18450.75,279
2025-01-04T05:28:00+00:00,18450.75,18451.25,18446.5,18448.0,450
2025-01-04T05:29:00+00:00,18448.0,18448.5,18445.25,18446.0,243
2025-01-04T05:30:00+00:00,18446.0,18447.5,18445.25,18446.75,308
2025-01-04T05:31:00+00:00,18446.75,18450.75,18446.5,18449.25,469
2025-01-04T05:32:00+00:00,18449.25,18450.75,18446.5,18447.25,268
2025-01-04T05:33:00+00:00,18447.25,18448.75,18446.25,18447.75,128
2025-01-04T05:34:00+00:00,18447.75,18448.25,18444.75,18445.5,287
2025-01-04T05:35:00+00:00,18445.5,18447.25,18444.75,18446.75,337
2025-01-04T05:36:00+00:00,18446.75,18449.25,18446.25,18449.25,119
2025-01-04T05:37:00+00:00,18449.25,18452.5,18449.0,18452.25,147
2025-01-04T05:38:00+00:00,18452.25,18453.75,18451.0,18452.0,423
2025-01-04T05:39:00+00:00,18452.0,18455.75,18451.25,18455.0,262
2025-01-04T05:40:00+00:00,18455.0,18457.5,18454.25,18456.75,207
2025-01-04T05:41:00+00:00,18456.75,18457.5,18454.0,18454.0,113
2025-01-04T05:42:00+00:00,18454.0,18454.25,18450.75,18452.25,273
2025-01-04T05:43:00+00:00,18452.25,18454.5,18451.0,18453.5,300
2025-01-04T05:44:00+00:00,18453.5,18457.5,18453.5,18456.25,383
2025-01-04T05:45:00+00:00,18456.25,18459.25,18456.0,18458.0,174
2025-01-04T05:46:00+00:00,18458.0,18459.5,18455.5,18456.0,373
2025-01-04T05:47:00+00:00,18456.0,18457.25,18451.75,18453.0,380
2025-01-04T05:48:00+00:00,18453.0,18454.75,18452.25,18453.75,398
2025-01-04T05:49:00+00:00,18453.75,18454.75,18452.75,18454.5,346
2025-01-04T05:50:00+00:00,18454.5,18454.5,18451.75,18451.75,444
2025-01-04T05:51:00+00:00,18451.75,18453.0,18450.5,18452.25,350
2025-01-04T05:52:00+00:00,18452.25,18453.0,18451.5,18451.75,474
2025-01-04T05:53:00+00:00,18451.75,18454.75,18451.25,18453.5,306
2025-01-04T05:54:00+00:00,18453.5,18456.75,18453.0,18455.75,425
2025-01-04T05:55:00+00:00,18455.75,18455.75,18452.75,18454.0,343
2025-01-04T05:56:00+00:00,18454.0,18454.5,18451.25,18452.5,157
2025-01-04T05:57:00+00:00,18452.5,18456.75,18452.0,18455.5,53
2025-01-04T05:58:00+00:00,18455.5,18456.25,18455.5,18456.25,85
2025-01-04T05:59:00+00:00,18456.25,18460.25,18455.5,18459.25,385
2025-01-04T06:00:00+00:00,18459.25,18460.75,18459.0,18460.5,241
2025-01-04T06:01:00+00:00,18460.5,18460.75,18459.0,18459.75,143
2025-01-04T06:02:00+00:00,18459.75,18460.5,18456.5,18457.5,466
2025-01-04T06:03:00+00:00,18457.5,18457.75,18456.5,18456.5,433
2025-01-04T06:04:00+00:00,18456.5,18457.0,18454.25,18455.75,259
2025-01-04T06:05:00+00:00,18455.75,18457.25,18452.5,18453.75,135
2025-01-04T06:06:00+00:00,18453.75,18454.25,18453.0,18454.25,113
2025-01-04T06:07:00+00:00,18454.25,18454.75,18453.0,18453.0,349
2025-01-04T06:08:00+00:00,18453.0,18454.75,18451.75,18454.0,439
2025-01-04T06:09:00+00:00,18454.0,18454.0,18453.0,18453.5,434
2025-01-04T06:10:00+00:00,18453.5,18453.5,18453.0,18453.25,317
2025-01-04T06:11:00+00:00,18453.25,18454.5,18452.25,18453.5,439
2025-01-04T06:12:00+00:00,18453.5,18455.5,18452.0,18454.75,222
2025-01-04T06:13:00+00:00,18454.75,18457.75,18454.25,18457.25,399
2025-01-04T06:14:00+00:00,18457.25,18460.25,18457.0,18458.75,234
2025-01-04T06:15:00+00:00,18458.75,18462.25,18457.75,18461.5,79
2025-01-04T06:16:00+00:00,18461.5,18464.5,18461.5,18463.0,51
2025-01-04T06:17:00+00:00,18463.0,18466.25,18461.5,18465.0,121
2025-01-04T06:18:00+00:00,18465.0,18466.5,18463.75,18464.75,193
2025-01-04T06:19:00+00:00,18464.75,18465.25,18461.0,18461.75,366
2025-01-04T06:20:00+00:00,18461.75,18465.5,18461.0,18464.5,388
2025-01-04T06:21:00+00:00,18464.5,18465.75,18462.0,18463.5,214
2025-01-04T06:22:00+00:00,18463.5,18465.25,18463.5,18463.75,463
2025-01-04T06:23:00+00:00,18463.75,18468.0,18463.0,18466.75,169
2025-01-04T06:24:00+00:00,18466.75,18470.0,18465.5,18469.25,363
2025-01-04T06:25:00+00:00,18469.25,18470.5,18468.5,18469.75,387
2025-01-04T06:26:00+00:00,18469.75,18471.0,18466.0,18466.75,200
2025-01-04T06:27:00+00:00,18466.75,18468.0,18464.0,18464.25,495
2025-01-04T06:28:00+00:00,18464.25,18464.5,18461.25,18462.0,457
2025-01-04T06:29:00+00:00,18462.0,18464.0,18460.75,18462.5,330
2025-01-04T06:30:00+00:00,18462.5,18463.25,18460.5,18460.5,296
2025-01-04T06:31:00+00:00,18460.5,18460.75,18457.5,18457.75,137
2025-01-04T06:32:00+00:00,18457.75,18457.75,18454.25,18455.0,416
2025-01-04T06:33:00+00:00,18455.0,18455.5,18454.0,18454.75,442
2025-01-04T06:34:00+00:00,18454.75,18456.0,18453.0,18453.5,390
2025-01-04T06:35:00+00:00,18453.5,18454.75,18451.25,18451.5,323
2025-01-04T06:36:00+00:00,18451.5,18454.25,18450.0,18454.25,404
2025-01-04T06:37:00+00:00,18454.25,18455.25,18451.25,18452.75,357
2025-01-04T06:38:00+00:00,18452.75,18454.0,18451.5,18453.25,430
2025-01-04T06:39:00+00:00,18453.25,18457.5,18452.0,18456.25,451
2025-01-04T06:40:00+00:00,18456.25,18460.0,18456.0,18458.5,164
2025-01-04T06:41:00+00:00,18458.5,18459.0,18457.25,18457.25,107
2025-01-04T06:42:00+00:00,18457.25,18459.0,18456.25,18457.75,146
2025-01-04T06:43:00+00:00,18457.75,18458.75,18454.25,18454.75,115
2025-01-04T06:44:00+00:00,18454.75,18457.25,18453.5,18456.25,50
2025-01-04T06:45:00+00:00,18456.25,18457.25,18454.0,18455.0,147
2025-01-04T06:46:00+00:00,18455.0,18457.25,18453.5,18456.75,236
2025-01-04T06:47:00+00:00,18456.75,18457.75,18452.75,18454.0,358
2025-01-04T06:48:00+00:00,18454.0,18454.0,18450.75,18451.5,54
2025-01-04T06:49:00+00:00,18451.5,18454.25,18451.25,18453.75,467
2025-01-04T06:50:00+00:00,18453.75,18454.5,18451.25,18452.5,283
2025-01-04T06:51:00+00:00,18452.5,18453.5,18451.25,18453.25,390
2025-01-04T06:52:00+00:00,18453.25,18454.25,18449.75,18450.25,208
2025-01-04T06:53:00+00:00,18450.25,18450.75,18446.5,18448.0,411
2025-01-04T06:54:00+00:00,18448.0,18451.75,18446.5,18450.5,160
2025-01-04T06:55:00+00:00,18450.5,18453.75,18449.75,18452.5,80
2025-01-04T06:56:00+00:00,18452.5,18454.0,18449.75,18451.0,157
2025-01-04T06:57:00+00:00,18451.0,18452.25,18446.75,18448.0,76
2025-01-04T06:58:00+00:00,18448.0,18450.0,18447.25,18448.75,203
2025-01-04T06:59:00+00:00,18448.75,18448.75,18445.0,18446.0,250
2025-01-04T07:00:00+00:00,18446.0,18448.75,18445.25,18447.5,228
2025-01-04T07:01:00+00:00,18447.5,18449.25,18446.5,18449.25,422
2025-01-04T07:02:00+00:00,18449.25,18451.75,18449.0,18450.5,408
2025-01-04T07:03:00+00:00,18450.5,18452.75,18450.25,18452.75,215
2025-01-04T07:04:00+00:00,18452.75,18454.25,18449.0,18450.25,205
2025-01-04T07:05:00+00:00,18450.25,18451.25,18448.0,18448.25,276
2025-01-04T07:06:00+00:00,18448.25,18451.75,18448.0,18451.25,157
2025-01-04T07:07:00+00:00,18451.25,18452.5,18449.0,18450.25,54
2025-01-04T07:08:00+00:00,18450.25,18451.5,18447.25,18448.75,489
2025-01-04T07:09:00+00:00,18448.75,18450.25,18447.5,18449.5,480
2025-01-04T07:10:00+00:00,18449.5,18449.5,18448.25,18448.75,292
2025-01-04T07:11:00+00:00,18448.75,18448.75,18447.0,18448.0,382
2025-01-04T07:12:00+00:00,18448.0,18449.75,18446.75,18449.5,419
2025-01-04T07:13:00+00:00,18449.5,18449.5,18447.75,18447.75,173
2025-01-04T07:14:00+00:00,18447.75,18450.0,18446.5,18449.5,355
2025-01-04T07:15:00+00:00,18449.5,18451.75,18448.25,18450.25,457
2025-01-04T07:16:00+00:00,18450.25,18451.75,18446.75,18447.5,492
2025-01-04T07:17:00+00:00,18447.5,18450.75,18446.25,18450.25,384
2025-01-04T07:18:00+00:00,18450.25,18452.25,18450.25,18452.25,109
2025-01-04T07:19:00+00:00,18452.25,18453.0,18450.5,18451.75,392
2025-01-04T07:20:00+00:00,18451.75,18451.75,18448.5,18449.5,343
2025-01-04T07:21:00+00:00,18449.5,18452.5,18448.25,18452.0,431
2025-01-04T07:22:00+00:00,18452.0,18452.75,18450.75,18451.5,380
2025-01-04T07:23:00+00:00,18451.5,18455.0,18450.5,18454.5,114
2025-01-04T07:24:00+00:00,18454.5,18455.0,18453.25,18455.0,491
2025-01-04T07:25:00+00:00,18455.0,18455.75,18451.25,18452.75,408
2025-01-04T07:26:00+00:00,18452.75,18454.0,18451.25,18453.0,324
2025-01-04T07:27:00+00:00,18453.0,18455.25,18452.0,18455.25,478
2025-01-04T07:28:00+00:00,18455.25,18456.75,18451.25,18452.75,156
2025-01-04T07:29:00+00:00,18452.75,18453.0,18448.5,18450.0,356
2025-01-04T07:30:00+00:00,18450.0,18450.0,18446.0,18447.0,278
2025-01-04T07:31:00+00:00,18447.0,18447.0,18445.25,18445.5,344
2025-01-04T07:32:00+00:00,18445.5,18445.5,18443.5,18444.5,181
2025-01-04T07:33:00+00:00,18444.5,18444.5,18443.25,18444.25,202
2025-01-04T07:34:00+00:00,18444.25,18445.0,18441.5,18442.75,50
2025-01-04T07:35:00+00:00,18442.75,18443.75,18441.75,18443.75,450
2025-01-04T07:36:00+00:00,18443.75,18445.25,18442.75,18445.0,301
2025-01-04T07:37:00+00:00,18445.0,18449.0,18444.5,18448.0,360
2025-01-04T07:38:00+00:00,18448.0,18449.25,18445.75,18445.75,389
2025-01-04T07:39:00+00:00,18445.75,18445.75,18445.25,18445.5,122
2025-01-04T07:40:00+00:00,18445.5,18445.75,18443.25,18444.25,332
2025-01-04T07:41:00+00:00,18444.25,18445.75,18444.0,18445.25,423
2025-01-04T07:42:00+00:00,18445.25,18447.75,18444.25,18447.75,180
2025-01-04T07:43:00+00:00,18447.75,18450.25,18447.5,18449.0,254
2025-01-04T07:44:00+00:00,18449.0,18449.5,18445.75,18447.0,267
2025-01-04T07:45:00+00:00,18447.0,18448.0,18443.75,18444.0,86
2025-01-04T07:46:00+00:00,18444.0,18448.0,18442.75,18446.75,380
2025-01-04T07:47:00+00:00,18446.75,18448.75,18445.5,18447.75,381
2025-01-04T07:48:00+00:00,18447.75,18448.5,18444.0,18445.5,128
2025-01-04T07:49:00+00:00,18445.5,18447.75,18445.5,18447.0,359
2025-01-04T07:50:00+00:00,18447.0,18447.5,18446.0,18446.0,322
2025-01-04T07:51:00+00:00,18446.0,18446.5,18445.5,18446.5,377
2025-01-04T07:52:00+00:00,18446.5,18447.5,18445.0,18447.0,189
2025-01-04T07:53:00+00:00,18447.0,18447.5,18446.25,18446.25,100
2025-01-04T07:54:00+00:00,18446.25,18447.0,18444.5,18444.5,450
2025-01-04T07:55:00+00:00,18444.5,18445.5,18442.75,18444.0,498
2025-01-04T07:56:00+00:00,18444.0,18445.25,18443.0,18445.25,228
2025-01-04T07:57:00+00:00,18445.25,18449.25,18444.75,18448.25,361
2025-01-04T07:58:00+00:00,18448.25,18448.5,18447.25,18447.75,434
2025-01-04T07:59:00+00:00,18447.75,18448.25,18444.5,18446.0,429
2025-01-04T08:00:00+00:00,18446.0,18449.5,18445.0,18448.75,115
2025-01-04T08:01:00+00:00,18448.75,18450.0,18446.5,18447.5,415
2025-01-04T08:02:00+00:00,18447.5,18447.75,18446.0,18446.75,340
2025-01-04T08:03:00+00:00,18446.75,18449.75,18445.5,18449.75,377
2025-01-04T08:04:00+00:00,18449.75,18451.0,18447.25,18448.25,264
2025-01-04T08:05:00+00:00,18448.25,18451.5,18447.5,18451.25,231
2025-01-04T08:06:00+00:00,18451.25,18453.75,18450.5,18453.25,316
2025-01-04T08:07:00+00:00,18453.25,18453.75,18449.0,18450.25,489
2025-01-04T08:08:00+00:00,18450.25,18451.5,18448.75,18450.75,210
2025-01-04T08:09:00+00:00,18450.75,18450.75,18449.0,18450.25,172
2025-01-04T08:10:00+00:00,18450.25,18451.25,18449.75,18449.75,93
2025-01-04T08:11:00+00:00,18449.75,18453.75,18449.0,18452.75,463
2025-01-04T08:12:00+00:00,18452.75,18454.25,18451.75,18453.0,424
2025-01-04T08:13:00+00:00,18453.0,18454.5,18452.0,18453.75,400
2025-01-04T08:14:00+00:00,18453.75,18454.5,18451.0,18451.0,365
2025-01-04T08:15:00+00:00,18451.0,18452.25,18449.25,18450.0,409
2025-01-04T08:16:00+00:00,18450.0,18452.5,18448.75,18452.25,388
2025-01-04T08:17:00+00:00,18452.25,18453.25,18449.25,18450.0,136
2025-01-04T08:18:00+00:00,18450.0,18450.25,18447.25,18447.25,237
2025-01-04T08:19:00+00:00,18447.25,18448.0,18446.5,18448.0,303
2025-01-04T08:20:00+00:00,18448.0,18448.5,18446.25,18446.25,223
2025-01-04T08:21:00+00:00,18446.25,18447.75,18442.5,18443.5,485
2025-01-04T08:22:00+00:00,18443.5,18444.5,18442.75,18444.0,200
2025-01-04T08:23:00+00:00,18444.0,18444.0,18441.5,18442.75,373
2025-01-04T08:24:00+00:00,18442.75,18445.5,18442.25,18445.25,379
2025-01-04T08:25:00+00:00,18445.25,18446.0,18442.0,18443.0,484
2025-01-04T08:26:00+00:00,18443.0,18443.5,18441.0,18441.0,365
2025-01-04T08:27:00+00:00,18441.0,18443.5,18440.5,18443.0,104
2025-01-04T08:28:00+00:00,18443.0,18444.5,18442.75,18443.25,255
2025-01-04T08:29:00+00:00,18443.25,18443.25,18441.0,18441.75,301
2025-01-04T08:30:00+00:00,18441.75,18442.75,18439.75,18440.75,128
2025-01-04T08:31:00+00:00,18440.75,18441.5,18439.0,18439.0,129
2025-01-04T08:32:00+00:00,18439.0,18442.0,18438.25,18441.75,252
2025-01-04T08:33:00+00:00,18441.75,18443.75,18441.0,18443.25,143
2025-01-04T08:34:00+00:00,18443.25,18445.5,18442.5,18445.5,386
2025-01-04T08:35:00+00:00,18445.5,18445.75,18443.0,18443.5,432
2025-01-04T08:36:00+00:00,18443.5,18444.0,18440.25,18441.75,413
2025-01-04T08:37:00+00:00,18441.75,18442.0,18440.25,18440.75,70
2025-01-04T08:38:00+00:00,18440.75,18442.25,18439.5,18441.5,219
2025-01-04T08:39:00+00:00,18441.5,18442.75,18441.0,18441.25,295
2025-01-04T08:40:00+00:00,18441.25,18444.0,18440.5,18444.0,300
2025-01-04T08:41:00+00:00,18444.0,18447.75,18442.75,18446.25,415
2025-01-04T08:42:00+00:00,18446.25,18448.5,18444.75,18447.0,449
2025-01-04T08:43:00+00:00,18447.0,18449.0,18447.0,18448.75,105
2025-01-04T08:44:00+00:00,18448.75,18449.0,18448.0,18448.5,306
2025-01-04T08:45:00+00:00,18448.5,18448.5,18447.0,18448.25,474
2025-01-04T08:46:00+00:00,18448.25,18450.75,18447.0,18449.75,54
2025-01-04T08:47:00+00:00,18449.75,18452.0,18449.25,18451.5,298
2025-01-04T08:48:00+00:00,18451.5,18452.25,18450.5,18452.0,128
2025-01-04T08:49:00+00:00,18452.0,18452.25,18448.5,18449.0,442
2025-01-04T08:50:00+00:00,18449.0,18450.75,18448.75,18449.5,391
2025-01-04T08:51:00+00:00,18449.5,18450.25,18446.5,18447.75,450
2025-01-04T08:52:00+00:00,18447.75,18448.0,18445.75,18447.25,352
2025-01-04T08:53:00+00:00,18447.25,18447.5,18444.5,18444.5,117
2025-01-04T08:54:00+00:00,18444.5,18445.0,18442.5,18442.75,124
2025-01-04T08:55:00+00:00,18442.75,18443.75,18440.75,18441.0,96
2025-01-04T08:56:00+00:00,18441.0,18442.0,18440.0,18441.25,206
2025-01-04T08:57:00+00:00,18441.25,18441.5,18437.75,18438.25,268
2025-01-04T08:58:00+00:00,18438.25,18439.25,18435.5,18436.25,379
2025-01-04T08:59:00+00:00,18436.25,18436.5,18435.75,18436.5,236
2025-01-04T09:00:00+00:00,18436.5,18439.0,18435.75,18437.75,176
2025-01-04T09:01:00+00:00,18437.75,18438.0,18436.25,18436.25,50
2025-01-04T09:02:00+00:00,18436.25,18436.75,18435.75,18436.5,291
2025-01-04T09:03:00+00:00,18436.5,18437.25,18435.0,18435.25,179
2025-01-04T09:04:00+00:00,18435.25,18437.75,18434.75,18437.25,107
2025-01-04T09:05:00+00:00,18437.25,18438.5,18435.75,18436.75,444
2025-01-04T09:06:00+00:00,18436.75,18438.0,18435.5,18437.5,464
2025-01-04T09:07:00+00:00,18437.5,18439.25,18436.25,18439.0,191
2025-01-04T09:08:00+00:00,18439.0,18440.0,18439.0,18440.0,116
2025-01-04T09:09:00+00:00,18440.0,18440.0,18436.25,18437.25,385
2025-01-04T09:10:00+00:00,18437.25,18438.5,18435.5,18436.25,100
2025-01-04T09:11:00+00:00,18436.25,18437.25,18435.0,18436.75,292
2025-01-04T09:12:00+00:00,18436.75,18436.75,18435.5,18435.75,148
2025-01-04T09:13:00+00:00,18435.75,18439.0,18434.25,18437.5,483
2025-01-04T09:14:00+00:00,18437.5,18440.25,18436.75,18439.75,372
2025-01-04T09:15:00+00:00,18439.75,18440.5,18436.75,18436.75,297
2025-01-04T09:16:00+00:00,18436.75,18437.0,18434.0,18435.0,190
2025-01-04T09:17:00+00:00,18435.0,18435.5,18432.0,18432.0,339
2025-01-04T09:18:00+00:00,18432.0,18433.25,18430.25,18431.75,253
2025-01-04T09:19:00+00:00,18431.75,18432.0,18429.0,18429.75,434
2025-01-04T09:20:00+00:00,18429.75,18433.0,18428.25,18432.0,249
2025-01-04T09:21:00+00:00,18432.0,18434.0,18431.75,18433.75,51
2025-01-04T09:22:00+00:00,18433.75,18434.75,18431.75,18433.0,54
2025-01-04T09:23:00+00:00,18433.0,18436.25,18431.75,18435.25,418
2025-01-04T09:24:00+00:00,18435.25,18438.0,18433.75,18437.5,162
2025-01-04T09:25:00+00:00,18437.5,18439.75,18437.5,18438.75,137
2025-01-04T09:26:00+00:00,18438.75,18439.75,18437.5,18437.75,199
2025-01-04T09:27:00+00:00,18437.75,18438.25,18437.25,18437.5,188
2025-01-04T09:28:00+00:00,18437.5,18439.0,18437.0,18437.25,323
2025-01-04T09:29:00+00:00,18437.25,18438.5,18436.25,18436.75,373
2025-01-04T09:30:00+00:00,18436.75,18439.75,18436.75,18439.25,411
2025-01-04T09:31:00+00:00,18439.25,18442.75,18439.0,18441.5,259
2025-01-04T09:32:00+00:00,18441.5,18444.5,18441.5,18444.0,370
2025-01-04T09:33:00+00:00,18444.0,18444.5,18442.75,18444.25,193
2025-01-04T09:34:00+00:00,18444.25,18445.0,18443.25,18445.0,386
2025-01-04T09:35:00+00:00,18445.0,18446.25,18441.25,18442.5,402
2025-01-04T09:36:00+00:00,18442.5,18445.75,18441.25,18444.25,374
2025-01-04T09:37:00+00:00,18444.25,18445.75,18441.0,18441.75,162
2025-01-04T09:38:00+00:00,18441.75,18443.5,18440.75,18443.25,372
2025-01-04T09:39:00+00:00,18443.25,18444.0,18441.25,18441.5,423
2025-01-04T09:40:00+00:00,18441.5,18445.0,18441.25,18444.5,295
2025-01-04T09:41:00+00:00,18444.5,18445.25,18443.75,18445.0,144
2025-01-04T09:42:00+00:00,18445.0,18446.0,18443.5,18444.25,423
2025-01-04T09:43:00+00:00,18444.25,18445.0,18443.75,18445.0,133
2025-01-04T09:44:00+00:00,18445.0,18447.0,18444.0,18445.75,146
2025-01-04T09:45:00+00:00,18445.75,18445.75,18444.5,18445.25,175
2025-01-04T09:46:00+00:00,18445.25,18447.25,18444.0,18447.25,319
2025-01-04T09:47:00+00:00,18447.25,18448.25,18446.5,18446.5,243
2025-01-04T09:48:00+00:00,18446.5,18446.5,18443.25,18444.75,56
2025-01-04T09:49:00+00:00,18444.75,18445.0,18441.75,18442.0,444
2025-01-04T09:50:00+00:00,18442.0,18442.75,18440.75,18442.5,357
2025-01-04T09:51:00+00:00,18442.5,18444.0,18442.25,18442.25,327
2025-01-04T09:52:00+00:00,18442.25,18446.75,18441.0,18445.25,93
2025-01-04T09:53:00+00:00,18445.25,18446.0,18442.75,18444.25,338
2025-01-04T09:54:00+00:00,18444.25,18444.75,18441.75,18442.25,295
2025-01-04T09:55:00+00:00,18442.25,18442.25,18440.5,18441.5,404
2025-01-04T09:56:00+00:00,18441.5,18441.5,18438.75,18440.25,72
2025-01-04T09:57:00+00:00,18440.25,18440.75,18439.25,18440.75,478
2025-01-04T09:58:00+00:00,18440.75,18440.75,18438.75,18439.0,62
2025-01-04T09:59:00+00:00,18439.0,18440.75,18438.75,18440.0,230
2025-01-04T10:00:00+00:00,18440.0,18443.0,18438.75,18442.75,246
2025-01-04T10:01:00+00:00,18442.75,18443.5,18439.75,18440.0,106
2025-01-04T10:02:00+00:00,18440.0,18440.5,18438.5,18439.0,89
2025-01-04T10:03:00+00:00,18439.0,18441.5,18438.5,18441.5,93
2025-01-04T10:04:00+00:00,18441.5,18441.75,18440.5,18441.25,321
2025-01-04T10:05:00+00:00,18441.25,18442.5,18439.0,18439.75,126
2025-01-04T10:06:00+00:00,18439.75,18443.5,18438.25,18442.5,196
2025-01-04T10:07:00+00:00,18442.5,18443.0,18440.25,18441.0,388
2025-01-04T10:08:00+00:00,18441.0,18444.0,18439.75,18442.5,458
2025-01-04T10:09:00+00:00,18442.5,18444.0,18441.75,18442.0,448
2025-01-04T10:10:00+00:00,18442.0,18442.5,18439.0,18439.25,249
2025-01-04T10:11:00+00:00,18439.25,18442.75,18439.25,18441.25,107
2025-01-04T10:12:00+00:00,18441.25,18445.0,18440.75,18443.75,124
2025-01-04T10:13:00+00:00,18443.75,18444.5,18443.5,18444.25,442
2025-01-04T10:14:00+00:00,18444.25,18446.5,18443.5,18446.0,267
2025-01-04T10:15:00+00:00,18446.0,18449.0,18444.5,18448.0,375
2025-01-04T10:16:00+00:00,18448.0,18449.5,18445.25,18446.5,175
2025-01-04T10:17:00+00:00,18446.5,18449.25,18445.75,18448.25,325
2025-01-04T10:18:00+00:00,18448.25,18451.5,18447.25,18450.5,470
2025-01-04T10:19:00+00:00,18450.5,18451.5,18449.5,18451.5,416
2025-01-04T10:20:00+00:00,18451.5,18452.75,18449.75,18449.75,170
2025-01-04T10:21:00+00:00,18449.75,18450.0,18446.75,18448.25,58
2025-01-04T10:22:00+00:00,18448.25,18450.0,18448.25,18449.75,80
2025-01-04T10:23:00+00:00,18449.75,18452.75,18448.25,18451.25,493
2025-01-04T10:24:00+00:00,18451.25,18452.75,18451.0,18452.0,477
2025-01-04T10:25:00+00:00,18452.0,18454.5,18451.75,18454.25,473
2025-01-04T10:26:00+00:00,18454.25,18455.5,18453.0,18453.25,110
2025-01-04T10:27:00+00:00,18453.25,18454.0,18449.0,18450.25,63
2025-01-04T10:28:00+00:00,18450.25,18453.75,18450.25,18453.25,409
2025-01-04T10:29:00+00:00,18453.25,18454.0,18451.25,18452.75,354
2025-01-04T10:30:00+00:00,18452.75,18453.0,18451.5,18452.0,122
2025-01-04T10:31:00+00:00,18452.0,18452.0,18451.5,18451.5,341
2025-01-04T10:32:00+00:00,18451.5,18453.0,18449.5,18449.75,290
2025-01-04T10:33:00+00:00,18449.75,18451.0,18445.75,18446.75,407
2025-01-04T10:34:00+00:00,18446.75,18448.75,18445.5,18448.0,222
2025-01-04T10:35:00+00:00,18448.0,18448.5,18446.0,18446.0,129
2025-01-04T10:36:00+00:00,18446.0,18447.0,18444.25,18445.75,138
2025-01-04T10:37:00+00:00,18445.75,18445.75,18442.75,18443.5,476
2025-01-04T10:38:00+00:00,18443.5,18446.25,18442.25,18445.25,474
2025-01-04T10:39:00+00:00,18445.25,18447.75,18445.0,18446.5,266
2025-01-04T10:40:00+00:00,18446.5,18447.25,18445.5,18447.25,243
2025-01-04T10:41:00+00:00,18447.25,18448.0,18445.5,18446.5,78
2025-01-04T10:42:00+00:00,18446.5,18447.75,18445.0,18447.5,431
2025-01-04T10:43:00+00:00,18447.5,18449.0,18444.0,18445.25,289
2025-01-04T10:44:00+00:00,18445.25,18448.5,18444.0,18447.25,257
2025-01-04T10:45:00+00:00,18447.25,18447.25,18444.0,18445.5,240
2025-01-04T10:46:00+00:00,18445.5,18448.5,18445.0,18448.25,105
2025-01-04T10:47:00+00:00,18448.25,18448.75,18446.75,18447.75,448
2025-01-04T10:48:00+00:00,18447.75,18448.0,18445.75,18446.25,133
2025-01-04T10:49:00+00:00,18446.25,18446.25,18443.75,18444.0,355
2025-01-04T10:50:00+00:00,18444.0,18444.5,18443.0,18444.25,153
2025-01-04T10:51:00+00:00,18444.25,18444.5,18441.0,18441.5,93
2025-01-04T10:52:00+00:00,18441.5,18442.5,18437.5,18439.0,297
2025-01-04T10:53:00+00:00,18439.0,18439.5,18438.75,18438.75,208
2025-01-04T10:54:00+00:00,18438.75,18440.5,18438.25,18439.0,253
2025-01-04T10:55:00+00:00,18439.0,18439.5,18435.25,18436.75,250
2025-01-04T10:56:00+00:00,18436.75,18440.0,18435.5,18439.75,395
2025-01-04T10:57:00+00:00,18439.75,18441.0,18438.5,18440.25,307
2025-01-04T10:58:00+00:00,18440.25,18440.25,18438.75,18439.75,457
2025-01-04T10:59:00+00:00,18439.75,18442.5,18438.25,18441.5,486
2025-01-04T11:00:00+00:00,18441.5,18442.0,18441.25,18441.75,399
2025-01-04T11:01:00+00:00,18441.75,18443.0,18439.75,18439.75,417
2025-01-04T11:02:00+00:00,18439.75,18441.25,18437.5,18438.75,384
2025-01-04T11:03:00+00:00,18438.75,18439.75,18437.0,18438.0,423
2025-01-04T11:04:00+00:00,18438.0,18441.25,18436.5,18440.5,117
2025-01-04T11:05:00+00:00,18440.5,18442.5,18439.5,18442.0,488
2025-01-04T11:06:00+00:00,18442.0,18443.25,18438.75,18440.25,399
2025-01-04T11:07:00+00:00,18440.25,18440.5,18437.5,18438.5,360
2025-01-04T11:08:00+00:00,18438.5,18439.5,18436.75,18438.0,304
2025-01-04T11:09:00+00:00,18438.0,18438.25,18436.0,18437.5,495
2025-01-04T11:10:00+00:00,18437.5,18438.25,18436.25,18436.25,282
2025-01-04T11:11:00+00:00,18436.25,18436.75,18434.5,18434.75,84
2025-01-04T11:12:00+00:00,18434.75,18436.5,18434.75,18436.0,86
2025-01-04T11:13:00+00:00,18436.0,18437.25,18435.25,18436.75,181
2025-01-04T11:14:00+00:00,18436.75,18436.75,18433.75,18434.75,299
2025-01-04T11:15:00+00:00,18434.75,18436.5,18434.25,18435.0,255
2025-01-04T11:16:00+00:00,18435.0,18435.75,18432.75,18433.25,312
2025-01-04T11:17:00+00:00,18433.25,18436.25,18433.25,18435.75,399
2025-01-04T11:18:00+00:00,18435.75,18438.0,18434.5,18437.5,71
2025-01-04T11:19:00+00:00,18437.5,18438.75,18433.5,18435.0,175
2025-01-04T11:20:00+00:00,18435.0,18435.25,18430.5,18432.0,103
2025-01-04T11:21:00+00:00,18432.0,18433.5,18431.0,18433.25,254
2025-01-04T11:22:00+00:00,18433.25,18434.0,18431.25,18432.75,286
2025-01-04T11:23:00+00:00,18432.75,18433.25,18429.25,18430.0,289
2025-01-04T11:24:00+00:00,18430.0,18432.75,18430.0,18432.75,142
2025-01-04T11:25:00+00:00,18432.75,18433.5,18428.25,18429.75,271
2025-01-04T11:26:00+00:00,18429.75,18431.25,18429.75,18430.75,212
2025-01-04T11:27:00+00:00,18430.75,18432.5,18429.5,18432.25,429
2025-01-04T11:28:00+00:00,18432.25,18432.75,18429.5,18430.25,69
2025-01-04T11:29:00+00:00,18430.25,18431.0,18427.75,18428.0,377
2025-01-04T11:30:00+00:00,18428.0,18430.0,18428.0,18429.0,357
2025-01-04T11:31:00+00:00,18429.0,18430.5,18426.75,18427.25,454
2025-01-04T11:32:00+00:00,18427.25,18429.25,18427.25,18429.0,158
2025-01-04T11:33:00+00:00,18429.0,18429.75,18428.5,18429.25,375
2025-01-04T11:34:00+00:00,18429.25,18429.5,18428.5,18428.5,190
2025-01-04T11:35:00+00:00,18428.5,18429.0,18425.25,18426.75,414
2025-01-04T11:36:00+00:00,18426.75,18429.75,18426.5,18428.75,392
2025-01-04T11:37:00+00:00,18428.75,18430.25,18427.5,18427.5,97
2025-01-04T11:38:00+00:00,18427.5,18430.75,18427.0,18429.25,134
2025-01-04T11:39:00+00:00,18429.25,18431.0,18428.5,18430.25,293
2025-01-04T11:40:00+00:00,18430.25,18431.5,18427.25,18428.0,231
2025-01-04T11:41:00+00:00,18428.0,18432.5,18428.0,18431.0,337
2025-01-04T11:42:00+00:00,18431.0,18431.0,18427.25,18428.5,391
2025-01-04T11:43:00+00:00,18428.5,18429.0,18424.75,18426.0,471
2025-01-04T11:44:00+00:00,18426.0,18429.0,18425.75,18429.0,284
2025-01-04T11:45:00+00:00,18429.0,18431.25,18428.5,18429.75,108
2025-01-04T11:46:00+00:00,18429.75,18433.0,18428.75,18432.5,419
2025-01-04T11:47:00+00:00,18432.5,18434.25,18431.0,18432.75,114
2025-01-04T11:48:00+00:00,18432.75,18436.75,18431.75,18435.5,99
2025-01-04T11:49:00+00:00,18435.5,18436.75,18435.0,18435.25,265
2025-01-04T11:50:00+00:00,18435.25,18436.25,18431.5,18432.25,160
2025-01-04T11:51:00+00:00,18432.25,18432.5,18429.5,18430.75,345
2025-01-04T11:52:00+00:00,18430.75,18432.5,18430.25,18431.0,58
2025-01-04T11:53:00+00:00,18431.0,18433.25,18429.5,18432.25,494
2025-01-04T11:54:00+00:00,18432.25,18434.0,18431.5,18432.75,261
2025-01-04T11:55:00+00:00,18432.75,18435.0,18431.25,18434.5,327
2025-01-04T11:56:00+00:00,18434.5,18436.25,18434.25,18436.25,284
2025-01-04T11:57:00+00:00,18436.25,18438.25,18435.25,18438.0,354
2025-01-04T11:58:00+00:00,18438.0,18439.5,18437.5,18438.75,482
2025-01-04T11:59:00+00:00,18438.75,18442.75,18438.25,18441.5,409
2025-01-04T12:00:00+00:00,18441.5,18441.5,18437.5,18439.0,478
2025-01-04T12:01:00+00:00,18439.0,18440.25,18438.5,18438.5,365
2025-01-04T12:02:00+00:00,18438.5,18439.25,18435.5,18436.75,434
2025-01-04T12:03:00+00:00,18436.75,18438.0,18433.5,18434.25,307
2025-01-04T12:04:00+00:00,18434.25,18435.5,18431.25,18431.75,486
2025-01-04T12:05:00+00:00,18431.75,18432.0,18428.5,18430.0,282
2025-01-04T12:06:00+00:00,18430.0,18432.25,18429.75,18432.25,488
2025-01-04T12:07:00+00:00,18432.25,18432.75,18428.75,18430.25,287
2025-01-04T12:08:00+00:00,18430.25,18432.0,18429.75,18432.0,450
2025-01-04T12:09:00+00:00,18432.0,18433.5,18430.75,18433.0,185
2025-01-04T12:10:00+00:00,18433.0,18435.5,18432.75,18434.25,52
2025-01-04T12:11:00+00:00,18434.25,18434.25,18432.5,18432.5,128
2025-01-04T12:12:00+00:00,18432.5,18434.5,18432.25,18434.0,342
2025-01-04T12:13:00+00:00,18434.0,18435.0,18431.5,18432.25,148
2025-01-04T12:14:00+00:00,18432.25,18436.25,18432.25,18434.75,460
2025-01-04T12:15:00+00:00,18434.75,18437.5,18433.5,18437.25,249
2025-01-04T12:16:00+00:00,18437.25,18438.0,18433.75,18434.25,314
2025-01-04T12:17:00+00:00,18434.25,18435.25,18434.25,18435.0,413
2025-01-04T12:18:00+00:00,18435.0,18436.25,18433.25,18434.25,451
2025-01-04T12:19:00+00:00,18434.25,18437.5,18433.25,18436.0,131
2025-01-04T12:20:00+00:00,18436.0,18436.0,18434.5,18434.5,63
2025-01-04T12:21:00+00:00,18434.5,18435.75,18431.25,18432.75,353
2025-01-04T12:22:00+00:00,18432.75,18433.75,18430.75,18432.0,328
2025-01-04T12:23:00+00:00,18432.0,18432.5,18430.75,18432.5,425
2025-01-04T12:24:00+00:00,18432.5,18434.5,18431.25,18433.25,448
2025-01-04T12:25:00+00:00,18433.25,18433.5,18430.5,18431.75,163
2025-01-04T12:26:00+00:00,18431.75,18432.75,18429.0,18430.5,175
2025-01-04T12:27:00+00:00,18430.5,18435.0,18430.0,18433.5,387
2025-01-04T12:28:00+00:00,18433.5,18433.75,18433.25,18433.75,371
2025-01-04T12:29:00+00:00,18433.75,18433.75,18432.75,18433.5,355
2025-01-04T12:30:00+00:00,18433.5,18433.75,18432.5,18433.0,184
2025-01-04T12:31:00+00:00,18433.0,18433.0,18431.5,18432.25,482
2025-01-04T12:32:00+00:00,18432.25,18433.0,18430.75,18430.75,301
2025-01-04T12:33:00+00:00,18430.75,18431.0,18430.0,18431.0,370
2025-01-04T12:34:00+00:00,18431.0,18432.25,18429.75,18430.5,242
2025-01-04T12:35:00+00:00,18430.5,18433.5,18430.25,18432.0,142
2025-01-04T12:36:00+00:00,18432.0,18432.25,18429.5,18430.75,340
2025-01-04T12:37:00+00:00,18430.75,18430.75,18427.5,18428.0,227
2025-01-04T12:38:00+00:00,18428.0,18428.25,18425.0,18426.0,429
2025-01-04T12:39:00+00:00,18426.0,18426.25,18423.75,18424.75,65
2025-01-04T12:40:00+00:00,18424.75,18425.75,18421.5,18422.5,439
2025-01-04T12:41:00+00:00,18422.5,18424.0,18421.25,18421.75,108
2025-01-04T12:42:00+00:00,18421.75,18422.25,18420.5,18420.75,162
2025-01-04T12:43:00+00:00,18420.75,18421.25,18419.75,18420.25,296
2025-01-04T12:44:00+00:00,18420.25,18420.75,18418.0,18419.25,332
2025-01-04T12:45:00+00:00,18419.25,18422.75,18418.0,18422.0,464
2025-01-04T12:46:00+00:00,18422.0,18425.0,18421.25,18424.0,148
2025-01-04T12:47:00+00:00,18424.0,18424.25,18421.5,18422.75,483
2025-01-04T12:48:00+00:00,18422.75,18426.5,18422.75,18425.75,348
2025-01-04T12:49:00+00:00,18425.75,18428.5,18424.25,18428.25,155
2025-01-04T12:50:00+00:00,18428.25,18432.0,18427.5,18431.25,266
2025-01-04T12:51:00+00:00,18431.25,18435.25,18430.75,18433.75,368
2025-01-04T12:52:00+00:00,18433.75,18435.0,18433.5,18434.25,340
2025-01-04T12:53:00+00:00,18434.25,18437.0,18432.75,18435.75,82
2025-01-04T12:54:00+00:00,18435.75,18435.75,18432.75,18433.75,179
2025-01-04T12:55:00+00:00,18433.75,18436.75,18432.75,18436.25,473
2025-01-04T12:56:00+00:00,18436.25,18439.75,18436.25,18439.0,108
2025-01-04T12:57:00+00:00,18439.0,18440.5,18437.5,18439.75,145
2025-01-04T12:58:00+00:00,18439.75,18439.75,18438.0,18438.25,386
2025-01-04T12:59:00+00:00,18438.25,18440.0,18436.75,18439.75,210
2025-01-04T13:00:00+00:00,18439.75,18440.25,18438.0,18439.25,55
2025-01-04T13:01:00+00:00,18439.25,18442.5,18438.5,18442.25,340
2025-01-04T13:02:00+00:00,18442.25,18443.25,18440.75,18440.75,247
2025-01-04T13:03:00+00:00,18440.75,18441.75,18439.25,18439.5,102
2025-01-04T13:04:00+00:00,18439.5,18443.0,18438.5,18441.75,463
2025-01-04T13:05:00+00:00,18441.75,18442.75,18437.75,18439.0,265
2025-01-04T13:06:00+00:00,18439.0,18442.25,18437.5,18441.75,213
2025-01-04T13:07:00+00:00,18441.75,18441.75,18439.25,18440.75,302
2025-01-04T13:08:00+00:00,18440.75,18441.25,18438.0,18438.75,111
2025-01-04T13:09:00+00:00,18438.75,18439.5,18437.75,18439.25,217
2025-01-04T13:10:00+00:00,18439.25,18442.0,18438.25,18441.75,60
2025-01-04T13:11:00+00:00,18441.75,18443.0,18439.0,18440.5,488
2025-01-04T13:12:00+00:00,18440.5,18441.25,18437.5,18438.0,117
2025-01-04T13:13:00+00:00,18438.0,18439.0,18435.25,18436.25,70
2025-01-04T13:14:00+00:00,18436.25,18436.25,18434.0,18434.75,98
2025-01-04T13:15:00+00:00,18434.75,18437.0,18434.25,18436.5,435
2025-01-04T13:16:00+00:00,18436.5,18438.0,18435.5,18438.0,446
2025-01-04T13:17:00+00:00,18438.0,18440.5,18438.0,18439.5,251
2025-01-04T13:18:00+00:00,18439.5,18441.5,18438.0,18440.75,378
2025-01-04T13:19:00+00:00,18440.75,18442.25,18440.75,18441.25,64
2025-01-04T13:20:00+00:00,18441.25,18442.75,18440.25,18440.25,121
2025-01-04T13:21:00+00:00,18440.25,18442.25,18439.0,18440.75,420
2025-01-04T13:22:00+00:00,18440.75,18441.0,18439.0,18439.0,147
2025-01-04T13:23:00+00:00,18439.0,18443.5,18438.0,18442.0,52
2025-01-04T13:24:00+00:00,18442.0,18442.5,18437.5,18439.0,72
2025-01-04T13:25:00+00:00,18439.0,18439.5,18438.5,18438.5,185
2025-01-04T13:26:00+00:00,18438.5,18440.5,18437.25,18440.0,137
2025-01-04T13:27:00+00:00,18440.0,18440.75,18439.75,18440.75,213
2025-01-04T13:28:00+00:00,18440.75,18442.75,18440.0,18441.5,392
2025-01-04T13:29:00+00:00,18441.5,18442.5,18440.25,18441.0,388
2025-01-04T13:30:00+00:00,18441.0,18443.5,18439.5,18443.0,424
2025-01-04T13:31:00+00:00,18443.0,18443.0,18440.5,18441.0,442
2025-01-04T13:32:00+00:00,18441.0,18441.5,18438.75,18439.75,477
2025-01-04T13:33:00+00:00,18439.75,18441.0,18438.75,18438.75,88
2025-01-04T13:34:00+00:00,18438.75,18439.0,18436.75,18436.75,393
2025-01-04T13:35:00+00:00,18436.75,18439.25,18436.0,18437.75,146
2025-01-04T13:36:00+00:00,18437.75,18438.25,18435.5,18435.75,466
2025-01-04T13:37:00+00:00,18435.75,18439.75,18435.25,18438.25,412
2025-01-04T13:38:00+00:00,18438.25,18439.75,18435.25,18436.25,104
2025-01-04T13:39:00+00:00,18436.25,18436.75,18434.75,18435.5,281
2025-01-04T13:40:00+00:00,18435.5,18437.0,18432.25,18433.0,146
2025-01-04T13:41:00+00:00,18433.0,18434.25,18432.75,18433.5,401
2025-01-04T13:42:00+00:00,18433.5,18433.75,18431.5,18432.25,498
2025-01-04T13:43:00+00:00,18432.25,18432.5,18431.75,18431.75,285
2025-01-04T13:44:00+00:00,18431.75,18432.5,18431.0,18432.5,388
2025-01-04T13:45:00+00:00,18432.5,18435.25,18432.0,18434.75,110
2025-01-04T13:46:00+00:00,18434.75,18435.25,18431.75,18432.5,158
2025-01-04T13:47:00+00:00,18432.5,18434.25,18431.75,18433.25,310
2025-01-04T13:48:00+00:00,18433.25,18434.0,18431.25,18431.75,239
2025-01-04T13:49:00+00:00,18431.75,18433.0,18430.5,18431.25,424
2025-01-04T13:50:00+00:00,18431.25,18431.75,18429.25,18429.5,256
2025-01-04T13:51:00+00:00,18429.5,18431.25,18428.5,18430.25,302
2025-01-04T13:52:00+00:00,18430.25,18432.5,18429.0,18432.5,75
2025-01-04T13:53:00+00:00,18432.5,18432.5,18429.5,18429.75,108
2025-01-04T13:54:00+00:00,18429.75,18430.75,18429.0,18429.5,172
2025-01-04T13:55:00+00:00,18429.5,18430.0,18428.75,18429.0,367
2025-01-04T13:56:00+00:00,18429.0,18432.75,18428.25,18432.0,101
2025-01-04T13:57:00+00:00,18432.0,18433.75,18431.75,18433.0,137
2025-01-04T13:58:00+00:00,18433.0,18435.25,18432.5,18434.0,411
2025-01-04T13:59:00+00:00,18434.0,18437.75,18434.0,18436.5,98
2025-01-04T14:00:00+00:00,18436.5,18438.5,18436.0,18437.25,486
2025-01-04T14:01:00+00:00,18437.25,18437.5,18433.75,18434.25,398
2025-01-04T14:02:00+00:00,18434.25,18434.5,18433.25,18433.75,283
2025-01-04T14:03:00+00:00,18433.75,18435.0,18432.25,18433.0,269
2025-01-04T14:04:00+00:00,18433.0,18433.25,18431.0,18431.5,89
2025-01-04T14:05:00+00:00,18431.5,18432.5,18430.25,18430.75,292
2025-01-04T14:06:00+00:00,18430.75,18431.5,18426.75,18428.25,176
2025-01-04T14:07:00+00:00,18428.25,18428.25,18424.75,18426.25,58
2025-01-04T14:08:00+00:00,18426.25,18430.25,18426.0,18428.75,318
2025-01-04T14:09:00+00:00,18428.75,18430.25,18426.25,18426.5,446
2025-01-04T14:10:00+00:00,18426.5,18427.0,18424.5,18426.0,426
2025-01-04T14:11:00+00:00,18426.0,18428.25,18424.75,18427.5,229
2025-01-04T14:12:00+00:00,18427.5,18431.0,18426.75,18429.75,179
2025-01-04T14:13:00+00:00,18429.75,18431.25,18428.25,18431.25,230
2025-01-04T14:14:00+00:00,18431.25,18433.5,18429.75,18432.5,389
2025-01-04T14:15:00+00:00,18432.5,18435.0,18432.0,18435.0,401
2025-01-04T14:16:00+00:00,18435.0,18435.25,18432.0,18432.75,488
2025-01-04T14:17:00+00:00,18432.75,18433.25,18431.0,18431.75,65
2025-01-04T14:18:00+00:00,18431.75,18433.25,18431.5,18432.75,431
2025-01-04T14:19:00+00:00,18432.75,18433.5,18431.0,18432.25,105
2025-01-04T14:20:00+00:00,18432.25,18434.5,18432.0,18433.5,185
2025-01-04T14:21:00+00:00,18433.5,18436.75,18432.75,18436.25,351
2025-01-04T14:22:00+00:00,18436.25,18438.5,18436.0,18438.0,71
2025-01-04T14:23:00+00:00,18438.0,18442.0,18437.0,18440.5,112
2025-01-04T14:24:00+00:00,18440.5,18443.25,18439.0,18442.25,455
2025-01-04T14:25:00+00:00,18442.25,18443.75,18442.25,18443.75,305
2025-01-04T14:26:00+00:00,18443.75,18444.5,18439.75,18441.0,126
2025-01-04T14:27:00+00:00,18441.0,18444.25,18440.0,18443.25,390
2025-01-04T14:28:00+00:00,18443.25,18444.75,18442.75,18444.0,83
2025-01-04T14:29:00+00:00,18444.0,18444.75,18442.75,18442.75,161
2025-01-04T14:30:00+00:00,18442.75,18442.75,18440.75,18441.5,206
2025-01-04T14:31:00+00:00,18441.5,18442.25,18440.25,18441.75,477
2025-01-04T14:32:00+00:00,18441.75,18442.25,18441.25,18441.5,229
2025-01-04T14:33:00+00:00,18441.5,18441.5,18439.0,18440.25,188
2025-01-04T14:34:00+00:00,18440.25,18441.0,18438.5,18439.5,91
2025-01-04T14:35:00+00:00,18439.5,18439.5,18437.5,18438.25,231
2025-01-04T14:36:00+00:00,18438.25,18440.0,18437.5,18439.25,100
2025-01-04T14:37:00+00:00,18439.25,18441.5,18438.75,18440.5,138
2025-01-04T14:38:00+00:00,18440.5,18444.25,18440.0,18443.0,461
2025-01-04T14:39:00+00:00,18443.0,18444.25,18439.0,18440.5,152
2025-01-04T14:40:00+00:00,18440.5,18441.25,18438.25,18439.25,152
2025-01-04T14:41:00+00:00,18439.25,18440.5,18438.75,18440.5,340
2025-01-04T14:42:00+00:00,18440.5,18444.25,18440.25,18443.25,242
2025-01-04T14:43:00+00:00,18443.25,18443.5,18440.5,18441.5,276
2025-01-04T14:44:00+00:00,18441.5,18445.5,18440.25,18444.5,414
2025-01-04T14:45:00+00:00,18444.5,18446.5,18443.75,18446.0,288
2025-01-04T14:46:00+00:00,18446.0,18448.5,18446.0,18447.75,336
2025-01-04T14:47:00+00:00,18447.75,18448.0,18446.25,18448.0,121
2025-01-04T14:48:00+00:00,18448.0,18452.0,18447.75,18450.5,347
2025-01-04T14:49:00+00:00,18450.5,18453.0,18449.5,18452.75,328
2025-01-04T14:50:00+00:00,18452.75,18455.25,18451.25,18455.25,482
2025-01-04T14:51:00+00:00,18455.25,18456.0,18452.25,18453.5,53
2025-01-04T14:52:00+00:00,18453.5,18457.0,18453.5,18455.5,93
2025-01-04T14:53:00+00:00,18455.5,18457.25,18454.25,18455.75,104
2025-01-04T14:54:00+00:00,18455.75,18457.25,18453.75,18454.25,339
2025-01-04T14:55:00+00:00,18454.25,18457.75,18454.25,18456.25,112
2025-01-04T14:56:00+00:00,18456.25,18457.5,18453.0,18453.25,314
2025-01-04T14:57:00+00:00,18453.25,18454.25,18453.0,18454.0,395
2025-01-04T14:58:00+00:00,18454.0,18454.5,18450.0,18451.25,209
2025-01-04T14:59:00+00:00,18451.25,18452.75,18447.5,18448.25,369
2025-01-04T15:00:00+00:00,18448.25,18448.25,18445.25,18445.25,50
2025-01-04T15:01:00+00:00,18445.25,18446.25,18444.5,18444.5,176
2025-01-04T15:02:00+00:00,18444.5,18445.25,18443.5,18443.5,476
2025-01-04T15:03:00+00:00,18443.5,18446.5,18443.5,18445.75,112
2025-01-04T15:04:00+00:00,18445.75,18447.75,18445.5,18447.0,469
2025-01-04T15:05:00+00:00,18447.0,18449.5,18446.0,18448.0,398
2025-01-04T15:06:00+00:00,18448.0,18448.75,18445.75,18446.0,375
2025-01-04T15:07:00+00:00,18446.0,18446.25,18444.25,18445.75,431
2025-01-04T15:08:00+00:00,18445.75,18446.0,18442.0,18443.0,429
2025-01-04T15:09:00+00:00,18443.0,18443.75,18439.25,18440.0,198
2025-01-04T15:10:00+00:00,18440.0,18441.0,18438.0,18438.75,238
2025-01-04T15:11:00+00:00,18438.75,18442.25,18438.0,18441.5,407
2025-01-04T15:12:00+00:00,18441.5,18442.75,18440.0,18442.0,267
2025-01-04T15:13:00+00:00,18442.0,18442.5,18440.5,18441.25,111
2025-01-04T15:14:00+00:00,18441.25,18443.75,18440.25,18443.75,205
2025-01-04T15:15:00+00:00,18443.75,18444.0,18443.25,18444.0,121
2025-01-04T15:16:00+00:00,18444.0,18446.5,18444.0,18446.0,131
2025-01-04T15:17:00+00:00,18446.0,18446.5,18443.25,18444.5,318
2025-01-04T15:18:00+00:00,18444.5,18444.75,18441.5,18442.75,127
2025-01-04T15:19:00+00:00,18442.75,18445.0,18441.5,18444.25,489
2025-01-04T15:20:00+00:00,18444.25,18446.5,18442.75,18445.0,387
2025-01-04T15:21:00+00:00,18445.0,18446.25,18443.5,18446.25,380
2025-01-04T15:22:00+00:00,18446.25,18449.0,18445.25,18448.25,387
2025-01-04T15:23:00+00:00,18448.25,18449.25,18447.0,18449.0,215
2025-01-04T15:24:00+00:00,18449.0,18452.5,18448.0,18451.5,474
2025-01-04T15:25:00+00:00,18451.5,18451.5,18449.75,18449.75,486
2025-01-04T15:26:00+00:00,18449.75,18450.0,18446.75,18446.75,390
2025-01-04T15:27:00+00:00,18446.75,18448.5,18446.0,18447.25,215
2025-01-04T15:28:00+00:00,18447.25,18447.25,18446.0,18446.25,422
2025-01-04T15:29:00+00:00,18446.25,18448.0,18446.25,18448.0,363
2025-01-04T15:30:00+00:00,18448.0,18448.0,18445.25,18446.75,433
2025-01-04T15:31:00+00:00,18446.75,18448.75,18446.25,18447.25,360
2025-01-04T15:32:00+00:00,18447.25,18447.5,18444.0,18444.5,105
2025-01-04T15:33:00+00:00,18444.5,18448.25,18444.25,18447.5,376
2025-01-04T15:34:00+00:00,18447.5,18447.75,18444.5,18445.0,301
2025-01-04T15:35:00+00:00,18445.0,18447.25,18444.75,18447.0,429
2025-01-04T15:36:00+00:00,18447.0,18449.25,18446.0,18447.75,464
2025-01-04T15:37:00+00:00,18447.75,18448.75,18446.75,18446.75,372
2025-01-04T15:38:00+00:00,18446.75,18447.0,18444.0,18444.0,464
2025-01-04T15:39:00+00:00,18444.0,18444.5,18441.75,18443.25,258
2025-01-04T15:40:00+00:00,18443.25,18443.75,18440.5,18440.75,399
2025-01-04T15:41:00+00:00,18440.75,18444.0,18439.25,18443.75,156
2025-01-04T15:42:00+00:00,18443.75,18447.25,18443.25,18446.25,232
2025-01-04T15:43:00+00:00,18446.25,18447.75,18443.75,18443.75,274
2025-01-04T15:44:00+00:00,18443.75,18447.0,18443.75,18445.5,341
2025-01-04T15:45:00+00:00,18445.5,18447.0,18444.0,18445.0,202
2025-01-04T15:46:00+00:00,18445.0,18445.75,18444.25,18444.5,76
2025-01-04T15:47:00+00:00,18444.5,18447.0,18444.25,18447.0,470
2025-01-04T15:48:00+00:00,18447.0,18449.0,18445.75,18448.25,233
2025-01-04T15:49:00+00:00,18448.25,18448.75,18447.75,18447.75,323
2025-01-04T15:50:00+00:00,18447.75,18449.25,18444.25,18445.25,362
2025-01-04T15:51:00+00:00,18445.25,18448.25,18444.25,18447.5,79
2025-01-04T15:52:00+00:00,18447.5,18448.5,18444.5,18445.25,184
2025-01-04T15:53:00+00:00,18445.25,18445.25,18442.0,18442.5,265
2025-01-04T15:54:00+00:00,18442.5,18443.0,18439.75,18441.25,80
2025-01-04T15:55:00+00:00,18441.25,18442.25,18439.0,18440.5,425
2025-01-04T15:56:00+00:00,18440.5,18440.75,18438.25,18439.0,87
2025-01-04T15:57:00+00:00,18439.0,18439.5,18436.5,18436.5,263
2025-01-04T15:58:00+00:00,18436.5,18437.5,18433.25,18434.0,116
2025-01-04T15:59:00+00:00,18434.0,18434.0,18432.75,18432.75,304
2025-01-04T16:00:00+00:00,18432.75,18434.0,18430.0,18430.5,270
2025-01-04T16:01:00+00:00,18430.5,18434.0,18429.0,18432.5,498
2025-01-04T16:02:00+00:00,18432.5,18432.5,18431.5,18431.5,446
2025-01-04T16:03:00+00:00,18431.5,18433.75,18430.25,18432.5,427
2025-01-04T16:04:00+00:00,18432.5,18432.75,18431.75,18432.75,442
2025-01-04T16:05:00+00:00,18432.75,18433.5,18429.75,18431.0,268
2025-01-04T16:06:00+00:00,18431.0,18431.0,18428.0,18428.75,110
2025-01-04T16:07:00+00:00,18428.75,18431.75,18428.5,18431.25,225
2025-01-04T16:08:00+00:00,18431.25,18431.5,18429.25,18429.5,97
2025-01-04T16:09:00+00:00,18429.5,18429.75,18426.25,18427.0,432
2025-01-04T16:10:00+00:00,18427.0,18428.5,18424.75,18424.75,497
2025-01-04T16:11:00+00:00,18424.75,18426.25,18421.75,18421.75,89
2025-01-04T16:12:00+00:00,18421.75,18422.5,18421.25,18421.5,194
2025-01-04T16:13:00+00:00,18421.5,18422.25,18420.5,18421.75,385
2025-01-04T16:14:00+00:00,18421.75,18423.0,18420.75,18422.75,253
2025-01-04T16:15:00+00:00,18422.75,18424.0,18420.75,18420.75,89
2025-01-04T16:16:00+00:00,18420.75,18421.5,18418.25,18419.5,426
2025-01-04T16:17:00+00:00,18419.5,18420.25,18416.75,18418.0,204
2025-01-04T16:18:00+00:00,18418.0,18421.0,18416.75,18419.5,175
2025-01-04T16:19:00+00:00,18419.5,18422.25,18418.25,18421.75,327
2025-01-04T16:20:00+00:00,18421.75,18421.75,18419.0,18419.5,260
2025-01-04T16:21:00+00:00,18419.5,18423.0,18419.5,18422.5,154
2025-01-04T16:22:00+00:00,18422.5,18423.0,18420.5,18421.75,333
2025-01-04T16:23:00+00:00,18421.75,18422.25,18419.5,18420.75,467
2025-01-04T16:24:00+00:00,18420.75,18421.0,18418.75,18420.0,275
2025-01-04T16:25:00+00:00,18420.0,18422.75,18420.0,18422.75,305
2025-01-04T16:26:00+00:00,18422.75,18423.5,18421.75,18423.0,246
2025-01-04T16:27:00+00:00,18423.0,18423.0,18421.25,18421.75,487
2025-01-04T16:28:00+00:00,18421.75,18425.0,18421.75,18424.25,491
2025-01-04T16:29:00+00:00,18424.25,18426.75,18424.25,18426.0,164
